company_name,address,pincode,phone,email,website,contact_name,designation,company_description,domain_expertise,cyberpark_listing_url,source_url,it_relevance,developer_relevance,primary_technology_area,relevant_roles,priority,job_match_reason,email_angle,research_status,notes
Adam Finastra Private Limited.,"Unit 2E, 3rd Floor Sahya Building, Govt Cyberpark, Kozhikode, Kerala, India",673014,9447370787,hr@adamfinastra.tech,http://www.adamfinastra.com,Managing Director: Muhammed Faizal Chirakkal,"MD, CEO",Adam Finastra Private Limited,"Information technology consulting and support services Information technology design and development services Hosting and information technology infrastructure provisioning services Other information technology services nowhere else classified Other professional, technical and business services nowhere else classified",https://cyberparks.in/listings/adam-finastra-private-limited/,https://cyberparks.in/companies-at-park/,Medium,Medium,IT Consulting / IT Services,,Medium,"Technology-relevant match because Cyberpark lists IT Consulting and IT Services, though direct software-development activity is not clearly stated.",I’m interested in your stated work in IT Consulting and IT Services and its possible overlap with software development.,success,
Axel Technologies Pvt Ltd.,"2nd Floor, Sahya Building, Cyberpark Kozhikode.",,04952959900,contact@axeltechnologies.com,http://www.axeltechnologies.com,Afsal Nishad,"MD, CEO","Axel Technologies is an established technology consultant in enterprise business solutions and focuses on providing end to end software solutions to clients to operate their business in both mobile and web platforms. The company has vast experience in designing completely customised web-based, mobile-based, distributed or stand-alone software applications, which are created specifically with the requirements of specific industries like HVAC, Logistics and Facility Management and their workflow in mind.","Web Development, Mobile apps development, ERP management, Facilities Management, Field Service software.",https://cyberparks.in/listings/axel-technologies-pvt-ltd/,https://cyberparks.in/companies-at-park/,High,High,Web Development / Mobile Development / Software Development / Enterprise Software,"Full-Stack Developer, Web Developer, Frontend Developer, Backend Developer, Software Developer, Software Engineer, Mobile Developer",High,"Strong match because Cyberpark describes the company’s work as Web Development and Mobile Development and Software Development, which aligns with full-stack software development.",Your stated work in Web Development and Mobile Development and Software Development aligns closely with my full-stack software development experience.,success,
CodeAce IT Solutions LLP.,"UNIT 4B , 2nd Floor , Sahya Building",,9809901499,admin@codeace.com,https://www.codeace.com,"Managing Director: Jijin Mohan, Sarath Kumar, Mohan Kottur","MD, CEO","We are a team of creative and skilled marketing 'ninjas' with experience in search engine optimization, social media marketing and pay per click, and we are keen in High-Intent Lead Generation through our diversified advertising strategies","Search Engine Optimization, Search Engine Marketing, Social Media Marketing, Pay Per Click Advertising, Content Marketing, Email Marketing, ECom Marketing, Web Design and Development.",https://cyberparks.in/listings/codeace-it-solutions-llp/,https://cyberparks.in/companies-at-park/,Low,Low,Other,,Low,Cyberpark’s listing does not provide enough stated software-development activity to establish a strong match.,Cyberpark’s listing does not provide a specific software-development outreach angle.,success,
D4 Integrated Security Solutions LLP.,"Unit 5A, Ground Floor, Sahya Building",,"6235336669, 6235336679",info@dfoursec.com,http://www.dfoursec.com,Siyajar Parambath,"MD, CEO",Risk Assessment and Design Solutions,Security Systems,https://cyberparks.in/listings/d4-integrated-security-solutions-llp/,https://cyberparks.in/companies-at-park/,Low,Low,Other,,Low,Cyberpark’s listing does not provide enough stated software-development activity to establish a strong match.,Cyberpark’s listing does not provide a specific software-development outreach angle.,success,
Eljo Services Private Limited.,"Sahya Business Centre, Cyber Park, Kozhikode",,04952956538,michael@eljoservices.com,http://www.eljoservices.com,Shaju Jose,"MD, CEO",Remote Business Management Services for Western Companies,Management services,https://cyberparks.in/listings/eljo-services-private-limited/,https://cyberparks.in/companies-at-park/,Low,Low,Other,,Low,Cyberpark’s listing does not provide enough stated software-development activity to establish a strong match.,Cyberpark’s listing does not provide a specific software-development outreach angle.,success,
Freston Analytics Private Limited..,"Sahya Building, Cyberpark",673014,7025 992 051,hr@frestonanalytics.in,http://www.frestonanalytics.com,Muhammed Mukhtaar,"MD, CEO","Freston Analytics Private Limited. Founded in 2021, Freston is a fast- growing information Technology company focusing on high end systems and solutions elevating potentials. Innovation is what we are built on. Our services and business strategy are designed to provide flexibility and choice for the customers in implementing world class solutions.","Telecom, Finance, Healthcare, Education, Public Safety",https://cyberparks.in/listings/freston-analytics-private-limited/,https://cyberparks.in/companies-at-park/,Medium,Medium,Healthcare IT,,Medium,"Technology-relevant match because Cyberpark lists Healthcare IT, though direct software-development activity is not clearly stated.",I’m interested in your stated work in Healthcare IT and its possible overlap with software development.,success,
Gritstone Technologies LLP.,"1st and 3rd Floor, Sahya Building",673014,6238794744,Hr_communications@grit-stone.com,http://www.gritstonetech.com,Pankajakshi Maruthiat & Geetha Radhakrishnan,"MD, CEO","Gritstone Technologies is a product engineering firm where we turn proof-of-concepts into market-ready products and platforms and scale them to achieve value and business goals. We leverage our extreme engineering capability to build innovative offerings in the EdTech, HeathTech and FinTech space.","Engineering, Healthcare & Finance",https://cyberparks.in/listings/gritstone-technologies-llp/,https://cyberparks.in/companies-at-park/,Medium,Medium,FinTech / EdTech / Healthcare IT,,Medium,"Technology-relevant match because Cyberpark lists FinTech and EdTech and Healthcare IT, though direct software-development activity is not clearly stated.",I’m interested in your stated work in FinTech and EdTech and Healthcare IT and its possible overlap with software development.,success,
IPIX TECH SERVICES PVT LTD.,"IPIX TECH SERVICES PVT LTD KSITIL Special Economic Zone, Unit No. 03, 1st Floor, Sahya Building, Govt. Cyber Park, Nellikode (PO), Calicut, Kerala, India - 673016",673016,+91 9544 800 204,hr@ipixtechnologies.com,https://www.ipixtechnologies.com,"Raju Menon , Unnikrishnan E M , Kavitha Gopan -, Mahmood Bangara Abdul Rahiman","MD, CEO","IPIX Technologies is a part of a conglomerate of companies under the umbrella of the Kreston Menon Group , a prominent business advisory firm in the UAE. With Headquarters in Dubai, and offices in various parts of the UAE, the firm has been excelling in the software development as well as digital solutions field for over a decade. The company is also focusing more into AI, Big data and upcoming other technologies.","Enterprise Resource Planning, Governance Risk Management, Internal Audit Management, Learning Management System, HRMS, Time based Project Management System, Audit and Compliance software to create customized solutions to enable technology-driven sustainable growth of client's business. IPIX also provides an assortment of services in web and mobile application development together with web graphic design, user experience design, interface design, search engine optimization and related aspects of code-writing. With 3000+ clients, and an expert team of over 100+ highly qualified professionals from diverse technological and geographical backgrounds, they have made bold, giant strides in the digital world, and are a name to reckon with.",https://cyberparks.in/listings/ipix-tech-services-pvt-ltd/,https://cyberparks.in/companies-at-park/,High,High,Mobile Development / Software Development / Digital Solutions,"Software Developer, Software Engineer, Mobile Developer",High,"Strong match because Cyberpark describes the company’s work as Mobile Development and Software Development and Digital Solutions, which aligns with full-stack software development.",Your stated work in Mobile Development and Software Development and Digital Solutions aligns closely with my full-stack software development experience.,success,
Lenok Solutions.,Office No. 17 Cyberpark,673016,04952922447,mushthaq@lenoksolutions.com,http://www.lenoksolutions.com,Shabeer Abdul Quadar,"MD, CEO",,"Aviation software Microsoft Dynamics Business Intelligence, Microsoft PowerBI",https://cyberparks.in/listings/lenok-solutions/,https://cyberparks.in/companies-at-park/,Low,Low,Other,,Low,Cyberpark’s listing does not provide enough stated software-development activity to establish a strong match.,Cyberpark’s listing does not provide a specific software-development outreach angle.,success,
Logiology Solutions Pvt. Ltd..,"KSITIL Special Economic Zone, 1st floor, Sahya building, Govt Cyberpark Kozhikode Nellikode (PO) Calicut, Kerala, India Pincode : 673016",673008,6282683799,info@logiology.com,https://logiology.com/,Stino K James,"MD, CEO","Logiology Solutions creates custom software designed to streamline operations, boost efficiency, and drive growth across industries. Specializing in ERP, CRM, billing, and inventory solutions, we’re committed to delivering innovative technology and exceptional support, empowering businesses to achieve their goals","Enterprise Solutions, Web Design & Development, Custom Software Development, Mobile App Development, UI/UX Designing, Process Automation, Efficiency Tools, Business Software, Data Insights, Workflow Systems, Tech Empowerment",https://cyberparks.in/listings/infopeak/,https://cyberparks.in/companies-at-park/,High,High,Mobile Development / Software Development / Enterprise Software,"Software Developer, Software Engineer, Mobile Developer",High,"Strong match because Cyberpark describes the company’s work as Mobile Development and Software Development and Enterprise Software, which aligns with full-stack software development.",Your stated work in Mobile Development and Software Development and Enterprise Software aligns closely with my full-stack software development experience.,success,
LUZIA LAB LLP.,"Sahya Building, 3rd Floor",,9745824596,info@iluzialabs.com,http://www.iluzialabs.com,Noufal.P (CEO),"MD, CEO",Our aim is to enhance the whole learning system by the most excited and result-oriented Technological implementation.,Global Quality educational service,https://cyberparks.in/listings/luzia-lab-llp/,https://cyberparks.in/companies-at-park/,Low,Low,Other,,Low,Cyberpark’s listing does not provide enough stated software-development activity to establish a strong match.,Cyberpark’s listing does not provide a specific software-development outreach angle.,success,
Medaura Infotech PVT LTD.,"SBC Unit-12, Upper basement, Sahya Building, Government Cyber Park",673014,+91 9656706444,hr@medaura.io,https://medaura.io/,SALMANUL FARIS TM,"MD, CEO","Medaura is a healthcare technology solutions company focused on the development of integrated clinic and hospital management software. The company provides digital platforms that support clinical operations, patient records, administrative workflows, human resource management, billing, and analytics. Medaura combines healthcare domain expertise with technology-driven solutions to help healthcare providers improve operational efficiency, compliance, and quality of care.",Hospitals and Health Care,https://cyberparks.in/listings/medaura-infotech-pvt-ltd/,https://cyberparks.in/companies-at-park/,Medium,Medium,Healthcare IT,,Medium,"Technology-relevant match because Cyberpark lists Healthcare IT, though direct software-development activity is not clearly stated.",I’m interested in your stated work in Healthcare IT and its possible overlap with software development.,success,
MOJGENIE IT SOLUTIONS PRIVATE LIMITED.,"Unit No. 22/B1, Sahya Building",673014,8301991502,info@mojgenie.com,https://mojgenie.com,NOUFAL PANOLAN,"MD, CEO","Worked on the following apps – Payment service provider app, Cloud (server) management application, Online teaching and training application, Webrtc based video engine, VPN solutions, VoIP.","Laravel PHP, React, Veujs, React Native, Android, Swift, Objective C, Kotlin Server expertise – Container, AWS, GCP, DO, VPN, Linod",https://cyberparks.in/listings/mojgenie-it-solutions-private-limited/,https://cyberparks.in/companies-at-park/,Medium,Medium,Cloud/DevOps,,Medium,"Technology-relevant match because Cyberpark lists Cloud/DevOps, though direct software-development activity is not clearly stated.",I’m interested in your stated work in Cloud/DevOps and its possible overlap with software development.,success,
Pfactorial Technologies Pvt Ltd.,"B14 , Sahya Building, CYBERPARK, Nellikode, Kozhikode, Kerala",673014,9972867390,hr@pfactorial.ai,https://pfactorial.ai/,ARUN SAHADEV,"MD, CEO","Pfactorial Technologies specializes in end to end AI application development, transforming business needs into intelligent solutions through custom-built models. Our core services include data and business analytics, machine and deep learning, NLP, computer vision, generative AI, and interactive data visualization. Pfactorial developed AI driven apps for real time decision making, automation, personalization, and predictive insights helping businesses unlock the power of data.","Artificial Intelligence (AI), Machine Learning (ML), Data Science, Business Analytics, and AI Applications Development",https://cyberparks.in/listings/pfactorial-technologies-pvt-ltd/,https://cyberparks.in/companies-at-park/,High,High,Software Development / AI/ML,"Software Developer, Software Engineer",High,"Strong match because Cyberpark describes the company’s work as Software Development and AI/ML, which aligns with full-stack software development.",Your stated work in Software Development and AI/ML aligns closely with my full-stack software development experience.,success,
Sapling Creations Private Limited.,"Unit No 2c, 2nd floor, Sahya Building",673016,9400903663,hr@saplingcreations.com,https://saplingcreations.com/,Anand R Krishnan,"MD, CEO","Sapling creations is a software product development company providing UI/UX designs, Productivity add-ons, and SaaS applications. The company was founded in November 2017 with a simple mission that business deserves a better class of software. We are a team of consultants, designers, and software engineers who understand the customer's needs and build web applications that are highly intuitive and visually stunning. Our solutions are used by clients in over 70+ countries worldwide.","UI/UX Design, SaaS applications, Software Development",https://cyberparks.in/listings/sapling-creations-private-limited/,https://cyberparks.in/companies-at-park/,High,High,Web Development / Software Development / SaaS / Software Product,"Full-Stack Developer, Web Developer, Frontend Developer, Backend Developer, Software Developer, Software Engineer",High,"Strong match because Cyberpark describes the company’s work as Web Development and Software Development and SaaS, which aligns with full-stack software development.",Your stated work in Web Development and Software Development and SaaS aligns closely with my full-stack software development experience.,success,
Tigabits Technologies LLP.,"3rd Floor, Unit 2K, Sahya Building",,0495 2991811,hr@tigabits.com,http://www.tigabits.com,Muhammed Mubarek,"MD, CEO","Tigabits Technologies LLP is an India based leading technology service provider delivering comprehensive IT solutions for businesses across the globe. Since its inception in 2018, The Company is focused on developing E-commerce Solutions for start-ups, small and medium businesses and other enterprise level organizations. We have specialized team for Custom Software Development, Web Development, Mobile App Development, Digital Branding and other IT Outsourcing Services.","Ecommerce development, multi-vendor retail marketplace, on-demand delivery service marketplace, custom web and mobile app development",https://cyberparks.in/listings/tigabits-technologies-llp/,https://cyberparks.in/companies-at-park/,High,High,Web Development / Mobile Development / E-commerce / Software Development / Digital Solutions / IT Services,"Full-Stack Developer, Web Developer, Frontend Developer, Backend Developer, Software Developer, Software Engineer, Mobile Developer",High,"Strong match because Cyberpark describes the company’s work as Web Development and Mobile Development and E-commerce, which aligns with full-stack software development.",Your stated work in Web Development and Mobile Development and E-commerce aligns closely with my full-stack software development experience.,success,
VIKN CODES.,"Office No.11, UB- Sahya",673016,9577500400,info@vikncodes.com,http://www.vikncodes.com,Irshad KK Salmanul Faris Suhail K K Muhammed Shaheen K,"MD, CEO","Vikn codes is a software company with over three years of experience in the IT sector, providing services such as web development, software development and branding. We are a full service, digital agency, born to ensure the well being of your whole business. From Web and App development to ERP solution and tax auditing, we offer a full suite of marketing services. By combining people, creativity and technology, we help deliver the most innovative web solutions for businesses. No matter what service you choose. The idea behind our approach is always the same- To help you simplify the process of getting your dreams into reality.","App Development, Web designing, Graphic designing, Web development, ERP Solutions",https://cyberparks.in/listings/vikn-codes/,https://cyberparks.in/companies-at-park/,High,High,Web Development / Software Development / Enterprise Software,"Full-Stack Developer, Web Developer, Frontend Developer, Backend Developer, Software Developer, Software Engineer",High,"Strong match because Cyberpark describes the company’s work as Web Development and Software Development and Enterprise Software, which aligns with full-stack software development.",Your stated work in Web Development and Software Development and Enterprise Software aligns closely with my full-stack software development experience.,success,
Yarddiant Weblounge Pvt Ltd.,"Office No – 12, Sahya Building, Govt. Cyber Park, Calicut.",,+91 9895035143,hr@yarddiant.com,https://www.yarddiant.com,Prasoon Prahaladan,"MD, CEO",Web development company focusing on Wordpress CMS and Learning Management System.,Wordpress Development & Learning Management System (LMS),https://cyberparks.in/listings/yarddiant-weblounge-pvt-ltd/,https://cyberparks.in/companies-at-park/,High,High,Web Development,"Full-Stack Developer, Web Developer, Frontend Developer, Backend Developer",High,"Strong match because Cyberpark describes the company’s work as Web Development, which aligns with full-stack software development.",Your stated work in Web Development aligns closely with my full-stack software development experience.,success,
ZOONDIA.,"1st Floor, Sahya Building, Cyberpark, GA College",,9995612815,hr@zoondia.in,https://www.zoondia.com,Arun Sreedharan,"MD, CEO","ZOONDIA Established in 2008, Zoondia came about in order to fill a gap in the mobile, cloud and web applications market. Created to supply the demand for affordable and efficient development outsourcing solutions, Zoondia came about as a result of the pooling together of the top technological development talents of India. We have a large operations facility in Technopark, Trivandrum Kerala India but we also maintain offices in several parts of the US and Middle East. We take pride in our team of highly trained, committed, and talented professionals who come from a diverse set of backgrounds such as Open Source technologies computing and Java programming. Zoondia is a leading provider of technology solutions and custom software development, one who is dedicated to the development of customized, creative and affordable solutions that can meet the needs of our expanding clients. Through leveraging of our skills in the most advanced information technology, we are able to assist our clients in boosting productivity, efficiency and workflow. We consider ourselves as experts and innovators in the fields of mobile applications technology, cloud application development, custom software development, Web design architecture, Business Catalyst Development, Internet/Intranet application development, SEO building, e-Commerce, and graphic design. Our commitment to offering an exceptional experience to our clients is unmatched, delivered through a means of education and personal attention to detail. Our goal is to help our clients to enjoy the technology they use, and reap the benefits it can provide for their businesses’ profits and productivity. This level of commitment makes the Zoondia experience truly unique. These days, all too often we see IT companies offering solutions but nothing that goes beyond this basic service. Companies like these fix your software before moving on without carrying out a thorough analysis and understanding of what your company’s IT needs are. Here at Zoondia, we do things the right way. We take the time to get to know what it is you want, through understanding your business and the way it operates. This, together with our commitment to seeing your business thrive, is what sets us apart from the competition.","Web Development, Analytics & Big Data ,Internet of Things ,UX / UI Design,QA & Testing Cryptocurrency and Block chain, Software Consulting ,Cloud & Infrastructure ,Machine Learning ,AR/VR",https://cyberparks.in/listings/zoondia/,https://cyberparks.in/companies-at-park/,High,High,Web Development / Mobile Development / E-commerce / Software Development / AI/ML / Cloud/DevOps / IT Consulting,"Full-Stack Developer, Web Developer, Frontend Developer, Backend Developer, Software Developer, Software Engineer, Mobile Developer",High,"Strong match because Cyberpark describes the company’s work as Web Development and Mobile Development and E-commerce, which aligns with full-stack software development.",Your stated work in Web Development and Mobile Development and E-commerce aligns closely with my full-stack software development experience.,success,
ABANA Technology Private Limited.,"Office No. 10, Cyber Park, Special Economic Zone, Kozhikode",,9496591631.,Info.in@abana.com.sa,http://www.abanatechnology.com,Abdulmajeed Saleh N. Al Suhaibani,"MD, CEO",,"Software design/development, customization, implementation, maintenance, testing & benchmarking Consultancy services in the field of Information Technology Customized solution development Web-based applications",https://cyberparks.in/listings/abana-technology-private-limited/,https://cyberparks.in/companies-at-park/,Low,Low,Other,,Low,Cyberpark’s listing does not provide enough stated software-development activity to establish a strong match.,Cyberpark’s listing does not provide a specific software-development outreach angle.,success,
Acadeno Technologies Private Limited.,"Unit 19,Govt. Cyber Park, Sahya Building, Kozhikode,",673016,+91 4954 600 504 / +91 9895 600 504,hr@acadeno.com,http://www.acadeno.com,SRUTHI E GIREESHAN,"MD, CEO","Acadeno Technologies Private Limited is a software product development division headquartered within a Special Economic Zone (SEZ), purpose-built for research, development, and innovation in modern software technologies. We partner with businesses and brands to design, build, and scale intelligent digital solutions — including the seamless integration of AI capabilities into existing software products and platforms. From enterprise-grade applications to AI-native systems, Acadeno Technologies transforms complex technology challenges into competitive advantage, empowering organizations to operate smarter, grow faster, and lead with confidence in an increasingly digital world.","AI Solutions, RAG Knowledge Systems; Web App Development, Mobile App Development, Digital Marketing, IoT Solutions, Robotics & Automation, API & System Integration, AI Consulting & Training, Data Analytics & BI.",https://cyberparks.in/listings/acadeno-technologies-private-limited/,https://cyberparks.in/companies-at-park/,High,High,Mobile Development / AI/ML / Digital Solutions / Software Product,"Software Developer, Software Engineer, Mobile Developer",High,"Strong match because Cyberpark describes the company’s work as Mobile Development and AI/ML and Digital Solutions, which aligns with full-stack software development.",Your stated work in Mobile Development and AI/ML and Digital Solutions aligns closely with my full-stack software development experience.,success,
Analystor Technologies.,"3A, 3rd Floor, Sahya Building",,495-4025055,Hr_analystor@analystortech.com,http://www.analystortech.com,Saleem Muhammed ( CEO),"MD, CEO",,• Application Development • CRM solutions • Analytics and Reporting • Learning Solutions • Maintenance and Support • Mobile App Development • Process Management • SharePoint Solutions,https://cyberparks.in/listings/analystor-technologies/,https://cyberparks.in/companies-at-park/,High,High,Mobile Development / Software Development,"Software Developer, Software Engineer, Mobile Developer",High,"Strong match because Cyberpark describes the company’s work as Mobile Development and Software Development, which aligns with full-stack software development.",Your stated work in Mobile Development and Software Development aligns closely with my full-stack software development experience.,success,
Artifitia Solutions LLP.,Unit No. 26,673014,04953501156,info@artifitia.com,https://www.artifitia.com/,Noushad CK,"MD, CEO","Artifitia Solutions, one of the leading web development company in Calicut, with over 20 years of industry experience, has delivered some of the best solutions on the market. Our primary goal is to continue excelling in what we do best. We recognize that every project is one-of-a-kind, so we personalize our approach to each client. From the first idea to the final launch, we collaborate closely with our clients to bring their vision to life. Using the latest tools and technologies, we develop innovative applications that exceed industry standards and shine in today's competitive market","MERN STACK Development, Mobile app development, WordPress development, Python Django development , Flutter development, E-commerce development, UI/UX, Web Hosting , UI/UX Design",https://cyberparks.in/listings/artifitia-solutions-llp/,https://cyberparks.in/companies-at-park/,High,High,Web Development / Mobile Development / E-commerce,"Full-Stack Developer, Web Developer, Frontend Developer, Backend Developer, Mobile Developer",High,"Strong match because Cyberpark describes the company’s work as Web Development and Mobile Development and E-commerce, which aligns with full-stack software development.",Your stated work in Web Development and Mobile Development and E-commerce aligns closely with my full-stack software development experience.,success,
Aufait Technologies Pvt Ltd.,"SAHYA Building, CYBERPARK Kozhikode, 1st floor, Unit 4",673001,"+91 495 4077444 , +91 495 4012221",info@aufait.in,http://www.aufait.in,,,"Aufait is an Information Technology services company providing comprehensive, user oriented Portal implementation services. Aufait's expertise in UX design, advanced Workflow/Business Process Management (BPM), Mobility, Cloud and Enterprise 2.0 has helped companies achieve significant returns on investment through strategic portal infrastructure that enable organizations leverage collective intelligence of employees. Aufait persistently aims to exceed customer expectation by focusing on value-based solutions through right consultancy and teamed talent. Since 2003, Aufait has built an enviable reputation as an expert in Web & Enterprise portals, and BPM arena. With its specialized domain specific solutions for Airline, Manufacturing and Educational industries, coupled with technology partnerships with companies such as Intalio and Microsoft, Aufait is well equipped with the competence to cater to the best in industry quality solutions with innovative products and technologies. Aufait has served customers across the globe; staying focused on long term relationship and time bound delivery of projects with budget precision. This proven track record was instrumental in earning credibility and customer loyalty with repeat business. Aufait has delivered solutions for large International customers and has a towering presence in the Middle-East.","Sharepoint , Liferay , Oracle Web Center , Mobility",https://cyberparks.in/listings/aufait-technologies-pvt-ltd/,https://cyberparks.in/companies-at-park/,Medium,Medium,Cloud/DevOps / IT Services,,Medium,"Technology-relevant match because Cyberpark lists Cloud/DevOps and IT Services, though direct software-development activity is not clearly stated.",I’m interested in your stated work in Cloud/DevOps and IT Services and its possible overlap with software development.,success,
BPRACT.,"Unit 1A, 4th floor, SAHYA",673016,08129184448,hr@bpract.com,https://bpract.com,Dijil P,"MD, CEO","Bpract Software Solutions LLP “Success doesn't happen overnight!” The term 'Bpract' is the quintessence of 'being practical with best practices', and with this vision, Bpract has been growing fast ever since its inception in 2015, and within a short period of time, has attracted small to large brands, and holding a huge client base all over from the world. Bpract is a software product development company providing services for designing, development, and digital marketing services. Delivering high-quality projects to clients is our aim. And we provide the highest-caliber services to our customers. Our professional team of software engineers, designers and analysts develop and deploy applications effectively. We provide clients with quality works that are appealing and the best. Bpract Software Solutions LLP provides excellent services on a global scale and has worked with top tech companies in a range of industries. Due to our collaboration with top firms, our team has gained expertise in all levels of the IT industry. Our team gained experience from projects that were successfully completed for reputable businesses.","Laravel Application Development, Android Application Development, iOS Application Development, Web Portal and CMS Development, Custom Software Maintenance, Web and Cloud Applications, Mobile Strategy Consulting, CRM Solutions, UI/UX, Web Hosting, UI/UX Design and Enterprise Technology Automation, Search Engine Optimization, Search Engine Marketing, Social Media Marketing, Pay Per Click Advertising, Content Marketing & Email Marketing.",https://cyberparks.in/listings/bpract/,https://cyberparks.in/companies-at-park/,High,High,Software Development / Cloud/DevOps / Software Product,"Software Developer, Software Engineer",High,"Strong match because Cyberpark describes the company’s work as Software Development and Cloud/DevOps and Software Product, which aligns with full-stack software development.",Your stated work in Software Development and Cloud/DevOps and Software Product aligns closely with my full-stack software development experience.,success,
CADMUS ENGINEERING SERVICES PRIVATE LIMITED.,"Unit -4 GF, SAHYA BUILDING",,8792459575,hr@cadmussteel.com,http://www.cadmussteel.com,Mr. Sreejith Sukumaran,"MD, CEO","CADMUS - Specialize in the field of The AEC industry consists of separate players -- Architecture, Engineering and Construction. CADMUS is an experienced Steel Detailing Company providing the excellent and reliable Steel Detailing Services in USA for commercial, industrial, residential and other related space with the focus on matching the international standards. We provide services that gives flexibility and help to match the deadlines which keeps our clients in front for their every project. Our detailers and engineers have worked on several projects, worldwide, and are committed to the client’s success and on-time delivery of the project. A combination of experienced team of project manager, skilled detailers, and latest software system is the secret of our success to the Structural Steel Industry. Specialist engineering & architectural services & solutions company servicing clients across a range of engineering & architectural segments helping improve their engineering efficiency, support their global footprint and improve their competitiveness. Leveraging technology, domain knowledge, & our robust work planning methodology to ensure an effective global delivery model for engineering services projects, we have emerged as a partner-of-choice for leading international companies. We not only deliver drawings, but also provide a professional assessment, consultancy, suggestions and the desire to improve each project. We pride ourselves in our team of highly trained individuals with years of engineering experience.","Structural Steel Detailing, Engineering & Connection Design, Steel Joist & Deck Detailing, Estimating Services, Architecture Services, and Building Information Modeling",https://cyberparks.in/listings/rydberg-engineering-pvt-ltd/,https://cyberparks.in/companies-at-park/,Low,Low,Other,,Low,Cyberpark’s listing does not provide enough stated software-development activity to establish a strong match.,Cyberpark’s listing does not provide a specific software-development outreach angle.,success,
Coddle Technologies Private Limited.,"1st Floor No.17, Sahya Building, Cyberpark",,9972810600,hr@coddletech.com,http://www.coddletech.com,"Jose Baby, Binu Jayara","MD, CEO",Risk Assessment and Design Solutions,"Fintech, Real estate, Gaming, Oil & Gas, E-commerce, Data Science, and IOT",https://cyberparks.in/listings/coddle-technologies-private-limited-2/,https://cyberparks.in/companies-at-park/,High,High,E-commerce / FinTech,"Full-Stack Developer, Web Developer, Frontend Developer, Backend Developer",High,"Strong match because Cyberpark describes the company’s work as E-commerce and FinTech, which aligns with full-stack software development.",Your stated work in E-commerce and FinTech aligns closely with my full-stack software development experience.,success,
CODESAP TECHNOLOGIES LLP.,"Unit10, UB, Sahya Building, Govt Cyberpark",673014,+91 8139001113,hr@codesap.com,https://codesap.com/,Muhammed Rashid,"MD, CEO",,"Edutech Platforms, Enterprise Solutions, DevOps, Cloud/Web Application, Mobile Application, E-Commerce",https://cyberparks.in/listings/codesap-technologies-llp/,https://cyberparks.in/companies-at-park/,High,High,Web Development / Mobile Development / E-commerce / Cloud/DevOps / Enterprise Software,"Full-Stack Developer, Web Developer, Frontend Developer, Backend Developer, Mobile Developer",High,"Strong match because Cyberpark describes the company’s work as Web Development and Mobile Development and E-commerce, which aligns with full-stack software development.",Your stated work in Web Development and Mobile Development and E-commerce aligns closely with my full-stack software development experience.,success,
Codilar Technologies Pvt.Ltd.,"SBC Unit-8, First floor Sahya",,8884299112,hr@codilar.com,http://www.codilar.com,Mahaveer Devabalan,"MD, CEO",,Custom Magento development Magento migration Magento PWA development Magento performance optimisation Omnichannel Implementation B2B Commerce Multi-Vendor Marketplace UI/UX design eCommerce SEO & Analytics Developers for hire on a contract basis,https://cyberparks.in/listings/codilar-technologies-pvt-ltd/,https://cyberparks.in/companies-at-park/,High,High,E-commerce,"Full-Stack Developer, Web Developer, Frontend Developer, Backend Developer",High,"Strong match because Cyberpark describes the company’s work as E-commerce, which aligns with full-stack software development.",Your stated work in E-commerce aligns closely with my full-stack software development experience.,success,
CRONUS STEEL DETAILING PVT LTD.,"UB-18 SAHYA BUILDINGS, CYBERPARK",673014,9538819097,hrd@cronussteel.com,http://www.cronussteel.com,Mr. Vinayadas P Vijayan and Mr. Jayaghosh V Rajendran,"MD, CEO",,Structural Steel Detailing,https://cyberparks.in/listings/cronus-steel-detailing-pvt-ltd/,https://cyberparks.in/companies-at-park/,Low,Low,Other,,Low,Cyberpark’s listing does not provide enough stated software-development activity to establish a strong match.,Cyberpark’s listing does not provide a specific software-development outreach angle.,success,
Dezen Consultants International Pvt Ltd.,Sahya,673014,6282667955,admin@dezen.in,http://www.dezen.in,"Shaju Ramachandra Kurup, Ashkarali Manguzhiyil, Akhil Suresh S","MD, CEO",,,https://cyberparks.in/listings/dezen-consultants-international-pvt-ltd/,https://cyberparks.in/companies-at-park/,Low,Low,Other,,Low,Cyberpark’s listing does not provide enough stated software-development activity to establish a strong match.,Cyberpark’s listing does not provide a specific software-development outreach angle.,partial,Listing has contact detail but no company description or domain expertise.
Doctosmart.,"2J Third Floor, Sahya Building",,8547467231,doctosmart@gmail.com,http://www.doctosmart.com,"Charls Vinod Kumar,Bijeesh Raghavan,Pratheesh M","MD, CEO",Healthcare Management Software Firm,Clinic & Hospital Management Software,https://cyberparks.in/listings/healthcare-management-software-firm/,https://cyberparks.in/companies-at-park/,Medium,Medium,Healthcare IT,,Medium,"Technology-relevant match because Cyberpark lists Healthcare IT, though direct software-development activity is not clearly stated.",I’m interested in your stated work in Healthcare IT and its possible overlap with software development.,success,
EDUMPUS PORTAL LLP.,"4th Unit-2, Floor Sahya",673009,8714600294,hr@edumpus.com,http://www.edumpus.com,Ajesh Raj K,"MD, CEO",,,https://cyberparks.in/listings/edumpus-portal-llp/,https://cyberparks.in/companies-at-park/,Low,Low,Other,,Low,Cyberpark’s listing does not provide enough stated software-development activity to establish a strong match.,Cyberpark’s listing does not provide a specific software-development outreach angle.,partial,Listing has contact detail but no company description or domain expertise.
ERE BUSINESS SOLUTIONS PV LTD.,"Unit 2D, 2nd Floor, Sahya Bldg",,7356568444,hr@erebsindia.com,http://www.erebsindia.com,Jiss Anto,"MD, CEO",EBS Supported by a team of professionals including IT experts and business experts are available as consultant for customer requirements. We can help customer to make the right decisions and create a plan that is right for business. EBS have a wide range of specialized products available in all business vertical.,"We are in SAAS APPLICATIONS, which include specialized business Applications, Custom development, web applications, business consulting etc.",https://cyberparks.in/listings/ere-business-solutions-private-limited/,https://cyberparks.in/companies-at-park/,High,High,Web Development / SaaS,"Full-Stack Developer, Web Developer, Frontend Developer, Backend Developer",High,"Strong match because Cyberpark describes the company’s work as Web Development and SaaS, which aligns with full-stack software development.",Your stated work in Web Development and SaaS aligns closely with my full-stack software development experience.,success,
eSynergy Technologies Pvt Ltd.,"4th floor, Sahya Building, Govt Cyberpark",673016,,hr@esynergysoft.com,https://www.esynergysoft.com/,Romal Bachu Vallil,"MD, CEO","eSynergy Technologies Pvt Ltd From online school platforms - to AI-powered online design tools - to online content-sharing platforms & much more, we're committed to making your online experience as simple as possible, bringing together deep industry expertise and the latest IT advancements to deliver products that perfectly fit the needs and behavior of users. Being a trusted software development company in India, we employ industry’s best methodologies to deliver secure, robust, and scalable software for diversified domains","Online Course Creation & Selling Platforms, Learning Management System, Online Conversion SDK’s, Presentation Sharing Platforms",https://cyberparks.in/listings/esynergy-technologies-pvt-ltd/,https://cyberparks.in/companies-at-park/,High,High,Software Development / AI/ML,"Software Developer, Software Engineer",High,"Strong match because Cyberpark describes the company’s work as Software Development and AI/ML, which aligns with full-stack software development.",Your stated work in Software Development and AI/ML aligns closely with my full-stack software development experience.,success,
Fantacode Private Limited.,"Unit 2F, Sahya Building, Cyberpark",,0495-2965798,hr@fantacode.com,http://www.fantacode.com,Abdul Muhaymin,"MD, CEO",Fantacode is a premier product development studio with SAAS products in customer experience and e-commerce domain. Fantacode also empowers customers to craft custom-tailored solutions with the in house talents of experienced engineers handling all aspects of DevOps.,Enterprise SAAS in Customer Experience and Ecommerce SAAS,https://cyberparks.in/listings/fantacode-private-limited/,https://cyberparks.in/companies-at-park/,High,High,E-commerce / SaaS / Cloud/DevOps / Software Product,"Full-Stack Developer, Web Developer, Frontend Developer, Backend Developer, Software Developer, Software Engineer",High,"Strong match because Cyberpark describes the company’s work as E-commerce and SaaS and Cloud/DevOps, which aligns with full-stack software development.",Your stated work in E-commerce and SaaS and Cloud/DevOps aligns closely with my full-stack software development experience.,success,
GETLEAD ANALYTICS PVT LTD.,,,+916282900762,hr@getlead.co.uk,http://www.getlead.co.uk,Akhilkrishna T,"MD, CEO","GetLead helps Small and Medium businesses to automate their sales & marketing process by providing intuitive tools and makes their client communication simple and effective . Our Powerful CRM , SMS , Whatsapp , Voice , IVR and Ticketing tools helps businesses to achieve their Success Goals","CRM, Marketing Automation , Voice Calls , IVR , SMS , Whatsapp,Digital Scratch Card",https://cyberparks.in/listings/getlead-analytics-private-limited/,https://cyberparks.in/companies-at-park/,Low,Low,Other,,Low,Cyberpark’s listing does not provide enough stated software-development activity to establish a strong match.,Cyberpark’s listing does not provide a specific software-development outreach angle.,success,
GJ Global IT Ventures.,"Unit 31, Sahya Building",,8075727348,hr@gjglobalsoft.com,http://www.gjglobalsoft.com,Janakiraman R,"MD, CEO",,"FinTech, EdTech, ERP Software’s, Ecommerce",https://cyberparks.in/listings/gj-global-it-ventures/,https://cyberparks.in/companies-at-park/,High,High,E-commerce / FinTech / EdTech / Enterprise Software,"Full-Stack Developer, Web Developer, Frontend Developer, Backend Developer",High,"Strong match because Cyberpark describes the company’s work as E-commerce and FinTech and EdTech, which aligns with full-stack software development.",Your stated work in E-commerce and FinTech and EdTech aligns closely with my full-stack software development experience.,success,
Globit Business Solutions Private Limited.,"Unit-2G, Sahya Building",,+91 495 296 9768,calicut@gbsits.com,https://gbsits.com/,Hasna P K,"MD, CEO",A Professional Service company specialized in innovative IT Infrastructure Solutions.,Remote Infrastructure Management Services -IT Consulting Services -Professional Service for IT Infrastructure Solutions -Cyber Security Solutions and Services -IT Vendor and Contract Management -IT Project Management Services -IT Logistic Management Services,https://cyberparks.in/listings/rims-technologies-private-limited/,https://cyberparks.in/companies-at-park/,Medium,Medium,Cybersecurity / IT Consulting,,Medium,"Technology-relevant match because Cyberpark lists Cybersecurity and IT Consulting, though direct software-development activity is not clearly stated.",I’m interested in your stated work in Cybersecurity and IT Consulting and its possible overlap with software development.,success,
Infinite Open Source Solutions LLP ™.,"KSITIL Special Economic Zone, Unit No. 03, 2nd Floor, Sahya Building, Govt Cyber Park, Kozhikode, Kerala, India",,9544971055,hr@ioss.in,http://ioss.co,"Abdul Gafoor K V, Abdul Majeed P K, Ameen Islahi, Ashok KS, Pavanan Ghosh","MD, CEO","Infinite Open Source Solutions is a globally recognized software development company headquartered at Govt Cyber Park in Kozhikode, delivering innovative digital transformation solutions for businesses worldwide. With over 17+ years of industry expertise and a strong presence through 7 international offices, iOSS has established itself as one of the fastest-growing IT companies in Kerala and a trusted technology partner for startups, enterprises, and global organizations. Operating from the KSITIL Special Economic Zone at Govt Cyber Park, iOSS specializes in developing scalable, future-ready, and customized software solutions aligned to modern business needs. The company is widely recognized among the best software development companies in India and worldwide for its expertise in AI development, blockchain development, SaaS application development, custom software development, website development, and mobile application development. Since its inception in 2009, iOSS has successfully delivered technology solutions to more than 5000+ clients across multiple industries globally. The company combines technical excellence, strategic business insight, and strong project management capabilities to build high-performing digital products that drive operational efficiency, digital growth, and business success. With a dedicated team of experienced software engineers, technology consultants, SEO experts, UI/UX specialists, and business professionals, iOSS focuses on delivering secure, scalable, and innovative IT solutions aligned with evolving global market trends. Its expertise spans enterprise software development, cloud-based platforms, AI-powered business applications, blockchain ecosystems, SaaS products, eCommerce platforms, and advanced mobile technologies. What distinguishes iOSS in the global IT industry is its strong commitment to integrity, transparency, innovation, and long-term client relationships. By maintaining high standards in software engineering, digital strategy, and customer support, the company has earned a reputation as a reliable technology partner for ambitious startups, SMEs, and large international enterprises. The organization continues to expand its global footprint while delivering advanced, future-driven digital solutions to businesses around the world.",AI Development – Intelligent AI-powered business solutions. Blockchain Development – Secure and scalable blockchain software solutions. Custom Software Development – Custom-made software for unique business needs. SaaS Development – Cloud-based and scalable SaaS platforms. Website Development – Responsive and SEO-friendly websites. Mobile Application Development – Advanced Android and iOS applications.,https://cyberparks.in/listings/ios/,https://cyberparks.in/companies-at-park/,High,High,Mobile Development / E-commerce / Software Development / SaaS / AI/ML / Cloud/DevOps / Enterprise Software / Digital Solutions,"Full-Stack Developer, Web Developer, Frontend Developer, Backend Developer, Software Developer, Software Engineer, Mobile Developer",High,"Strong match because Cyberpark describes the company’s work as Mobile Development and E-commerce and Software Development, which aligns with full-stack software development.",Your stated work in Mobile Development and E-commerce and Software Development aligns closely with my full-stack software development experience.,success,
IOCOD INFOTECH PVT LTD.,"Ground Floor, Sahya Building",,9847153096,info@iocod.com,https://iocod.com/,Fasil KK,"MD, CEO","IOCOD is a combination of creative and youthful team members bringing out their unique ideas in the project solutions custom-moulded according to different clients. We welcome the power of change to create 360° value for our clients, people and communities by providing cutting edge services. Our success lies in bringing customer focus and simplicity to over-complicated financial markets. With a mission to diligently deliver on the promise of technology and human ingenuity, our vision is to introduce state of the art Fintech products that exceed expectations and deliver positive outcomes for our customers. We create cutting edge solutions for your Businesses using the most modern technologies. Our culture of innovation and service means we stay focused on delivering leading solutions.","Fintech , CRM & Laravel Based Applications",https://cyberparks.in/listings/iocod-infotech-pvt-ltd/,https://cyberparks.in/companies-at-park/,Medium,Medium,FinTech,,Medium,"Technology-relevant match because Cyberpark lists FinTech, though direct software-development activity is not clearly stated.",I’m interested in your stated work in FinTech and its possible overlap with software development.,success,
ioNob Innovations LLP.,"Unit 1A, Second Floor, Sahaya Building Govt. Cyber Park",673016,8714094648,hr@ionob.com,https://ionob.com,Mujthaba P,"MD, CEO","At ioNob Innovations LLP, we specialize in delivering industry-focused ERP solutions designed to streamline operations and boost efficiency. With proven expertise in the manpower supply and trading sectors, our ERP platforms are built to solve real-world challenges through automation, accuracy, and scalability. ERP for Manpower Supply :- Our manpower supply ERP system empowers organizations to manage their workforce with ease. From client & manual timesheet management to project and site monitoring, we provide complete visibility into operations. Features like designation and employee mobilization tracking, flexible official/raw/missing timesheet workflows, and automated billing & invoicing ensure seamless HR and financial management. ERP for Trading Industry :- For businesses in the trading sector,ioNob Innovations LLP offers ERP solutions that enhance inventory and stock control, simplify purchase & sales workflows, and strengthen client/vendor relationship management. Integrated modules cover the entire business cycle, including quotation, order, and delivery tracking, enabling smarter decision-making and faster turnaround times.","Website Development & Hosting – Scalable, secure, and responsive websites that represent your brand. Digital Marketing – SEO, social media management, and online advertising to maximize visibility and lead generation. E-commerce Development – Customized e-commerce platforms to drive online sales and customer engagement. Cloud-based Software Deployment – Fast, secure, and flexible cloud solutions to ensure business continuity and scalability.",https://cyberparks.in/listings/ionob-innovations-llp/,https://cyberparks.in/companies-at-park/,High,High,E-commerce / Cloud/DevOps / Enterprise Software,"Full-Stack Developer, Web Developer, Frontend Developer, Backend Developer",High,"Strong match because Cyberpark describes the company’s work as E-commerce and Cloud/DevOps and Enterprise Software, which aligns with full-stack software development.",Your stated work in E-commerce and Cloud/DevOps and Enterprise Software aligns closely with my full-stack software development experience.,success,
John & Smith Solutions Private Limited.,"Govt. Cyberpark Calicut, Kerala, 673 016",,+916282802686,hr@johnandsmithglobal.com,http://johnandsmithglobal.com,Dr Jobi Chacko,"MD, CEO","John & Smith Solutions Private Limited is the best choice for Computing and Information Technology Services, Consultancy and Development for Healthcare and Recruitment Agencies.We have varying products and Services depending on the size of your organisation.","John and Smith Solutions develops innovative software products for enterprises all over the world. Our core strength has always been finding key solutions to perennial industry problems through innovative and sustained research and development, thus separating John and Smith from its competitors.",https://cyberparks.in/listings/john-smith-solutions-llp/,https://cyberparks.in/companies-at-park/,High,High,Healthcare IT / IT Services / Software Product,"Software Developer, Software Engineer",High,"Strong match because Cyberpark describes the company’s work as Healthcare IT and IT Services and Software Product, which aligns with full-stack software development.",Your stated work in Healthcare IT and IT Services and Software Product aligns closely with my full-stack software development experience.,success,
Keype Systems Pvt Ltd.,,,7356771773,career@keype.com,http://www.keype.com,Firdous Amir,"MD, CEO",,"Healthcare Informatics, ERP Applications, Open Source Consulting, Data Centers & Infrastructure, Software Development.",https://cyberparks.in/listings/keype-systems-pvt-ltd/,https://cyberparks.in/companies-at-park/,High,High,Software Development / Healthcare IT / Enterprise Software,"Software Developer, Software Engineer",High,"Strong match because Cyberpark describes the company’s work as Software Development and Healthcare IT and Enterprise Software, which aligns with full-stack software development.",Your stated work in Software Development and Healthcare IT and Enterprise Software aligns closely with my full-stack software development experience.,success,
LeEYE-T Techno Hub LLP.,"Second Floor, Unit-1I, Sahya Building",,8606644255,hr@leeyet.com,http://www.leeyet.com,Shafeeque Parakulath,"MD, CEO","Driving Business Success through Innovative Technology Solutions: LeEYET Techno Hub In today's rapidly evolving business landscape, harnessing the power of technology is essential for organizations aiming to stay ahead of the competition. Enter LeEYET Techno Hub, a leading technology company committed to empowering businesses through innovative solutions and unparalleled expertise. With a rich history rooted in over 16 years of experience in hardware, networking, hosting, server technology, software development, and management, LeEYET Techno Hub has become a trusted partner for businesses across industries. The company's founder, Mr. Shafeeque Parakulath, envisioned a future where businesses could leverage cutting-edge technologies to drive growth, efficiency, and success. What sets LeEYET Techno Hub apart is its unwavering commitment to customer satisfaction. The company's team of skilled professionals possesses deep industry knowledge and expertise in cloud computing, artificial intelligence, internet of things, and blockchain technology. This allows LeEYET Techno Hub to create tailored solutions that address the unique challenges faced by its clients. Whether it's web and mobile development, software solutions, e-commerce platforms, or digital marketing strategies, LeEYET Techno Hub offers a comprehensive suite of services to transform businesses. By partnering with LeEYET Techno Hub, organizations can unlock new opportunities, streamline operations, enhance customer experiences, and drive revenue growth. With a collaborative approach, transparent communication, and a focus on building strong partnerships, LeEYET Techno Hub goes above and beyond to understand the goals and aspirations of its clients. This customer-centric approach has garnered the trust and loyalty of businesses across the globe. Embrace the digital revolution and experience the LeEYET Techno Hub difference. Together, we will shape a future where your business thrives in the digital world.","Data Engineering, Hosting and Software Development",https://cyberparks.in/listings/leeye-t-techno-hub-llp/,https://cyberparks.in/companies-at-park/,High,High,Mobile Development / E-commerce / Software Development / AI/ML / Cloud/DevOps,"Full-Stack Developer, Web Developer, Frontend Developer, Backend Developer, Software Developer, Software Engineer, Mobile Developer",High,"Strong match because Cyberpark describes the company’s work as Mobile Development and E-commerce and Software Development, which aligns with full-stack software development.",Your stated work in Mobile Development and E-commerce and Software Development aligns closely with my full-stack software development experience.,success,
Lilac Infotech Pvt. Ltd..,"2nd Floor, Sahya Building, Govt. Cyberpark",,9072982588,hr@lilacinfotech.com,https://www.lilacinfotech.com/,Muhammed Shafi PU,"MD, CEO","Lilac Infotech Pvt.Ltd. started as a team of two passionate young individuals on 20th September 2018 to create engaging experiences that turn our clients into trailblazers, traffic into customers, and goals into measurable fruition outcomes. Being the tech specialists, we create solutions that allow you to do it all easily and seamlessly. Our objective is to deliver high-value solutions that drive your business forward no matter where you are in your digital journey. As an emerging startup firm, Lilac Infotech Pvt.Ltd. is resolved to contribute quality IT solutions and services around the globe by uniting both advanced technology and proven talent in a cost-efficient manner. In view of an imaginative, astute methodology we plan to incorporate the advances and business procedures to meet the necessities. Focused on delivering Product Engineering Services and technology-driven Business Solutions, Lilac has partnered with leading technology providers in diverse areas and leverages our client’s domain expertise to improve and fortify our contributions. Lilac team strives to bring people and brands closer in refreshing and exciting ways. Our Innovation and Expertise are into App Development, Web Development, Quality Assurance, Digital Marketing, Enterprise Resource Planning and Data analytics. Rely on us to help you turn data into insights quicker, streamline your infrastructure faster, advance the application experience and get control of every attributes that touches your organization. Mission Endured customer contentment with inventive design and development to convey outstanding technology infrastructure, services, and solutions that advertise characterizing astounding arrangements that make esteem and solid upper hand for our consumers around the globe. Vision To implement an environment that demeanor IT Abundance wherein the services are ingenious and swank web development and software solutions in an impending era of technology.","Laravel Application Development, Android Application Development, iOS Application Development, Web Portal and CMS Development, Data Analytics, Quality Assurance on Software Verticals, Digital Marketing, ERP Solutions , Desktop Application , Custom Software Maintenance, Web and Cloud Applications, Mobile Strategy Consulting, CRM Solutions, UI/UX, Web Hosting , Email Services, Content Marketing, UI/UX Design and Enterprise Technology Automation",https://cyberparks.in/listings/lilac-infotech-pvt-ltd/,https://cyberparks.in/companies-at-park/,High,High,Web Development / Software Development / Cloud/DevOps / Enterprise Software,"Full-Stack Developer, Web Developer, Frontend Developer, Backend Developer, Software Developer, Software Engineer",High,"Strong match because Cyberpark describes the company’s work as Web Development and Software Development and Cloud/DevOps, which aligns with full-stack software development.",Your stated work in Web Development and Software Development and Cloud/DevOps aligns closely with my full-stack software development experience.,success,
Limenzy Technologies Pvt Ltd.,"Basement Floor, Sahya Building, Govt CyberPark, KSITIL SEZ, Nellikode PO, Kozhikode, Kerala, INDIA",673 016,+91 495 2600550,anjana@limenzy.com,http://www.limenzy.com,Vipin Anand V P,"MD, CEO","Limenzy Technologies is a leading software development company in India providing services in IT such as outsourcing of Web Development,Web Designing & Windows Application Development.We have been serving more than hundred clients in and outside India since 2008 .We are grounded in Calicut with two branches creating global online brands with many employees.Over the years, we have developed deep expertise of mastering skills and working hand-in-hand with clients to maximize the investment in their online business efforts.","PHP, IoT, Blockchain, IOS, Android, Open Source, Cloud, Big Data, Machine Learning",https://cyberparks.in/listings/limenzy-technologies-pvt-ltd/,https://cyberparks.in/companies-at-park/,High,High,Web Development / Software Development / AI/ML / Cloud/DevOps,"Full-Stack Developer, Web Developer, Frontend Developer, Backend Developer, Software Developer, Software Engineer",High,"Strong match because Cyberpark describes the company’s work as Web Development and Software Development and AI/ML, which aligns with full-stack software development.",Your stated work in Web Development and Software Development and AI/ML aligns closely with my full-stack software development experience.,success,
Lithos Technosoft Pvt Ltd.,"UB1, Sahya Building, Govt Cyberpark",673016,+91 495 3500 202,hr@lithostechnosoft.com,https://www.lithostechnosoft.com,"Mohamed Jafar,Vinaya Chandran, Fahad CK","MD, CEO","Lithos Technosoft Pvt Ltd Lithos Technosoft is a Retail SAAS company with more than 10 years of experience in the retail Tech space, specializing in Fintech, Point Of Sale & ERP Solutions, Application development, and IT Consultancy. We are committed to providing state-of-the-art solutions to ever-evolving retail businesses. Lithos Technosoft continues to evolve finding cutting-edge solutions to maximize ease of use stability security and efficiency.","SAAS, Retail Tech, Analytics, Fintech",https://cyberparks.in/listings/lithos-technosoft-pvt-ltd/,https://cyberparks.in/companies-at-park/,High,High,Software Development / SaaS / FinTech / Enterprise Software,"Software Developer, Software Engineer",High,"Strong match because Cyberpark describes the company’s work as Software Development and SaaS and FinTech, which aligns with full-stack software development.",Your stated work in Software Development and SaaS and FinTech aligns closely with my full-stack software development experience.,success,
Logiqdreams LLP.,"2nd Floor, Sahya Building, Cyberpark",673014,9037383816,hr@logiqdreams.com,http://www.logiqdreams.com,Muralidharan VC,"MD, CEO",We are an innovative technology company with interests in new technology design and development. Our core focus is to understand the client challenges and develop transformational technology that will enhance their business operations and also help to them to remain agile and lean.,"Software Development, Embedded Development, Hardware Design & Development and Animation.",https://cyberparks.in/listings/logiqdreams-llp/,https://cyberparks.in/companies-at-park/,High,High,Software Development,"Software Developer, Software Engineer",High,"Strong match because Cyberpark describes the company’s work as Software Development, which aligns with full-stack software development.",Your stated work in Software Development aligns closely with my full-stack software development experience.,success,
Loudchilli.,"Unit I B/68, 4th floor",,,hr@loudchilli.com,http://www.loudchilli.com,Masoud Mohamed (CEO),"MD, CEO","Loudchilli is a full-fledged IT Solutions and Digital Agency with a proven track record of providing premium bespoke technology solutions to help businesses embark on a journey of exceptional business growth and improved client satisfaction. Our area of expertise lies in providing our clients with top-notch digital requisites to help them launch, sustain and grow their business free of anxieties. Our exquisite range of services includes Web Services, Website Design, Enterprise Solutions, Mobile Application Development, Digital Marketing, Content Marketing, Social Media Marketing, and many more. Being the one-stop solution for all your digital needs, our services are tailor-made to meet the unique demands of our beloved clients.","Web Services, Website Design, Enterprise Solutions, Mobile Application Development, Digital Marketing, Content Marketing, Social Media Marketing, and many more.",https://cyberparks.in/listings/hexwhale-interactive-llp/,https://cyberparks.in/companies-at-park/,High,High,Mobile Development / Software Development / Enterprise Software,"Software Developer, Software Engineer, Mobile Developer",High,"Strong match because Cyberpark describes the company’s work as Mobile Development and Software Development and Enterprise Software, which aligns with full-stack software development.",Your stated work in Mobile Development and Software Development and Enterprise Software aligns closely with my full-stack software development experience.,success,
LRG INTERNATIONAL PRIVATE LIMITED.,"Unit15, UB, Sahya Building Govt CyberPark",673014,+91 9778698412,hr.ind@lulurayyangroup.com,https://lrg.international,MUTHUVATTUSSERRY KHALID,"MD, CEO",,"IT Strategies, IT Project Management, IT Audit, Software Testing ,Network Management",https://cyberparks.in/listings/lulurayyan-international-private-limited/,https://cyberparks.in/companies-at-park/,Low,Low,Other,,Low,Cyberpark’s listing does not provide enough stated software-development activity to establish a strong match.,Cyberpark’s listing does not provide a specific software-development outreach angle.,success,
M/S INTERNATIONAL TXG PRIVATE LIMITED.,"Unit No:6, GF, Sahya building, Government cyberpark",,+91 87147 79951,info@txglive.com,https://www.txglive.com,Managing Director: Mr. Raveendran Kunnummmal Veettil,"MD, CEO","M/S INTERNATIONAL TXG PRIVATE LIMITED Technical Xperts Group is an international technology resource provider with the strength of technical expertise and 10 years of experience. Technical Xperts Group (TXG) is a venture of experts in the field of engineering, design, communication and management who has created histories in building world’s best and renowned landmarks. TXG’s industry-leading collaboration that delivers human resource support, training, technical project design, consultation and support for VDC, global engineering, CAD services and coordinated BIM modelling. TXG is committed to deliver solutions and services for leading companies across the world. Our values and professionalism in creating world class support has its own benchmark. Our comprehensive and collaborated support increases efficiency and sustainability, improve operational performance, maximize profit value, and ensure seamless incorporation of future technologies. TXG support customer growth through our customized solutions and strategies, which help us to deliver commitments. The expertise of our team, along with a strong network, is the key to our success.","International Technology service provider in the field of Engineering, design, communication and management. We are one of the pioneers in the technology of digitalizing construction industry. Utilization of Artificial Intelligence in construction industry is one of our core areas of concentration.",https://cyberparks.in/listings/m-s-international-txg-private-limited/,https://cyberparks.in/companies-at-park/,Medium,Medium,AI/ML / IT Services,,Medium,"Technology-relevant match because Cyberpark lists AI/ML and IT Services, though direct software-development activity is not clearly stated.",I’m interested in your stated work in AI/ML and IT Services and its possible overlap with software development.,success,
M2H Infotech LLP.,"Ground Floor, Govt Cyber Park, Sahya Building",673014,8891213016,hr@m2hinfotech.com,http://m2hinfotech.com/,Haris PT,"MD, CEO","We are a software product company, based out in Kerala and UAE which mainly deals with UAE Central bank compliance products like Wages Protection System(WPS) and Fund Transfer system(FTS). Bank like United Arab Bank, Al Hilal Bank, AL Masraf Bank, SWYPE Prepaid Cards are prestigious customers using our Product.",Cloud Based Hr software Solutions: Officekit HR School Management Mobile App Wages Protection System Fund Transfer System,https://cyberparks.in/listings/m2h-infotech-llp/,https://cyberparks.in/companies-at-park/,High,High,Mobile Development / Software Development / Cloud/DevOps / Software Product,"Software Developer, Software Engineer, Mobile Developer",High,"Strong match because Cyberpark describes the company’s work as Mobile Development and Software Development and Cloud/DevOps, which aligns with full-stack software development.",Your stated work in Mobile Development and Software Development and Cloud/DevOps aligns closely with my full-stack software development experience.,success,
MECHANFO INTELLECT PVT. LTD..,"UNIT NO:16, UB, SAHYA BUILDING, Govt Cyberpark",673014,8139000256,hr@mechanfo.com,http://www.mechanfo.com,FARHAN E M,"MD, CEO","Mechanfo Intellect, we create a better world enriched with sophisticated technologies that are customized according to the future needs of the society. We intend to provide services in various technological and industrial sectors in order to phase out the orbit between the industrial trends and consumer aspects. In near future our objective is to establish an ever-nourishing community which tends to serve different facets of the future society along the length and breadth of the world.","Information & Technology,Robotics,Mechanical Engineering,Project Management",https://cyberparks.in/listings/mechanfo-intellect-pvt-ltd/,https://cyberparks.in/companies-at-park/,Low,Low,Other,,Low,Cyberpark’s listing does not provide enough stated software-development activity to establish a strong match.,Cyberpark’s listing does not provide a specific software-development outreach angle.,success,
MENTOR PERFORMANCE.,"SAHYA Building , ROOM 21, UB FLOOR",673014,9656223366,hr@mentorperformance.com,http://www.mentorperformance.com,SHIHABUDHEEN T,"MD, CEO",,"SUPPLY CHAIN MANAGEMENT , E R P SOLUTIONS WITH MOBILE APPLICATION",https://cyberparks.in/listings/mentor-performance-rating-pvt-ltd/,https://cyberparks.in/companies-at-park/,High,High,Mobile Development,Mobile Developer,High,"Strong match because Cyberpark describes the company’s work as Mobile Development, which aligns with full-stack software development.",Your stated work in Mobile Development aligns closely with my full-stack software development experience.,success,
MIDNAY Tech Private Limited.,"Sahya Building, Cyberpark",,8714142874,hr@midnay.com,https://midnay.com,Ajay,"MD, CEO","Founded in 2022, MIDNAY Tech Private Limited is a software product development company based in Calicut, Kerala. MIDNAY Tech Private Limited aspires to be an industry leader in high performance web applications, developing revolutionary web application suites and web experience platforms. We at MIDNAY Tech Private Limited believe everyone has freedom to create and with our sustainable service and support, we ensure their growth with scalable web platforms.",Web Performance Optimization Web Application Suites Web Experience Platforms,https://cyberparks.in/listings/sprintisle-digital-solutions-private-limited/,https://cyberparks.in/companies-at-park/,High,High,Web Development / Software Product,"Full-Stack Developer, Web Developer, Frontend Developer, Backend Developer, Software Developer, Software Engineer",High,"Strong match because Cyberpark describes the company’s work as Web Development and Software Product, which aligns with full-stack software development.",Your stated work in Web Development and Software Product aligns closely with my full-stack software development experience.,success,
MKM Info Solutions Pvt. Ltd..,"Unit 1H, 2nd Floor, Sahya Building",,+919846748437,hr@mkminfosolutions.com,http://www.mkminfosolutions.com,"MUNEER MELE KUNNATH , KARIKKADAN POYIL NISIYA","MD, CEO","MKM Info Solutions is a leading software, mobile application and web application development company serving clients all over the world. We were established in 2013 with a group of young professionals from various disciplines with a vision of providing business to cooperate, small business utilizing software and web based technologies. Our goal is to provide innovative software and IT solutions with quality and affordable price that satisfies customer evolving needs. Our Vision is to ""provide continuous value addition to our clients with the best and most innovative technologies by delivering excellent business solutions"". Our experienced and expert professionals having experience in various domains, enables individuals and organizations to realize their full potential on the internet, and is provided in a range of cost models. We have an ideal and proven capability for delivering cutting edge technologies and packaged software, network and web solutions to small and medium enterprises, public and corporate clients.","Software Development, Web Application Development, Mobile Application Development, Ecommerce Application Development, ERP Solutions, Desktop Applications, CRM Solutions etc.",https://cyberparks.in/listings/mkm-info-solutions-pvt-ltd/,https://cyberparks.in/companies-at-park/,High,High,Web Development / Mobile Development / E-commerce / Software Development / Enterprise Software,"Full-Stack Developer, Web Developer, Frontend Developer, Backend Developer, Software Developer, Software Engineer, Mobile Developer",High,"Strong match because Cyberpark describes the company’s work as Web Development and Mobile Development and E-commerce, which aligns with full-stack software development.",Your stated work in Web Development and Mobile Development and E-commerce aligns closely with my full-stack software development experience.,success,
MYM INFOTECH LLP.,"No:13, First Basement, Sahya Cyberpark",673016,7907285695,info@myminfotech.com,http://myminfotech.com,Mubashir P,"MD, CEO","MYM INFOTECH LLP Excellent Insight into the business A premier IT solutions and services provider, MYM Infotech was established by a highly-qualified and enthusiastic team of IT professionals. We are committed to providing cutting-edge ERP Software, GIS Application Development, Mobile App Development, Website Design and Development. Our offices in the Middle East constantly keep abreast of the latest technological trends, assuring our clients are always a step ahead. Through our world-class ERP solutions we enable global establishments across various business functions and industries with two major business mandates: effectively manage and enhance business functions, and efficiently stay-ahead in the competitive and ever-changing world market.",ERP Software,https://cyberparks.in/listings/mym-infotech-llp/,https://cyberparks.in/companies-at-park/,High,High,Mobile Development / Software Development / Enterprise Software,"Software Developer, Software Engineer, Mobile Developer",High,"Strong match because Cyberpark describes the company’s work as Mobile Development and Software Development and Enterprise Software, which aligns with full-stack software development.",Your stated work in Mobile Development and Software Development and Enterprise Software aligns closely with my full-stack software development experience.,success,
ODOX SOFT HUB LLP.,"2nd Floor, Sahya Govt CyberPark 167/A,GA College P.O",,+91 7510151792,info@odoxsofthub.com,http://www.odoxsofthub.com,Muhammad Shiyas,"MD, CEO","Odox SoftHub LLP is a leading provider of Odoo implementation and maintenance services based in Kozhikode. Our team of innovative and passionate developers is committed to pushing the boundaries of what’s possible with Odoo ERP. We offer a range of services including Odoo integration, migration, customization, training, and more. At Odox SoftHub LLP, we aim to innovate and optimize software solutions to enhance your business operations and support your growth. Our mission is to fuel your growth by delivering cutting-edge solutions that improve efficiency and drive success.","Odoo, Python. Django, Data Analytics",https://cyberparks.in/listings/odox-soft-hub-llp/,https://cyberparks.in/companies-at-park/,High,High,Software Development / Enterprise Software,"Software Developer, Software Engineer",High,"Strong match because Cyberpark describes the company’s work as Software Development and Enterprise Software, which aligns with full-stack software development.",Your stated work in Software Development and Enterprise Software aligns closely with my full-stack software development experience.,success,
ONTASH INDA TECHNOLOGIES Pvt Ltd.,"Ist Floor , Unit 15 , ""SAHYA"" Cyberpark Kozhikode (A Govt. of Kerala Undertaking) KSITIL Special Economic Zone, Nellikkode PO, Kozhikode",673 016,0495-2325399,nipton@ontash.net,http://www.ontash.net,CHARLES G THOMAS,"MD, CEO","Ontash was founded in 1993, when the world was just beginning to learn of the transformative power of the Internet. But even in the earliest years, it was apparent that access to unlimited amounts of data had no benefit, unless it was organized to reveal meaningful insights. With a progressive team of technologists, working out of offices in Guttenburg, NJ, Ontash has refined this ability to organize seemingly random bits of data in a variety of ways. Creating web-based platforms for branding, engaging, relationship building, buying and selling. Developing Cloud solutions, so that Fortune 500 companies can run their enterprises from desktop dashboards. Designing and developing native and hybrid mobile apps to drive retail traffic, educate, entertain and build customer relationships. Writing APIs that tame enormous government databases and reveal insights for marketing, customer service and revenue cycle decisions. Creating software for shipping companies, to automate logistics, saving time and money. Ontash currently employs 25 tech visionaries out of offices in New Jersey, India and Sri Lanka. But rather than focus exclusively on the “left brain” analytical side of technology, Ontash has also devoted considerable resources in “right brain” talent that adds a creative elements to all products and services. The objective: simple, user-friendly, well designed products that work.",Healthcare Solutions Enterprise Solutions Mobile Application Development Cloud Services,https://cyberparks.in/listings/ontash-inda-technologies-pvt-ltd/,https://cyberparks.in/companies-at-park/,High,High,Mobile Development / Software Development / Cloud/DevOps / Healthcare IT / Enterprise Software,"Software Developer, Software Engineer, Mobile Developer",High,"Strong match because Cyberpark describes the company’s work as Mobile Development and Software Development and Cloud/DevOps, which aligns with full-stack software development.",Your stated work in Mobile Development and Software Development and Cloud/DevOps aligns closely with my full-stack software development experience.,success,
Pixbit Solutions Pvt Ltd.,"Pixbit Solutions Pvt Ltd, Unit 4, 4th Floor, ""Sahya"", Govt. Cyberpark",673016,7560 933 933,contact@pixbitsolutions.com,http://pixbitsolutions.com,"Raisal U, Nidhin KC, Muhammed Shafi P","MD, CEO","Pixbit Solutions Pvt Ltd is guided by a team of experts with great passion for software design and development. We provides innovative and result oriented software design and development strategies to more than 100 clients from 15 countries. With vast experience in different type of technologies, our solutions consistently exceed the expectations of our clients, whether it’s a small to medium size, or large size organisations.",• iOS and Android mobile application design and development. • Web application design and development. • Laravel development. • Enterprise Applications Development. • E-Commerce solutions design and development. • Cloud computing and hosting. • Social media and digital marketing.,https://cyberparks.in/listings/pixbit-solutions-pvt-ltd/,https://cyberparks.in/companies-at-park/,High,High,Web Development / Mobile Development / E-commerce / Cloud/DevOps,"Full-Stack Developer, Web Developer, Frontend Developer, Backend Developer, Mobile Developer",High,"Strong match because Cyberpark describes the company’s work as Web Development and Mobile Development and E-commerce, which aligns with full-stack software development.",Your stated work in Web Development and Mobile Development and E-commerce aligns closely with my full-stack software development experience.,success,
Platinum Ace Backend Solutions LLP.,"B1, Sahya Building, KSITIL, Govt Cyber Park ,SEZ Unit , Nellikode (PO)",673016,9995408708,shinjith@pabsolutions.in,http://www.pabsolutions.in,,,,Accounting Service,https://cyberparks.in/listings/platinum-ace-backend-solutions-llp/,https://cyberparks.in/companies-at-park/,Low,Low,Other,,Low,Cyberpark’s listing does not provide enough stated software-development activity to establish a strong match.,Cyberpark’s listing does not provide a specific software-development outreach angle.,success,
Protected Harbor Technology Pvt Ltd.,"20, B1,Sahya",,9562893859,sajir@protectedharbor.com,http://www.protectedharbor.com,Fasif VP,"MD, CEO",,IT Support,https://cyberparks.in/listings/protected-harbor-private-limited/,https://cyberparks.in/companies-at-park/,Low,Low,Other,,Low,Cyberpark’s listing does not provide enough stated software-development activity to establish a strong match.,Cyberpark’s listing does not provide a specific software-development outreach angle.,success,
Soxo.,Sahya Building,,8089224005,hello@soxo.in,https://soxo.in/,Dr Mohammed Kasim,"MD, CEO","Founded in March 2021, Soxo set out itself to grow as a Product development company to build tech products in healthcare and for enterprise businesses . Started with a vision to bring structure to an organization by decluttering work chaos and automation to any redundant manual work , we have products that provide solutions to streamline hospitals , clinics , retails businesses etc. At Soxo , we try to Simplify your business and try to remove the work chaos by applying engineering to your everyday work.","Health Care , Accounting , Automation , Product Development",https://cyberparks.in/listings/soxo/,https://cyberparks.in/companies-at-park/,High,High,Healthcare IT / Software Product,"Software Developer, Software Engineer",High,"Strong match because Cyberpark describes the company’s work as Healthcare IT and Software Product, which aligns with full-stack software development.",Your stated work in Healthcare IT and Software Product aligns closely with my full-stack software development experience.,success,
Techlogica IT DT Solutions.,"2nd Floor, Sahiya Building",673014,7736213919,Hr@techlogica.com,http://www.techlogica.com,"Mr. Saleem Ammed, Mr. AMeer Kallil, Mr. Santo Puthoor (IT Director) and Mr. Nazir Ebrahim (HR Director","MD, CEO",Techlogica IT DT Solutions Techlogica comes with an in-depth knowledge and expertise in delivering an unrivaled portfolio of end to end ERP solutions and services that contribute business evolution and growth initiatives,"Microsoft, Linux, Android, Dot Net, Oracle, Microsoft .Net, Java, Node, Xamarin and Ignite",https://cyberparks.in/listings/techlogica-it-dt-solutions/,https://cyberparks.in/companies-at-park/,Medium,Medium,Enterprise Software,,Medium,"Technology-relevant match because Cyberpark lists Enterprise Software, though direct software-development activity is not clearly stated.",I’m interested in your stated work in Enterprise Software and its possible overlap with software development.,success,
Technaureus Info Solutions Pvt. Ltd..,"Unit 2E- 2nd Floor, SahyaBuilding, Cyberpark, Nellikkode",673016,+91 6282608085,hr@technaureus.com,http://www.technaureus.com,Jasad Moozhiyan,"MD, CEO","Technaureus Info Solutions Pvt. Ltd. is an ISO 9001:2015 Certified software development company and ERP Implementation partner provide the application suits to empower organizations to increase business performance at all levels. We started our journey with 8+ years of experienced professionals; Technaureus is now the front-line service provider of Odoo ERP, Web & Mobile Development, Branding etc. catering both domestic and international clients. We have 100+ satisfied clients across the globe and we have implemented Odoo services in different industries such as retail, production, healthcare, travel & tourism, education, hotel & restaurant, management & consultancy, manpower supply, information & telecommunication etc. We provide our services in any size of the industry such as small, medium and large companies and also in govt, semi govt, and private sectors. Our aim is to assure the highest quality products, total client satisfaction, timely delivery of applications, and the best quality products at affordable prices.","Business Consulting , Process Re-engineering , ERP Software Development & Implementation (Odoo, Flectra, ERPNext) , Software Development , Web Development , Mobile Development , Ecommerce Development , Branding & Digital Marketing",https://cyberparks.in/listings/technaureus-info-solutions-pvt-ltd/,https://cyberparks.in/companies-at-park/,High,High,Web Development / Mobile Development / E-commerce / Software Development / Healthcare IT / Enterprise Software,"Full-Stack Developer, Web Developer, Frontend Developer, Backend Developer, Software Developer, Software Engineer, Mobile Developer",High,"Strong match because Cyberpark describes the company’s work as Web Development and Mobile Development and E-commerce, which aligns with full-stack software development.",Your stated work in Web Development and Mobile Development and E-commerce aligns closely with my full-stack software development experience.,success,
TIMESWORLD MEDIA & TECHNOLOGY.,"Office 1, Ground Floor , Sahya Building, Cyberpark",673016,,careers@timesworld.com,http://www.timesworld.com,TOMY VARGHESE,"MD, CEO","TIMESWORLD MEDIA & TECHNOLOGY SOLUTIONS PVT LTD Started in 2005 in the name of WebSight Computer Systems, we have been taking ourselves through a time testing expedition for several years. Currently, we are a leading provider of data management, market research, analytics and business intelligence solutions. Our core services include Data research and analysis, Database management, New technology induction, identification of innovative pathways in business processes, market research, Integration & scaling of new methods into existing systems, anti-SPAM compliant digital marketing, programming in various technologies for web and mobile applications. We are pioneers in deploying Cognitive solutions on to existing systems to make them smarter and intelligent. We observe and remain keen on finding cost effective technology solutions that can improve business performance. Our team has successfully implemented several projects all over the Middle East. With an in-depth understanding of business processes, our consultants and technocrats have delivered prestigious results to several industry segments. We also have a data management and research team based out of our development centre in India.","Data research and analysis, Database management, New technology induction, identification of innovative pathways in business processes, market research, anti-SPAM and GDPR compliance consulting, programming for web and mobile applications.",https://cyberparks.in/listings/timesworld-media-and-technology-solutions-pvt-ltd/,https://cyberparks.in/companies-at-park/,High,High,Mobile Development,Mobile Developer,High,"Strong match because Cyberpark describes the company’s work as Mobile Development, which aligns with full-stack software development.",Your stated work in Mobile Development aligns closely with my full-stack software development experience.,success,
TURNIPSEED ACCOUNTING Pvt. Ltd..,"Unit 8 ,First Floor Sahya Building, Cyberpark Kozhikode.",,09886365308,sajith@flatworldaccounting.com,http://www.turnipseed.biz,SAJITH MANAYILL,"MD, CEO","Turnipseed Accounting Private limited is a subsidiary of Turnipseed International Inc., USA. We have been conducting business with our parent Company Turnipseed International, USA for about 20 years now. Turnipseed international has been associated with the US Construction industry for more than 40 years. Turnipseed International Supplies Wood Framing hardware for Large Commercial Buildings, Motels and Restaurants and is the primary supplier for Patio Railings for Chipotle Restaurants in the United States.","Back office ITES Operations, Bookkeeping, Engineering Estimation, Project Management and Technology Support Services.",https://cyberparks.in/listings/turnipseed-accounting-private-limited/,https://cyberparks.in/companies-at-park/,Low,Low,Other,,Low,Cyberpark’s listing does not provide enough stated software-development activity to establish a strong match.,Cyberpark’s listing does not provide a specific software-development outreach angle.,success,
VEUZ CONCEPTS PVT.LTD.,"Unit 6, Ground Floor, Sahya Building",,9544 33 1111,"hr@veuz.in , support@veuz.in",http://www.veuzconcepts.com,MOHAMMED NAVAB,"MD, CEO","Veuz Concepts is a global Information Technology company which provides technology solutions to our distinguished customers in India and Middle East since 2008, spanning a range of IT verticals. As a startup company in its early years, we were one of the few selected for the Government supported Startup Village in Cochin. We are powered with the best talent and most modern technologies for online and offline solutions that help businesses move forward, right from developing people friendly websites, intelligent software solutions & mobile applications, and branding solutions for small to large enterprises. To achieve success, Veuz Concepts adheres to the following set of goals with each client: • We listen to you. You know your customer best. • We utilize our years of experience to provide you with proven solutions. • We ensure future-proof design and functionality by using best-practice techniques. Times may change, but our service will stay sleek and relevant. Our Global Delivery Model provides for the best resources to be drawn from its vast talent pool across the globe to offer optimal solutions.","Application Development & Maintenance, Mobility Solutions, Business Services (Oracle ERP, Salesforce, Zoho), Digital Marketing, UI/UX, Web Hosting & Email Services (AWS, Google, Microsoft, Yahoo, Custom Solutions)",https://cyberparks.in/listings/veuz-concepts-pvt-ltd/,https://cyberparks.in/companies-at-park/,High,High,Mobile Development / Software Development / Enterprise Software,"Software Developer, Software Engineer, Mobile Developer",High,"Strong match because Cyberpark describes the company’s work as Mobile Development and Software Development and Enterprise Software, which aligns with full-stack software development.",Your stated work in Mobile Development and Software Development and Enterprise Software aligns closely with my full-stack software development experience.,success,
Vinam Solutions Pvt Ltd.,"Unit-5, IT Building, KSITIL Special Economic Zone, Government Cyber Park, Kozhikode, Kerala, India",673016,"+91 9745005454, +91 04952436700",info@vinamsolutions.com,http://www.vinam.in,Vinoop T,"MD, CEO","COMPANY PROFILE : Â A booming software development service provider with it's corporate office at Unit-5, IT building, Government Cyber Park, Kozhikode, Kerala, India and it's registered office at Hilite Business Park, Kozhikode, Kerala, India, Vinam Solutions is an all in one solution for your complete IT requirements.Established in the year 2013, the company has earned an admirable reputation in the IT & Marketing industry with its powerful growth aspects by acquiring some of the key projects in the shortest feasible period. Embraced with a team of amazing professionals who is keen on providing complete IT solutions under one roof, Vinam Solutions is now a highly recommended IT provider in the industry. Vinamâ€™s expansion has been extended to The United Kingdom by opening a new office in London, and it is also the parent firm of Luvia, one of the most seeked Global marketing agency in Digital Marketing. Vinam Solutions offers the clients the widest spectrum of services on development, maintenance and promotion of websites. Vinam has been able to make a name for itself and it was only possible because of its ability and commitments to ensure customer satisfaction by rewarding on time and accurate delivery. We are committed to prompt services to our clients and innovative developments.",Software Development ; Digital Marketing,https://cyberparks.in/listings/vinam-solutions-pvt-ltd/,https://cyberparks.in/companies-at-park/,High,High,Software Development,"Software Developer, Software Engineer",High,"Strong match because Cyberpark describes the company’s work as Software Development, which aligns with full-stack software development.",Your stated work in Software Development aligns closely with my full-stack software development experience.,success,
Wattlecorp Cybersecurity Labs LLP.,"Unit no 8, Sahya Building, UB",673014,+91 8289885662,info@wattlecorp.com,https://www.wattlecorp.com/,"Kalathil Karthik, Zuhair E","MD, CEO","Wattlecorp Cybersecurity Labs is a provider of Cybersecurity solutions, specializing in cutting-edge Cybersecurity solutions and services that help businesses become more Cyber resilient. If you require a quick security check-up, a comprehensive security assessment, or ongoing Cybersecurity support, Wattlecorp has the solution. We specialize in VAPT,Vulnerability assessment and penetration testing and believe that the bottom-line benefits of investing in Cybersecurity are that you get that customary assurance that you are approaching Cybersecurity in the right way, that you get that competitive advantage that you are doing the things that customers expect you to do, and that you are ultimately securing your business",Vulnerability Assessment and Penetration Testing Security Operation Center IT Risk Management Managed Security Security Information & Event Management,https://cyberparks.in/listings/wattlecorp-cybersecurity-labs-llp/,https://cyberparks.in/companies-at-park/,Medium,Medium,Cybersecurity,,Medium,"Technology-relevant match because Cyberpark lists Cybersecurity, though direct software-development activity is not clearly stated.",I’m interested in your stated work in Cybersecurity and its possible overlap with software development.,success,
Welkinwits technologies llp.,"3rd floor , Sahya building, Govt cyberpark",673016,9142859323,md@welkinwitstech.com,http://www.welkinwitstech.com,"MUHAMMED IRFAN VV, SUSHANTH JAYARAJ","MD, CEO",,"Software Development, Custom Business Solutions, Mobile Application Development , Web Application & Portals , Wits-Cloud Projects",https://cyberparks.in/listings/welkinwits-technologies-llp/,https://cyberparks.in/companies-at-park/,High,High,Web Development / Mobile Development / Software Development / Cloud/DevOps,"Full-Stack Developer, Web Developer, Frontend Developer, Backend Developer, Software Developer, Software Engineer, Mobile Developer",High,"Strong match because Cyberpark describes the company’s work as Web Development and Mobile Development and Software Development, which aligns with full-stack software development.",Your stated work in Web Development and Mobile Development and Software Development aligns closely with my full-stack software development experience.,success,
YouGotaGift Pvt Ltd.,"Unit-19, First floor, Sahya Building",,,careers-clt-ind+cyberpark@yougotagift.com,https://yougotagift.com,"Ashin K N, Husain K M","MD, CEO","YouGotaGift Pvt Ltd is the leading Digital Gift Card Company in the Middle East. Our digital gifting platform is used by individuals and businesses to celebrate, reward, motivate and show appreciation to friends, loved ones, employees, customers and business partners. Our business solution has also been adopted by major customer loyalty programs across leading telcos, banks, airlines delivering an unparalleled choice of rewards, a memorable customer service experience, and best-in-class technology tailored to partner needs. YouGotaGift is a well established product company, we take utmost importance on the technology stack we use, our goal is to run our products on proven latest technologies in its proper way. A few of our products: eGift API: A product being used by large-scale corporates like Uber, Etisalat, almost all of the banks in the middle east and many more. We have close to 300 large-scale corporate clients using this product. Rewards: A product being used by clients like Smart Dubai, iPsos, Nielsen ( Research Companies ) and more, we have close to 200 corporate clients in this product. MyRewards: A dedicated product for companies such as MasterCard. The product is being used to power the banks who have issued MasterCard Debit / Credit Cards. The transactions are huge, easily reaching a few millions in a day. We have many more well established private products being used by large-scale corporates . As part of our expansion plan, we have opened our Offshore development centre ( YouGotaGift Pvt Ltd ) in Calicut, Kerala, by providing the best in class facilities and benefits to our employees.","Digital gift card, Loyalty Rewards, Employee Rewards, Consumer Gifting. ( Python, Django, ReactJS, GraphQL, AWS )",https://cyberparks.in/listings/yougotagift-ltd/,https://cyberparks.in/companies-at-park/,Low,Low,Other,,Low,Cyberpark’s listing does not provide enough stated software-development activity to establish a strong match.,Cyberpark’s listing does not provide a specific software-development outreach angle.,success,
Zennode Technologies LLP.,"Unit 16, 1st Floor, Sahya Building, Govt. Cyberpark,",,8129005599,hr@zennode.com,https://www.zennode.com,Sajeer TK,"MD, CEO","ZenNode is a software product development company providing high-end WordPress extensions, themes and cloud-based applications to customers’ around the globe. Our team of efficient and experienced creative and engineering professionals are specialized in producing software to assist customers to operate their entire web presence smoothly. In each step of the development process, we use creative thinking, cutting-edge technologies and proven methodologies to ensure that the best is always given to the customers in terms of service and support, and thereby help the enterprise to meet an extensive growth rate.",Software Development,https://cyberparks.in/listings/zennode-technologies-llp/,https://cyberparks.in/companies-at-park/,High,High,Software Development / Cloud/DevOps / Software Product,"Software Developer, Software Engineer",High,"Strong match because Cyberpark describes the company’s work as Software Development and Cloud/DevOps and Software Product, which aligns with full-stack software development.",Your stated work in Software Development and Cloud/DevOps and Software Product aligns closely with my full-stack software development experience.,success,
Zinfog Codelabs Pvt Ltd.,"1st Floor, Sahya, Govt Cyberpark, KSITIL SEZ, Nellikode PO, Kozhikode, India - 673016",,9778965477,hr@zinfog.com,http://www.zinfog.com,"Abdul Basith,Vivek T","MD, CEO","Zinfog Codelabs is a technology expert working in association with a Global partner iTAG Technologies LLC, Dubai, UAE. We follow a systematic method of development and implementation that reflects quality at every stage. We give utmost importance to the end user satisfaction with prominence to long lasting customer relationship by providing optimum support to every client. Our aim is to work with our clients by embracing their products marketing and communication strategies to develop applications that convey their key concepts and values in a diverse and perfect manner.","Odoo Implementation and Customization, Cloud Backups, Open Source Web Application & Mobile Applications extending our hands to AI & ML",https://cyberparks.in/listings/zinfog-codelabs-pvt-ltd/,https://cyberparks.in/companies-at-park/,High,High,Web Development / Mobile Development / AI/ML / Cloud/DevOps,"Full-Stack Developer, Web Developer, Frontend Developer, Backend Developer, Mobile Developer",High,"Strong match because Cyberpark describes the company’s work as Web Development and Mobile Development and AI/ML, which aligns with full-stack software development.",Your stated work in Web Development and Mobile Development and AI/ML aligns closely with my full-stack software development experience.,success,
