id,company_name,location,ksum_url,website,sector,industry,technology,business_model,founders,target_relevance,target_reason
3,2HATS LOGIC SOLUTIONS PRIVATE LIMITED,"Ernakulam, Kerala",https://startups.startupmission.in/startups/pmJe8,https://www.2hatslogic.com/,IT/ITeS,Enterprise Applications,Web technologies,B2B | SaaS,Indrajith IV | Aneesh Sreedharan,High,Sector: IT/ITeS; Industry: Enterprise Applications; Technology: Web technologies
4,360MARKETING SCHOOL PRIVATE LIMITED,"Malappuram, Kerala",https://startups.startupmission.in/startups/8n66W,https://360marketing.school/,Education,EdTech,AI / ML | Mobile Apps | Web technologies,B2B | B2C,AFTHAB RAHMAN,High,Industry: EdTech; Technology: AI / ML | Mobile Apps | Web technologies
9,4CHAMPZ INNOVATIVE PRIVATE LIMITED,"Kollam, Kerala",https://startups.startupmission.in/startups/8L515,https://4champz.com/,Other,Other,Mobile Apps | AI / ML,B2B | B2C | Platform,ASHIK K | KOMALAN V,Medium,Technology: Mobile Apps | AI / ML
10,60PLUS VENTURES PRIVATE LIMITED,"Ernakulam, Kerala",https://startups.startupmission.in/startups/8qPWE,http://www.seniorshive.com/,Education,EdTech,Mobile Apps,B2C | Platform,SIVAKUMARAN NAIR MADHAV | MADHAVANNAIR SUMATHY,High,Industry: EdTech; Technology: Mobile Apps
11,70mm Media Village LLP,"Ernakulam, Kerala",https://startups.startupmission.in/startups/Z2znV,https://70mm.xyz/,Media and Entertainment,AdTech,Mobile Apps,B2B,Ajith Kunhunni | Elayi Shibina,Medium,Industry: AdTech; Technology: Mobile Apps
12,A I N MED-FARM PRIVATE LIMITED,"Wayanad, Kerala",https://startups.startupmission.in/startups/Z1VWb,https://ainmedfarm.my.canva.site/a-i-n-med-farm-pvt-ltd,Education | Agriculture and Life Sciences | Healthcare,EdTech | Agri Tech | Healthcare IT | Pharma,Augmented Reality (AR) | AI / ML | Virtual Reality (VR) | Robotics | Internet of Things (IoT) | Security & Surveillance Technology | Sensors | Web technologies | Biotechnology | Nanotechnology,B2G | B2C | D2C | B2B,Cherukuri Ambica | Dr Syed ilias Basha,High,Industry: EdTech | Agri Tech | Healthcare IT | Pharma; Technology: Augmented Reality (AR) | AI / ML | Virtual Reality (VR) | Robotics | Internet of Things (IoT) | Security & Surveillance Technology | Sensors | Web technologies | Biotechnology | Nanotechnology
15,A&J Creative Solutions,"Wayanad, Kerala",https://startups.startupmission.in/startups/0JRGy,https://www.aandjcreativesolutions.com,IT/ITeS,Enterprise Applications,Mobile Apps | AI / ML,B2C | Freemium,Ansar Thajudeen | K.J.Jithesh,High,Sector: IT/ITeS; Industry: Enterprise Applications; Technology: Mobile Apps | AI / ML
16,A2Z ALPHABETSOLUTIONZ PRIVATE LIMITED,"Thiruvananthapuram, Kerala",https://startups.startupmission.in/startups/py61O,https://a2zalphabetsolutionz.com/,IT/ITeS,Enterprise Infrastructure,Web technologies | Mobile Apps,B2B,SHAFIK SAHIB MEERA | NIDHU SHAHEED SHAREEFA,High,Sector: IT/ITeS; Industry: Enterprise Infrastructure; Technology: Web technologies | Mobile Apps
19,AAA SOFTWARE SOLUTION PRIVATE LIMITED,"Thiruvananthapuram, Kerala",https://startups.startupmission.in/startups/8R5jp,https://aaasoftwaresolution.com/,IT/ITeS,Enterprise Applications,Web technologies,B2B,,High,Sector: IT/ITeS; Industry: Enterprise Applications; Technology: Web technologies
21,AALMAAV VENTURES PRIVATE LIMITED,"Ernakulam, Kerala",https://startups.startupmission.in/startups/plnRO,https://www.adamsdoc.in/,Healthcare,Healthcare IT,AI / ML | Big data | Mobile Apps,B2C | Marketplace | Platform,ANSON JOSEPH | AIVIN ALEX PHILIP,High,Industry: Healthcare IT; Technology: AI / ML | Big data | Mobile Apps
22,AAM HEALTH NEEDS PRIVATE LIMITED,"Thrissur, Kerala",https://startups.startupmission.in/startups/ZNNnN,https://www.aamhealth.com/,Healthcare,Healthcare IT,Internet of Things (IoT) | AI / ML | Mobile Apps,Platform | B2C | Freemium,Hafid Haneefa,High,Industry: Healthcare IT; Technology: Internet of Things (IoT) | AI / ML | Mobile Apps
24,AARAFLOW PRIVATE LIMITED,"Thiruvananthapuram, Kerala",https://startups.startupmission.in/startups/pyjAg,https://www.aaraflow.com/,IT/ITeS,Enterprise Applications,Web technologies | AI / ML,B2C | B2B,Partha Sankar R P S | Gowtham T P,High,Sector: IT/ITeS; Industry: Enterprise Applications; Technology: Web technologies | AI / ML
28,Aasayaa Media Soultions,"Thiruvananthapuram, Kerala",https://startups.startupmission.in/startups/ZOmmb,https://aasayaa.com/,Media and Entertainment,AdTech,Web technologies,B2B,,Medium,Industry: AdTech; Technology: Web technologies
29,AASK EDUTECH PRIVATE LIMITED,"Ernakulam, Kerala",https://startups.startupmission.in/startups/0w1G8,https://aask.training,Education,EdTech,Web technologies,B2B | B2C,,High,Industry: EdTech; Technology: Web technologies
31,AAYACARE PRIVATE LIMITED,"Malappuram, Kerala",https://startups.startupmission.in/startups/pzgWV,https://aayacare.com,Healthcare,Healthcare IT,Mobile Apps,B2C | Platform,VAISHNAV CHEMBAKAN | ARUN SATHYAN,High,Industry: Healthcare IT; Technology: Mobile Apps
36,ABIBIN ACADEMY LLP,"Kozhikode, Kerala",https://startups.startupmission.in/startups/Z1VoA,https://www.abibinacademy.com,IT/ITeS,Enterprise Applications,AI / ML | Big data | Web technologies,D2C | B2B | Freemium,THALAKKALA VALAPPIL JASNA | SNEJA BINOY,High,Sector: IT/ITeS; Industry: Enterprise Applications; Technology: AI / ML | Big data | Web technologies
37,ABIX GLOBAL PRIVATE LIMITED,"Kozhikode, Kerala",https://startups.startupmission.in/startups/Zrg90,https://www.medq.app,Healthcare,Healthcare IT,Web technologies | Mobile Apps,B2C | B2B,SHAMNA K | ADISH CHAKYERY,High,Industry: Healthcare IT; Technology: Web technologies | Mobile Apps
41,ABROADANGELS CONSULTANCY PRIVATE LIMITED,"Kannur, Kerala",https://startups.startupmission.in/startups/0BwEw,https://abroadangels.com/,Other,Other,Web technologies,B2B | B2G | D2C,NAMBIAMADATHIL VARGHESE THOMAS | JIBIN THOMAS | JINS THOMAS,Medium,Technology: Web technologies
42,ABROBS PRIVATE LIMITED,"Ernakulam, Kerala",https://startups.startupmission.in/startups/ZrkNe,https://abrobs.com/,Other,Other,AI / ML | Web technologies,B2B | SaaS,alwin mathew | mini jacob m,Medium,Technology: AI / ML | Web technologies; Business model: B2B | SaaS
44,ABSOLUTE MIND PRIVATE LIMITED,"Kozhikode, Kerala",https://startups.startupmission.in/startups/8grAp,http://mindgurulive.com/,Healthcare,Healthcare IT,Mobile Apps | Web technologies,B2C,,High,Industry: Healthcare IT; Technology: Mobile Apps | Web technologies
46,ACADEMY OF MEDIA AND DESIGN LLP,"Palakkad, Kerala",https://startups.startupmission.in/startups/8q4Bp,https://www.amd.edu.in,Education,EdTech,Web technologies,B2C,,High,Industry: EdTech; Technology: Web technologies
47,ACCELMOVE DYNAMICS PRIVATE LIMITED,"Thiruvananthapuram, Kerala",https://startups.startupmission.in/startups/ZEElZ,https://accelmove.com/,Education,EdTech,Robotics | Web technologies,B2C,,High,Industry: EdTech; Technology: Robotics | Web technologies
48,ACCENDON TECHNOLOGIES PRIVATE LIMITED,"Ernakulam, Kerala",https://startups.startupmission.in/startups/pynv8,http://accendon.com/wellness,Healthcare,Healthcare IT,Mobile Apps | AI / ML | Big data,B2B | D2C,Renjith PR | DIVYA J,High,Industry: Healthcare IT; Technology: Mobile Apps | AI / ML | Big data
49,ACCESS HOME LAB SOLUTIONS LLP,"Thrissur, Kerala",https://startups.startupmission.in/startups/p6rrV,https://www.accesslabz.com/,Healthcare,Healthcare IT,Web technologies,B2C,Dr. John Paul | Dr. Fazil Abubakar,High,Industry: Healthcare IT; Technology: Web technologies
50,ACCESSIBILITY HUB PRIVATE LIMITED,"Thiruvananthapuram, Kerala",https://startups.startupmission.in/startups/8KmBG,https://accessibilityhub.in/,Other,Other,Manufacturing | Sustainable Construction | AI / ML,B2G | B2B | B2C,Vinayachandran B S | Jayakumar D,Medium,Technology: Manufacturing | Sustainable Construction | AI / ML
51,ACCEVION PRIVATE LIMITED,"Kozhikode, Kerala",https://startups.startupmission.in/startups/pm3D1,https://accevion.com/,IT/ITeS,Enterprise Applications,Internet of Things (IoT) | Mobile Apps | Web technologies,B2C | B2B | SaaS,JIMNA CHULLIYIL | ASWIN LAL CHAITHRAM,High,Sector: IT/ITeS; Industry: Enterprise Applications; Technology: Internet of Things (IoT) | Mobile Apps | Web technologies
52,ACCGUY FINANCIAL SERVICES PRIVATE LIMITED,"Kottayam, Kerala",https://startups.startupmission.in/startups/poQYx,https://www.accguy.com/,"Banking, Financial Services and Insurance",Financial Services,Web technologies,D2C | B2B | Platform,REX GEORGE | GEORGE MATHEW,Medium,Technology: Web technologies
54,ACCOVET INFOTECH PRIVATE LIMITED,"Thiruvananthapuram, Kerala",https://startups.startupmission.in/startups/Z3OxZ,https://www.accovet.com/,IT/ITeS,Consumer Apps,Web technologies,B2C | B2B | Marketplace,Arundas | Remya Rema | Ambu Senan,High,Sector: IT/ITeS; Industry: Consumer Apps; Technology: Web technologies
57,ACCUCERTS TECHNOLOGIES PRIVATE LIMITED,"Thiruvananthapuram, Kerala",https://startups.startupmission.in/startups/0W7l0,https://accucerts.io/,IT/ITeS,Enterprise Applications,Blockchain | Web technologies,B2B | B2C | Platform,,High,Sector: IT/ITeS; Industry: Enterprise Applications; Technology: Blockchain | Web technologies
59,ACETROOP CREATIONS LLP,"Ernakulam, Kerala",https://startups.startupmission.in/startups/pzQY0,https://www.smartsixer.com,Education,EdTech,Web technologies,B2C,,High,Industry: EdTech; Technology: Web technologies
60,ACEWARE FINTECH SERVICES PRIVATE LIMITED,"Ernakulam, Kerala",https://startups.startupmission.in/startups/ZdX4Z,https://www.acemoney.com,"Banking, Financial Services and Insurance",FinTech,Web technologies | AI / ML | Cyber Security,B2B | B2C | B2G,Nimisha J Vadakkan | Jubin J Kurichiyil,High,Industry: FinTech; Technology: Web technologies | AI / ML | Cyber Security
62,Acmaey Accounting Solutions Private Limited,"Thiruvananthapuram, Kerala",https://startups.startupmission.in/startups/p6rgE,https://accotick.com/,"Banking, Financial Services and Insurance",FinTech,Web technologies | Mobile Apps,SaaS,REJEESH KUMAR T,High,Industry: FinTech; Technology: Web technologies | Mobile Apps; Business model: SaaS
63,ACODEZ EDUCATIONAL & CONSULTING SOLUTIONS PRIVATE LIMITED,"Kozhikode, Kerala",https://startups.startupmission.in/startups/0e5vG,https://avivdigital.in/,Education,EdTech,Web technologies,B2C,Rithesh N | John Paul Manjaly | Vipin Kumar Nayar,High,Industry: EdTech; Technology: Web technologies
65,Acowale Technologies Private Limited,"Idukki, Kerala",https://startups.startupmission.in/startups/041bv,https://www.acowale.com,IT/ITeS | Retail,Enterprise Applications | Retail,AI / ML | Web technologies | Big data,B2B | SaaS | Freemium | B2C | Platform | Marketplace,Crisbin Joseph Mathew,High,Sector: IT/ITeS | Retail; Industry: Enterprise Applications | Retail; Technology: AI / ML | Web technologies | Big data
66,ACQODIS TECHNOLOGIES LLP,"Ernakulam, Kerala",https://startups.startupmission.in/startups/ZrkGE,https://www.acqodis.com,IT/ITeS,Enterprise Applications,Web technologies,B2B,BINOLIN PHILIP | NITHEESH GEORGE,High,Sector: IT/ITeS; Industry: Enterprise Applications; Technology: Web technologies
67,ACTAI TECHNOLOGIES PRIVATE LIMITED,"Malappuram, Kerala",https://startups.startupmission.in/startups/0MJdV,https://actaitech.com/,IT/ITeS,Enterprise Applications,Web technologies | Mobile Apps | AI / ML,B2B,JAMSHIDA K | ANWAR SADATH,High,Sector: IT/ITeS; Industry: Enterprise Applications; Technology: Web technologies | Mobile Apps | AI / ML
69,ACTIONCLUB,"Thrissur, Kerala",https://startups.startupmission.in/startups/ZEmj2,https://actionclubapp.com,IT/ITeS,Consumer Apps,Mobile Apps,Marketplace,Jovish Jose | Rini Joseph,High,Sector: IT/ITeS; Industry: Consumer Apps; Technology: Mobile Apps
70,ACTIVELOGICA LIFESCIENCE INNOVATIONS PRIVATE LIMITED,"Ernakulam, Kerala",https://startups.startupmission.in/startups/8AWl0,https://www.activelogica.com,Healthcare,Healthcare IT,Web technologies | Mobile Apps,B2B,Jayan Jacob Meledom,High,Industry: Healthcare IT; Technology: Web technologies | Mobile Apps
74,AD HOC HEALTHCARE SUPPLY AND SERVICES PRIVATE LIMITED,"Kottayam, Kerala",https://startups.startupmission.in/startups/8gAA0,http://www.adhochealthcare.com/,Healthcare,Healthcare IT,Mobile Apps,B2C | B2B,,High,Industry: Healthcare IT; Technology: Mobile Apps
80,ADDAY CREATIVE LLP,"Ernakulam, Kerala",https://startups.startupmission.in/startups/0w3eo,https://www.adday.in,Media and Entertainment,AdTech,Web technologies,B2B | B2G,Abilash A K | Anoop K,Medium,Industry: AdTech; Technology: Web technologies
81,ADDMIGO PRIVATE LIMITED,"Wayanad, Kerala",https://startups.startupmission.in/startups/0417L,https://addmigo.com/,Education,EdTech,Mobile Apps | Web technologies | AI / ML,Platform,ATHUL PARAKKUNNATH | MUHAMMED SHAHEER KAVUNGAL,High,Industry: EdTech; Technology: Mobile Apps | Web technologies | AI / ML
82,ADDONEZ MARKETPLACE LLP,"Ernakulam, Kerala",https://startups.startupmission.in/startups/Z9Qbr,https://addonez.com/,IT/ITeS,Enterprise Infrastructure,Web technologies | AI / ML | Blockchain,B2B | B2C | B2G,SHIBU DANIEL | SIVARAMAN SHEELA DEVI,High,Sector: IT/ITeS; Industry: Enterprise Infrastructure; Technology: Web technologies | AI / ML | Blockchain
83,ADDUS DYNAMICS LLP,"Ernakulam, Kerala",https://startups.startupmission.in/startups/ZDxE2,https://addus-three.vercel.app/,IT/ITeS,Enterprise Infrastructure,AI / ML | Mobile Apps | Web technologies,SaaS | Platform | Marketplace,MOHAMMED JIYADH KP | SAJAN SUNNY,High,Sector: IT/ITeS; Industry: Enterprise Infrastructure; Technology: AI / ML | Mobile Apps | Web technologies
84,ADEXORB TECHNOLOGIES PRIVATE LIMITED,"Pathanamthitta, Kerala",https://startups.startupmission.in/startups/ZdYkX,https://adexorb.com,IT/ITeS,Enterprise Applications,AI / ML | Web technologies,SaaS,Prasanth G Kumar | P K Gopinathan,High,Sector: IT/ITeS; Industry: Enterprise Applications; Technology: AI / ML | Web technologies
85,ADHI VEDA PHARMACEUTICAL PRIVATE LIMITED,"Ernakulam, Kerala",https://startups.startupmission.in/startups/0e5Qj,http://www.adhimeds.com/,IT/ITeS,Consumer Apps,Mobile Apps | Web technologies,B2C | Marketplace | Platform,ANOOP G A | RESHMA HAREENDRAN,High,Sector: IT/ITeS; Industry: Consumer Apps; Technology: Mobile Apps | Web technologies
90,ADHWAITHA WEB CONSULTANCY SERVICES PRIVATE LIMITED,"Thrissur, Kerala",https://startups.startupmission.in/startups/pvmx0,https://www.adhwaitha.com/,IT/ITeS,Mobile,Mobile Apps | Web technologies,B2C,,High,Sector: IT/ITeS; Industry: Mobile; Technology: Mobile Apps | Web technologies
91,ADHYAYA EDUCATIONAL SOLUTIONS PRIVATE LIMITED,"Alappuzha, Kerala",https://startups.startupmission.in/startups/8q6DE,https://share.google/HG0E3C7JK6A8D8ENk,Education,EdTech,Geographic Information Systems,B2B | B2C | Platform,ABIN S,Medium,Industry: EdTech
92,ADIDHI HOSPITALITY SOLUTIONS PRIVATE LIMITED,"Kannur, Kerala",https://startups.startupmission.in/startups/Zdav0,https://www.adidhi.com,IT/ITeS,Enterprise Applications,Web technologies,B2B | B2C | Platform,,High,Sector: IT/ITeS; Industry: Enterprise Applications; Technology: Web technologies
94,ADIVINAR CATALYST IT SOLUTIONS LLP,"Ernakulam, Kerala",https://startups.startupmission.in/startups/8xrRb,https://adivinartec.com/,IT/ITeS,Enterprise Applications,AI / ML,B2B,SUNITHA SHAJAHAN SHAHABAS | EBIN BABUJI,High,Sector: IT/ITeS; Industry: Enterprise Applications; Technology: AI / ML
95,ADMAR VENTURES (OPC) PRIVATE LIMITED,"Kozhikode, Kerala",https://startups.startupmission.in/startups/0JRvN,https://edguide.co.in/,Education,EdTech,Web technologies | Augmented Reality (AR),B2C,Niyas K.V,High,Industry: EdTech; Technology: Web technologies | Augmented Reality (AR)
98,ADOWINGS PRIVATE LIMITED,"Thiruvananthapuram, Kerala",https://startups.startupmission.in/startups/Z9QWQ,https://www.adowings.com/,Media and Entertainment,AdTech,Web technologies,B2B,DEVANAM PRIYA GOPALAKRISHNAN N | DHANYA KRISHNAN KUTTY KUTTY,Medium,Industry: AdTech; Technology: Web technologies
99,ADPUMB PRIVATE LIMITED,"Malappuram, Kerala",https://startups.startupmission.in/startups/pbgVY,https://adpumb.com/,Media and Entertainment,AdTech,Web technologies,B2B,,Medium,Industry: AdTech; Technology: Web technologies
100,ADSFLO WORLDWIDE PRIVATE LIMITED,"Ernakulam, Kerala",https://startups.startupmission.in/startups/Z3eax,https://www.adsfloworldwide.com/,Media and Entertainment,AdTech,Web technologies,B2B,KOLANGADA SREEDEVI JAYARAM NAD | MUNDACHALI SREEDEV,Medium,Industry: AdTech; Technology: Web technologies
101,ADSTORY COMMUNICATIONS,"Thrissur, Kerala",https://startups.startupmission.in/startups/Zrjkw,https://www.adstory.in/,IT/ITeS,Enterprise Applications,AI / ML | Web technologies,B2B | B2C,ROHITH N L | Krishnaprasad PP,High,Sector: IT/ITeS; Industry: Enterprise Applications; Technology: AI / ML | Web technologies
102,ADSUM CONSULTANCY PRIVATE LIMITED,"Ernakulam, Kerala",https://startups.startupmission.in/startups/8KK38,https://www.graduator.org/,Education,EdTech,Web technologies,B2C,ASHAD VALAPPIL EKKOORATH | ANSHID | ASHIQ PERINCHERY MUHAMMED,High,Industry: EdTech; Technology: Web technologies
105,ADVONIT TECHNOLOGIES PRIVATE LIMITED,"Ernakulam, Kerala",https://startups.startupmission.in/startups/Z9BbQ,https://advonit.com/,IT/ITeS,Enterprise Applications,Web technologies | Mobile Apps,B2B | SaaS,JOHN THOMAS VECHURATH | MANZOOR ALI KALIPARAMBIL ALI,High,Sector: IT/ITeS; Industry: Enterprise Applications; Technology: Web technologies | Mobile Apps
107,ADWAYGA PRIVATE LIMITED,"Thrissur, Kerala",https://startups.startupmission.in/startups/Z1VJW,https://www.adwayga.com/,Electronics and Communication,Telecom,Web technologies | Internet of Things (IoT),B2C | B2B,Lisha C D | Abhilash M P | Maya M.S.,Medium,Technology: Web technologies | Internet of Things (IoT)
108,ADZIS SOFTWARE PRIVATE LIMITED,"Thiruvananthapuram, Kerala",https://startups.startupmission.in/startups/0eBGp,https://adzis.com,IT/ITeS,Consumer Apps,Web technologies | AI / ML,B2B | B2C | Platform,,High,Sector: IT/ITeS; Industry: Consumer Apps; Technology: Web technologies | AI / ML
110,Aegous Healthcare Private Limited,"Wayanad, Kerala",https://startups.startupmission.in/startups/pvVDY,https://www.aegous.in,Healthcare,Healthcare IT,Web technologies,B2B | B2C,,High,Industry: Healthcare IT; Technology: Web technologies
111,AEIOU EDU INNOVATIONS PRIVATE LIMITED,"Ernakulam, Kerala",https://startups.startupmission.in/startups/04A2p,https://www.myindianyoga.com,Education,EdTech,Web technologies,B2C,,High,Industry: EdTech; Technology: Web technologies
113,Aerobits Biotech Private Limited,"Ernakulam, Kerala",https://startups.startupmission.in/startups/07m7x,https://aerobits.in/biotech,Healthcare,Healthcare IT | Assistive Tech,Mobile Apps | Manufacturing | Robotics,B2C | B2B,,High,Industry: Healthcare IT | Assistive Tech; Technology: Mobile Apps | Manufacturing | Robotics
115,AEROBIX ACTIVE PRIVATE LIMITED,"Malappuram, Kerala",https://startups.startupmission.in/startups/0JRJk,http://aerobix.in/,Healthcare,Healthcare IT,Mobile Apps | Web technologies,B2C | Platform,MUHAMMAD FAVAS M,High,Industry: Healthcare IT; Technology: Mobile Apps | Web technologies
119,AEROMAN TECHNOLOGIES PRIVATE LIMITED,"Thrissur, Kerala",https://startups.startupmission.in/startups/pm31k,https://www.aerolab.in/,Education,EdTech,Robotics | Internet of Things (IoT) | AI / ML,D2C | B2C,SANAL KUMAR PULPARAMBIL,High,Industry: EdTech; Technology: Robotics | Internet of Things (IoT) | AI / ML
121,AEROVANTIX SYSTEMS PRIVATE LIMITED,"Kottayam, Kerala",https://startups.startupmission.in/startups/8Kmzm,,IT/ITeS | Aerospace and Defense,Enterprise Infrastructure | Space,AI / ML | Drones | Internet of Things (IoT),B2B | B2C,CHINNU C RAJ | ARJUN C RAJ,High,Sector: IT/ITeS | Aerospace and Defense; Industry: Enterprise Infrastructure | Space; Technology: AI / ML | Drones | Internet of Things (IoT)
122,AESA SPORTS AND ENTERTAINMENTS PRIVATE LIMITED,"Ernakulam, Kerala",https://startups.startupmission.in/startups/8qrrv,https://www.aesasports.in,Education | Healthcare,EdTech | Fitness & Wellness,Mobile Apps | Web technologies,B2B | B2C,Ashor Joseph M A | Rishu Rajesh,Medium,Industry: EdTech | Fitness & Wellness; Technology: Mobile Apps | Web technologies
125,AETH ANALYTICA PRIVATE LIMITED,"Kozhikode, Kerala",https://startups.startupmission.in/startups/Q0B3p,https://aethanalytica.com/,IT/ITeS,Enterprise Applications,Mobile Apps | Web technologies,B2B,HARIKUMAR KATHIYATIL THEKKAYIL | NANCY VARGHESE,High,Sector: IT/ITeS; Industry: Enterprise Applications; Technology: Mobile Apps | Web technologies
126,Aev Learning Solutions Private Limited,"Thrissur, Kerala",https://startups.startupmission.in/startups/pzgmD,https://www.aevlearning.com,Education,EdTech,Web technologies,B2C,,High,Industry: EdTech; Technology: Web technologies
128,AEYEGLANCE PRIVATE LIMITED,"Thiruvananthapuram, Kerala",https://startups.startupmission.in/startups/0wK1e,,Energy,Oil & Gas,AI / ML,SaaS | Freemium,Maya B S | Malu B S,Medium,Technology: AI / ML; Business model: SaaS | Freemium
129,Afath Technologies Private Limited,"Thrissur, Kerala",https://startups.startupmission.in/startups/Z1mrb,https://afath.com,IT/ITeS,Enterprise Infrastructure,Web technologies,B2B | B2C,,High,Sector: IT/ITeS; Industry: Enterprise Infrastructure; Technology: Web technologies
131,AFFI EDUCATIONS LLP,"Kozhikode, Kerala",https://startups.startupmission.in/startups/pbgNG,https://bizcorn.in/,Education,EdTech,Mobile Apps | Web technologies,B2C | B2B,,High,Industry: EdTech; Technology: Mobile Apps | Web technologies
132,AFFORDMATE PRIVATE LIMITED,"Malappuram, Kerala",https://startups.startupmission.in/startups/Z9WRv,https://www.affordmate.com/,IT/ITeS,Enterprise Applications,Web technologies | Mobile Apps,B2B | B2C | Platform,ABILASH THADATHIL SUBRAMANIAN | BINOY KODAKKAT BALACHANDRAN,High,Sector: IT/ITeS; Industry: Enterprise Applications; Technology: Web technologies | Mobile Apps
133,AGASTYX LABS LLP,"Ernakulam, Kerala",https://startups.startupmission.in/startups/05BNe,https://agastyx.com/the-lab/,Consumer Goods | IT/ITeS | Electronics and Communication,Consumer Electronics | Enterprise Applications | Manufacturing,Robotics | Internet of Things (IoT) | AI / ML,B2B | B2C | Platform,Chithira Mohan Das | ANOOP BABU,High,Sector: Consumer Goods | IT/ITeS | Electronics and Communication; Industry: Consumer Electronics | Enterprise Applications | Manufacturing; Technology: Robotics | Internet of Things (IoT) | AI / ML
134,AGC ENFORCEMENT SERVICES PRIVATE LIMITED,"Kozhikode, Kerala",https://startups.startupmission.in/startups/Z9Q36,http://www.globalagc.com/,Other,Other,Mobile Apps | Cyber Security | Internet of Things (IoT),B2B | D2C,AJEESH NADUVILOTTIL | SARASWATHI,Medium,Technology: Mobile Apps | Cyber Security | Internet of Things (IoT)
135,AGENTICNEX AI PRIVATE LIMITED,"Kottayam, Kerala",https://startups.startupmission.in/startups/0erqP,https://agenticnex.com,IT/ITeS,Enterprise Infrastructure,AI / ML | Augmented Reality (AR) | Internet of Things (IoT),B2B,Steve Sony | Nicey Jose | Sony Lazarus,High,Sector: IT/ITeS; Industry: Enterprise Infrastructure; Technology: AI / ML | Augmented Reality (AR) | Internet of Things (IoT)
136,AGENTICX KNOWLEDGE SOLUTIONS LLP,"Kollam, Kerala",https://startups.startupmission.in/startups/pY1kj,https://www.agenticx.co.in/,Education,EdTech,AI / ML | Big data | Cyber Security,B2C | B2B,Anju Muraleedharan | Muraleedharan Nanoo,High,Industry: EdTech; Technology: AI / ML | Big data | Cyber Security
140,AGILEINFO TECHYTERN SOLUTIONS LLP,"Thiruvananthapuram, Kerala",https://startups.startupmission.in/startups/8nVVx,https://agileinfoz.com/,Agriculture and Life Sciences | Education,Agri Tech | EdTech,AI / ML | Security & Surveillance Technology | Internet of Things (IoT) | Web technologies | Mobile Apps,B2B | B2G | B2C | Freemium | Platform,SHABNA B S,High,Industry: Agri Tech | EdTech; Technology: AI / ML | Security & Surveillance Technology | Internet of Things (IoT) | Web technologies | Mobile Apps
145,AGRI ASSIST INNOVATIONS LLP,"Thiruvananthapuram, Kerala",https://startups.startupmission.in/startups/8xjGm,https://www.agriassistinnovations.com,Agriculture and Life Sciences,Agri Tech,Geographic Information Systems | Mobile Apps | Internet of Things (IoT),B2C | Platform | SaaS,GIRISH KUMAR KRISHNAN GANGADHA | RAGINI RAJAMMA,Medium,Technology: Geographic Information Systems | Mobile Apps | Internet of Things (IoT); Business model: B2C | Platform | SaaS
163,AHOPE SOLUTIONS PRIVATE LIMITED,"Thiruvananthapuram, Kerala",https://startups.startupmission.in/startups/poXQV,https://ahopesolutions.com/,"Banking, Financial Services and Insurance",FinTech,Web technologies,B2B,Sanjay Abraham | AJIT GEORGE MATHAI,High,Industry: FinTech; Technology: Web technologies
166,AI PORTA TECHNOLOGY LLP,"Ernakulam, Kerala",https://startups.startupmission.in/startups/pvDxz,https://www.aixperia.com,IT/ITeS,Enterprise Infrastructure,AI / ML | Manufacturing | Augmented Reality (AR),Platform | B2B | B2C,Jackson Jacob | Midhun Mathew,High,Sector: IT/ITeS; Industry: Enterprise Infrastructure; Technology: AI / ML | Manufacturing | Augmented Reality (AR)
167,AI-FYNEXT INNOVATIONS PRIVATE LIMITED,"Kasaragod, Kerala",https://startups.startupmission.in/startups/Z2938,https://.rateup.app,Education,EdTech,Mobile Apps | Web technologies,B2B,Abhilash Sathyan | Jithu Joy | Shidhin RK,High,Industry: EdTech; Technology: Mobile Apps | Web technologies
168,AIBAK VENTURES PRIVATE LIMITED,"Malappuram, Kerala",https://startups.startupmission.in/startups/0JNEN,https://www.aibakventures.com/,Media and Entertainment | Retail,Events | Real Estate Tech / Prop Tech,Mobile Apps | Web technologies | AI / ML,B2B | B2C | SaaS,MOHAMMED RAFEEQUE ATHIKKADAN | MUHAMMED SWALIH PARUTHIKKUNNAN,Medium,Technology: Mobile Apps | Web technologies | AI / ML; Business model: B2B | B2C | SaaS
169,AIBLOCKS INDIA PRIVATE LIMITED,"Thiruvananthapuram, Kerala",https://startups.startupmission.in/startups/py9Ap,https://www.aiblocks.in,IT/ITeS,Enterprise Applications,AI / ML | Web technologies,B2B | B2C | Platform,,High,Sector: IT/ITeS; Industry: Enterprise Applications; Technology: AI / ML | Web technologies
171,AIERA SOLUTIONS PRIVATE LIMITED,"Ernakulam, Kerala",https://startups.startupmission.in/startups/8nDd0,http://grunelectrotech.com/,IT/ITeS,Enterprise Applications,Web technologies,B2B | B2C,,High,Sector: IT/ITeS; Industry: Enterprise Applications; Technology: Web technologies
172,AIFER EDUCATION PRIVATE LIMITED,"Kozhikode, Kerala",https://startups.startupmission.in/startups/poXLQ,https://www.aifer.in/,Education,EdTech,Web technologies,B2C,ANEES POOVATHI | MOHAMED BINSHAD K,High,Industry: EdTech; Technology: Web technologies
173,AIGOSYS INNOVATION PRIVATE LIMITED,"Malappuram, Kerala",https://startups.startupmission.in/startups/0MowJ,https://aigosys.com,IT/ITeS,Enterprise Applications,AI / ML | Internet of Things (IoT) | Web technologies,SaaS | B2B | B2G,Mohamed Navas Vazhappully | Shamla,High,Sector: IT/ITeS; Industry: Enterprise Applications; Technology: AI / ML | Internet of Things (IoT) | Web technologies
174,AIKYAM MEDICAL CONSULTANCY SERVICES PRIVATE LIMITED,"Ernakulam, Kerala",https://startups.startupmission.in/startups/0wKvL,https://uplivo.org/,Healthcare,Healthcare IT,AI / ML | Mobile Apps | Web technologies,B2C,ADITHYA ARAVIND | GAURI MANOJKUMAR KRISHNA,High,Industry: Healthcare IT; Technology: AI / ML | Mobile Apps | Web technologies
177,AINDRIYA AI AND DATA LABS PRIVATE LIMITED,"Ernakulam, Kerala",https://startups.startupmission.in/startups/pvywk,https://aindriya.co.in,IT/ITeS,Enterprise Applications,AI / ML,SaaS,ANTONY JOSHY | JAYAKUMAR JYOTHIS,High,Sector: IT/ITeS; Industry: Enterprise Applications; Technology: AI / ML
179,AINSURTECH PRIVATE LIMITED,"Thiruvananthapuram, Kerala",https://startups.startupmission.in/startups/poE3Z,https://www.ainsurtek.com,"Banking, Financial Services and Insurance | IT/ITeS",FinTech | Enterprise Applications,Web technologies | AI / ML,B2B | B2C | Platform,RAJ KUMAR RANGASWAMY,High,"Sector: Banking, Financial Services and Insurance | IT/ITeS; Industry: FinTech | Enterprise Applications; Technology: Web technologies | AI / ML"
181,AIOEAM CORPGLOBAL PRIVATE LIMITED,"Kollam, Kerala",https://startups.startupmission.in/startups/0WYP8,https://aioeamcorpglobal.com/,IT/ITeS,Enterprise Applications,Web technologies | Mobile Apps,B2B | B2C | Platform,,High,Sector: IT/ITeS; Industry: Enterprise Applications; Technology: Web technologies | Mobile Apps
182,AION CREATIVE WINGS LLP,"Kollam, Kerala",https://startups.startupmission.in/startups/pkP58,https://www.aioncw.com,Media and Entertainment,Social Media,Web technologies,Freemium,,Medium,Industry: Social Media; Technology: Web technologies
183,AIPOPULI TECHNOLOGIES PRIVATE LIMITED,"Thiruvananthapuram, Kerala",https://startups.startupmission.in/startups/pvVRr,https://aipopuli.com/,IT/ITeS,Enterprise Applications,Web technologies | AI / ML,B2B,DEEPAK JAYARAMDAS | MANOJ MOHANANNAIR SASIKALA,High,Sector: IT/ITeS; Industry: Enterprise Applications; Technology: Web technologies | AI / ML
184,AIRAVAT CREATIONS PRIVATE LIMITED,"Thiruvananthapuram, Kerala",https://startups.startupmission.in/startups/0MJRv,https://admissionbid.com/,Education,EdTech,AI / ML,Marketplace | B2B | B2C,ABHINAV A | JAYASREE SASIDHARAN NAIR BABY,High,Industry: EdTech; Technology: AI / ML
186,AIREALM TECHNOLOGIES PRIVATE LIMITED,"Ernakulam, Kerala",https://startups.startupmission.in/startups/Z9Q16,https://nyayasathi.com/,IT/ITeS,Mobile,AI / ML | Web technologies,B2B | B2C,Reshma Nambiar | Jeffy John,High,Sector: IT/ITeS; Industry: Mobile; Technology: AI / ML | Web technologies
188,AIRIZZ CONSULTANCY SERVICES PRIVATE LIMITED,"Ernakulam, Kerala",https://startups.startupmission.in/startups/p6WAy,https://airizz.co/,IT/ITeS,Enterprise Applications,AI / ML | Web technologies,SaaS,MUTHARASU SANKARAMUKUNTHAN | Praveen Prabhakar,High,Sector: IT/ITeS; Industry: Enterprise Applications; Technology: AI / ML | Web technologies
191,Airvox Technologies Private Limited,"Thrissur, Kerala",https://startups.startupmission.in/startups/05Dle,https://www.thrillark.com,IT/ITeS,Consumer Apps,Web technologies,B2C,Firoz Musthafa | Fazil Parakkat,High,Sector: IT/ITeS; Industry: Consumer Apps; Technology: Web technologies
192,AISHU'S ACADEMY PRIVATE LIMITED,"Thiruvananthapuram, Kerala",https://startups.startupmission.in/startups/07ox0,https://www.aishusacademy.com/,Education,EdTech,Web technologies,B2C | B2B,,High,Industry: EdTech; Technology: Web technologies
194,AIWHIZ SOLUTIONS PRIVATE LIMITED,"Ernakulam, Kerala",https://startups.startupmission.in/startups/pzgra,https://aiwhiz.co/,IT/ITeS,Enterprise Applications,AI / ML | Web technologies | Big data,B2B | B2C | Platform,Smithish Jose | LEENA BABU MUKKADA,High,Sector: IT/ITeS; Industry: Enterprise Applications; Technology: AI / ML | Web technologies | Big data
195,AIXE LABS PRIVATE LIMITED,"Ernakulam, Kerala",https://startups.startupmission.in/startups/pmA71,https://www.artograph.ai/,Healthcare,Healthcare IT,AI / ML | Internet of Things (IoT),SaaS | B2B,REJIN JOSE K | K SRIKANTH,High,Industry: Healthcare IT; Technology: AI / ML | Internet of Things (IoT); Business model: SaaS | B2B
196,AIXPANZA PRIVATE LIMITED,"Thiruvananthapuram, Kerala",https://startups.startupmission.in/startups/0WbEP,http://www.aixpanza.in/AiDentalCare/,Healthcare,Healthcare IT,Mobile Apps | AI / ML | Web technologies,B2B | B2C,Razi Farook | Nifra Roshin N R,High,Industry: Healthcare IT; Technology: Mobile Apps | AI / ML | Web technologies
198,AJCS SKILL ACADEMY PRIVATE LIMITED,"Ernakulam, Kerala",https://startups.startupmission.in/startups/0JNOe,https://www.ajcsskillacademy.com,Education,EdTech,Augmented Reality (AR) | Virtual Reality (VR),B2C | Platform | B2B,STANLEY CHACKO | JOSEMON M B | ASWINI SUSAN GEORGE,High,Industry: EdTech; Technology: Augmented Reality (AR) | Virtual Reality (VR)
199,AJTECH ADVANCED INNOVATIONS PRIVATE LIMITED,"Malappuram, Kerala",https://startups.startupmission.in/startups/0Gew8,https://www.ajtech.in,IT/ITeS,Enterprise Applications,Web technologies,B2B | B2C,,High,Sector: IT/ITeS; Industry: Enterprise Applications; Technology: Web technologies
200,AJU ED SOLUTIONS LLP,"Thiruvananthapuram, Kerala",https://startups.startupmission.in/startups/8q6YP,https://www.ajuedsolutions.com/,IT/ITeS | Education | Media and Entertainment,Enterprise Applications | EdTech | Enterprise Infrastructure | AdTech,Web technologies | AI / ML | Cyber Security | Robotics | Internet of Things (IoT),B2B | B2C | D2C,Renjith Rajendran | AJU JS | ANU JS,High,Sector: IT/ITeS | Education | Media and Entertainment; Industry: Enterprise Applications | EdTech | Enterprise Infrastructure | AdTech; Technology: Web technologies | AI / ML | Cyber Security | Robotics | Internet of Things (IoT)
201,AJUS PLAYS PRIVATE LIMITED,"Ernakulam, Kerala",https://startups.startupmission.in/startups/8n63x,https://www.ajusplays.com,Media and Entertainment,AdTech,Web technologies | Mobile Apps,Platform,AJESH CHANDRAN | VIJAYAN KARIPPAL KALAMPALLY,High,Industry: AdTech; Technology: Web technologies | Mobile Apps
203,AKAM MIND CARE PRIVATE LIMITED,"Palakkad, Kerala",https://startups.startupmission.in/startups/0Mo1d,https://akammindcare.com/,Healthcare,Healthcare IT,Mobile Apps,B2C,MOHAMMED NIHAL | MUBARIS MOHAMMED,High,Industry: Healthcare IT; Technology: Mobile Apps
204,AKATSA LLP,"Kannur, Kerala",https://startups.startupmission.in/startups/Zdl4Y,https://www.akatsa.in,Retail,Real Estate Tech / Prop Tech,Mobile Apps,Platform | D2C | Marketplace,Athul K | AKSHAY SADAN V P,Medium,Technology: Mobile Apps
205,AKINOZ DIGITAL MEDIA LLP,"Kozhikode, Kerala",https://startups.startupmission.in/startups/8Xw1z,https://akinoz.com/,Media and Entertainment,AdTech,Mobile Apps,B2B | B2C,SOURAV SREEKUMAR | AISWARYA MT,Medium,Industry: AdTech; Technology: Mobile Apps
208,AL TEZZAI LLP,"Kannur, Kerala",https://startups.startupmission.in/startups/0POEw,https://altezzai.com,IT/ITeS,Enterprise Applications | Consumer Apps,Security & Surveillance Technology | Web technologies | Cyber Security | Mobile Apps,B2G | Platform | Marketplace | Freemium | B2C,Ishaque Risan P | Aswin K,High,Sector: IT/ITeS; Industry: Enterprise Applications | Consumer Apps; Technology: Security & Surveillance Technology | Web technologies | Cyber Security | Mobile Apps
209,AL WISDOM EDUCATION LLP,"Kozhikode, Kerala",https://startups.startupmission.in/startups/0w32J,https://alwisdom.com/,Education,EdTech,Mobile Apps,B2C | Platform | B2B,SHAREEJ MANDADI | PAZHAYILLATH MASHHOOD,High,Industry: EdTech; Technology: Mobile Apps
211,ALBEDO EDUCATOR PRIVATE LIMITED,"Malappuram, Kerala",https://startups.startupmission.in/startups/0BwB3,https://albedoedu.com/,Education,EdTech,Mobile Apps,B2C,RAMEES ANAKKACHERI,High,Industry: EdTech; Technology: Mobile Apps
212,ALBETECH SOFTWARE SOLUTIONS LLP,"Kollam, Kerala",https://startups.startupmission.in/startups/0w3ve,https://albetech.in/,IT/ITeS,Enterprise Applications,AI / ML | Web technologies | Augmented Reality (AR),B2B | Freemium | B2C,Orestes Albert | Sreekutty S,High,Sector: IT/ITeS; Industry: Enterprise Applications; Technology: AI / ML | Web technologies | Augmented Reality (AR)
214,ALCHEMY IBS PRIVATE LIMITED,"Thiruvananthapuram, Kerala",https://startups.startupmission.in/startups/0Wxy9,https://alchemyibs.com/,Education,EdTech,Web technologies | Mobile Apps,B2C | Platform,Abhimanue V S,High,Industry: EdTech; Technology: Web technologies | Mobile Apps
215,Alders Quess Llp,"Kozhikode, Kerala",https://startups.startupmission.in/startups/8LovQ,https://www.queschat.com,Education,EdTech,Web technologies,B2C,,High,Industry: EdTech; Technology: Web technologies
216,ALENIST TECH PRIVATE LIMITED,"Ernakulam, Kerala",https://startups.startupmission.in/startups/8XwKm,http://www.lawyerlinked.com/,IT/ITeS,Mobile,Mobile Apps,B2B,Abilash Babu | Alen arakkal | Adam Gil Christ Joy,High,Sector: IT/ITeS; Industry: Mobile; Technology: Mobile Apps
217,Alentador Customer Dienste Private Limited,"Thiruvananthapuram, Kerala",https://startups.startupmission.in/startups/Z2z9k,https://alentador.in,IT/ITeS,Consumer Apps,Web technologies,B2B | B2C,,High,Sector: IT/ITeS; Industry: Consumer Apps; Technology: Web technologies
221,Algobiz Innovations Llp,"Malappuram, Kerala",https://startups.startupmission.in/startups/pvVOv,https://algobiz.in/,Education,EdTech,Mobile Apps,B2C,,High,Industry: EdTech; Technology: Mobile Apps
222,ALGOL SOFT,"Thiruvananthapuram, Kerala",https://startups.startupmission.in/startups/pv9Q0,https://www.algols.in,IT/ITeS,Enterprise Applications,Web technologies,B2B | B2C | Platform,,High,Sector: IT/ITeS; Industry: Enterprise Applications; Technology: Web technologies
223,ALGONOTS INNOVATIONS PRIVATE LIMITED,"Thiruvananthapuram, Kerala",https://startups.startupmission.in/startups/0WbbP,https://www.algonots.com/,IT/ITeS,Enterprise Applications,AI / ML | Blockchain | Web technologies,B2B | B2C,Akshaya TR | Anil Antony,High,Sector: IT/ITeS; Industry: Enterprise Applications; Technology: AI / ML | Blockchain | Web technologies
227,ALGORYTHAM TECHNOLOGIES PRIVATE LIMITED,"Ernakulam, Kerala",https://startups.startupmission.in/startups/8X7P1,https://algorytham.com/,Other,Other,AI / ML | Web technologies | Mobile Apps,Platform | SaaS | B2B,AADARSH RADHAKRISHNAN | SHAMILA ASHRAF | Anagha Thekke Edoli,Medium,Technology: AI / ML | Web technologies | Mobile Apps; Business model: Platform | SaaS | B2B
232,ALIZON SCHOOL OF MEDICAL & DIGITAL INTELLIGENCE LLP,"Thiruvananthapuram, Kerala",https://startups.startupmission.in/startups/Z9Qyz,https://alizongov.com/,Healthcare | Education,Healthcare IT | EdTech,AI / ML | Mobile Apps | Web technologies | Geographic Information Systems | Robotics,B2B | B2C | B2G,Preetha Dharmadha | Abijeeth Tiwari Ani,High,Industry: Healthcare IT | EdTech; Technology: AI / ML | Mobile Apps | Web technologies | Geographic Information Systems | Robotics
233,ALJALEEDI TRADING LLP,"Thrissur, Kerala",https://startups.startupmission.in/startups/8XwGY,https://www.aljaleedi.com,Agriculture and Life Sciences,Agri Tech,Blockchain | AI / ML | Internet of Things (IoT),B2B | B2C | Platform,SAHITHA HUMAYUN KABEER | HUMAYUN KABEER,Medium,Technology: Blockchain | AI / ML | Internet of Things (IoT)
234,ALKABYTES SOFTWARE PRIVATE LIMITED,"Malappuram, Kerala",https://startups.startupmission.in/startups/05J5p,https://www.alkabytes.com,IT/ITeS,Enterprise Applications,Web technologies,SaaS,,High,Sector: IT/ITeS; Industry: Enterprise Applications; Technology: Web technologies
235,ALL IN ZONE PRIVATE LIMITED,"Ernakulam, Kerala",https://startups.startupmission.in/startups/pmaWp,https://aiz.one,IT/ITeS,Consumer Apps | Enterprise Infrastructure,AI / ML | Big data | Web technologies | Mobile Apps | Smart Home,B2B | B2C | Platform | SaaS,PATHROSE NITHIN,High,Sector: IT/ITeS; Industry: Consumer Apps | Enterprise Infrastructure; Technology: AI / ML | Big data | Web technologies | Mobile Apps | Smart Home
239,ALLPAY SERVICES PRIVATE LIMITED,"Pathanamthitta, Kerala",https://startups.startupmission.in/startups/pzlVZ,https://www.all-pay.in,IT/ITeS,Enterprise Applications,Web technologies,B2B,,High,Sector: IT/ITeS; Industry: Enterprise Applications; Technology: Web technologies
240,ALLSCOPE INDIA PRIVATE LIMITED,"Ernakulam, Kerala",https://startups.startupmission.in/startups/8qrVn,,Mobility,Mobility,Internet of Things (IoT) | Mobile Apps | Web technologies,B2B | Platform | SaaS,KUNNATH VENUGOPAL WELSHAD | ARYA KALAPURAYIL JAYAPRAKASH,Medium,Technology: Internet of Things (IoT) | Mobile Apps | Web technologies; Business model: B2B | Platform | SaaS
242,ALLYYC BIZ SOLUTIONS PRIVATE LIMITED,"Ernakulam, Kerala",https://startups.startupmission.in/startups/8RPl0,https://www.allyyc.com,IT/ITeS,Mobile,Mobile Apps | Web technologies,B2B | B2C,,High,Sector: IT/ITeS; Industry: Mobile; Technology: Mobile Apps | Web technologies
244,ALOGA INFOTECH INDIA PRIVATE LIMITED,"Ernakulam, Kerala",https://startups.startupmission.in/startups/8xO3x,https://www.aloga.org,Media and Entertainment,Social Media,Mobile Apps,Platform,NALAMVADUKAL RAVI ASHWIN | RAJEESH | SINI ALEYAMMA VARGHE,High,Industry: Social Media; Technology: Mobile Apps
245,ALONS ADVANCED TECHNOLOGIES PRIVATE LIMITED,"Ernakulam, Kerala",https://startups.startupmission.in/startups/ZO3Qj,https://alonstech.com,IT/ITeS,Enterprise Applications,AI / ML | Web technologies,B2B | B2C | Platform,Saneesh Alon Rajan | Indira,High,Sector: IT/ITeS; Industry: Enterprise Applications; Technology: AI / ML | Web technologies
246,ALORA INTERNATIONAL PRIVATE LIMITED,"Kannur, Kerala",https://startups.startupmission.in/startups/pYxOW,http://www.alorainternational.in/,Healthcare,Healthcare IT,Mobile Apps,B2C | B2B,MARIYAMMA ERAVIKULANGARA KURIA | AMAL SHAJU,High,Industry: Healthcare IT; Technology: Mobile Apps
247,ALP TURNKEY SOLUTIONS PRIVATE LIMITED,"Thiruvananthapuram, Kerala",https://startups.startupmission.in/startups/8q4lp,http://alp-ts.com/,Energy | Climate | IT/ITeS | Consumer Goods | Education,Oil & Gas | Waste Management | Enterprise Applications | FMCG | EdTech,Web technologies | Mobile Apps | Cyber Security,B2B | B2G | B2C | SaaS,Agilesh S,High,Sector: Energy | Climate | IT/ITeS | Consumer Goods | Education; Industry: Oil & Gas | Waste Management | Enterprise Applications | FMCG | EdTech; Technology: Web technologies | Mobile Apps | Cyber Security
249,ALPHA CLASSROOMS,"Thiruvananthapuram, Kerala",https://startups.startupmission.in/startups/Zj3Br,https://www.alphaclassrooms.com,Education,EdTech,3D Printing | Web technologies,B2B,Nithin B R | Yadu K Nair,High,Industry: EdTech; Technology: 3D Printing | Web technologies
250,ALPHA DROP VENTURES PRIVATE LIMITED,"Ernakulam, Kerala",https://startups.startupmission.in/startups/pvykR,https://alphadropventures.com,IT/ITeS,Consumer Apps,Blockchain | Internet of Things (IoT) | Mobile Apps,Platform | B2C | D2C,Muhammad Sabith | Aysha Palayullaparambath,High,Sector: IT/ITeS; Industry: Consumer Apps; Technology: Blockchain | Internet of Things (IoT) | Mobile Apps
251,ALPHABOT SYSTEMS,"Thrissur, Kerala",https://startups.startupmission.in/startups/0Pw7Z,http://alphabotsystems.com,Education,EdTech,Web technologies,B2C | Platform,,High,Industry: EdTech; Technology: Web technologies
253,ALPHANEX TECHNOLOGIES LLP,"Malappuram, Kerala",https://startups.startupmission.in/startups/0GJy5,https://alphanextechnologies.com/,Other,Other,Web technologies | Big data,B2B | B2C,MOHAMED RAFEEQUE | JUBAIR KAVILA VALAPPIL,Medium,Technology: Web technologies | Big data
257,ALTAIRE INSIGHTS TECHNOLOGIES PRIVATE LIMITED,"Thiruvananthapuram, Kerala",https://startups.startupmission.in/startups/8RVB8,https://www.altaire-insights.com/,IT/ITeS,Enterprise Applications,Web technologies | AI / ML,B2B,Anuchandran C Nair | Anuchandran C,High,Sector: IT/ITeS; Industry: Enterprise Applications; Technology: Web technologies | AI / ML
259,ALTIBIX CODELAB PRIVATE LIMITED,"Kollam, Kerala",https://startups.startupmission.in/startups/0Jrr6,https://www.altibix.com,Media and Entertainment,AdTech,Mobile Apps | Web technologies,Marketplace | B2B | B2C,Abhay Sundar S | Hyfa N,Medium,Industry: AdTech; Technology: Mobile Apps | Web technologies
260,ALTIORA CAPITAL SOULTION PRIVATE LIMITED,"Ernakulam, Kerala",https://startups.startupmission.in/startups/0w3ke,https://paisaonclick.com/,"Banking, Financial Services and Insurance",FinTech,AI / ML | Blockchain,Marketplace | SaaS | B2B,AL AMEEN R | Bijin B James,High,Industry: FinTech; Technology: AI / ML | Blockchain; Business model: Marketplace | SaaS | B2B
261,ALTIX PUBLISHER PRIVATE LIMITED,"Thiruvananthapuram, Kerala",https://startups.startupmission.in/startups/pbnV3,https://www.altixmarketing.com,Other,Other,Web technologies,B2B | B2C,janani | NATARAJ,Medium,Technology: Web technologies
263,ALWAYS BETTER SOLUTIONS PRIVATE LIMITED,"Kottayam, Kerala",https://startups.startupmission.in/startups/8gXYZ,https://seaa.co.in/,IT/ITeS,Enterprise Applications,Web technologies,B2C,,High,Sector: IT/ITeS; Industry: Enterprise Applications; Technology: Web technologies
264,ALZONE SOFTWARE PRIVATE LIMITED,"Thiruvananthapuram, Kerala",https://startups.startupmission.in/startups/0Gx6p,https://www.alzonesoftware.com,IT/ITeS,Enterprise Applications,AI / ML | Web technologies | Big data,B2B,,High,Sector: IT/ITeS; Industry: Enterprise Applications; Technology: AI / ML | Web technologies | Big data
267,AMBERPATH LLP,"Ernakulam, Kerala",https://startups.startupmission.in/startups/8xrk3,https://amberpath.in/,IT/ITeS,Enterprise Applications,Web technologies,Freemium | SaaS,SARANKUMAR T R | RAMSAD RASHEED,High,Sector: IT/ITeS; Industry: Enterprise Applications; Technology: Web technologies
269,AMIGOSIA PRIVATE LIMITED,"Palakkad, Kerala",https://startups.startupmission.in/startups/8ANYZ,http://www.amigosia.com,IT/ITeS,Consumer Apps,Mobile Apps | Web technologies,B2C,Rashmi Arun | Arun NarayananKutty,High,Sector: IT/ITeS; Industry: Consumer Apps; Technology: Mobile Apps | Web technologies
270,Amisys Learning Private Limited,"Ernakulam, Kerala",https://startups.startupmission.in/startups/plnJB,https://www.amisyslearning.com/,Education,EdTech,Web technologies,B2B | B2C,AMAL SAJI,High,Industry: EdTech; Technology: Web technologies
271,AMLA CONSULTANCY PRIVATE LIMITED,"Ernakulam, Kerala",https://startups.startupmission.in/startups/pvDrx,https://amlaconsultancy.com,Healthcare,Healthcare IT,AI / ML | Web technologies,B2B | B2C,Shanaz Bin Mohamed Abdul Latif | SAHIDA LATIFF,High,Industry: Healthcare IT; Technology: AI / ML | Web technologies
272,AMLIRE PRIVATE LIMITED,"Ernakulam, Kerala",https://startups.startupmission.in/startups/Zdlm4,https://amlire.com/,Media and Entertainment,AdTech,Web technologies | Internet of Things (IoT),B2B,AMAL C SHAJI,Medium,Industry: AdTech; Technology: Web technologies | Internet of Things (IoT)
274,AMNOVA TECHNOLOGIES PRIVATE LIMITED,"Pathanamthitta, Kerala",https://startups.startupmission.in/startups/pyjxQ,https://www.amnova.ai/,IT/ITeS,Enterprise Applications,AI / ML | Big data | Web technologies,B2B | B2C | Platform,Shine Shankar | SHANTHARAMA SADASHIVA SHETTY,High,Sector: IT/ITeS; Industry: Enterprise Applications; Technology: AI / ML | Big data | Web technologies
276,AMR INNOVATIONS PRIVATE LIMITED,"Ernakulam, Kerala",https://startups.startupmission.in/startups/pm3vk,https://www.amr-innovations.com,Media and Entertainment,Social Media,Mobile Apps | Web technologies,Freemium | Platform,Rajeef K B | Aneez Mohammed Rafeek,High,Industry: Social Media; Technology: Mobile Apps | Web technologies
278,AMSTOR CONSULTANCY SERVICES PRIVATE LIMITED,"Thiruvananthapuram, Kerala",https://startups.startupmission.in/startups/pvVxQ,https://www.amstortech.com/,IT/ITeS | Healthcare,Enterprise Applications | Healthcare IT,Web technologies,B2B,Abraham Mathai | Sony Sam Oommen,High,Sector: IT/ITeS | Healthcare; Industry: Enterprise Applications | Healthcare IT; Technology: Web technologies
279,AMYNTOR TECH SOLUTIONS PRIVATE LIMITED,"Thiruvananthapuram, Kerala",https://startups.startupmission.in/startups/0wYJ8,https://amyntortech.com/,IT/ITeS,Enterprise Infrastructure,Cyber Security | AI / ML | Web technologies,B2C | B2B | SaaS,Abhilash | Kavitha,High,Sector: IT/ITeS; Industry: Enterprise Infrastructure; Technology: Cyber Security | AI / ML | Web technologies
281,ANA INFOTAINMENT PRIVATE LIMITED,"Ernakulam, Kerala",https://startups.startupmission.in/startups/0wNeZ,https://anainfotainment.com,Education,EdTech,Augmented Reality (AR) | Virtual Reality (VR),Platform,,High,Industry: EdTech; Technology: Augmented Reality (AR) | Virtual Reality (VR)
282,ANAKTRA PRIVATE LIMITED,"Kottayam, Kerala",https://startups.startupmission.in/startups/pvyXv,https://anaktra.com,Education,EdTech,AI / ML | Web technologies,B2B | B2C,Jens Mathew | Jes Thomas Mathew,High,Industry: EdTech; Technology: AI / ML | Web technologies
284,ANANTHAM ONLINE PRIVATE LIMITED,"Ernakulam, Kerala",https://startups.startupmission.in/startups/ZjBbZ,https://www.anantham.online,IT/ITeS,Enterprise Applications | Mobile,Web technologies | Mobile Apps,B2B | Platform | SaaS,Neethu Rajasekharan | Arun Ganesh U R,High,Sector: IT/ITeS; Industry: Enterprise Applications | Mobile; Technology: Web technologies | Mobile Apps
286,ANF INFINITY VENTURES PRIVATE LIMITED,"Kozhikode, Kerala",https://startups.startupmission.in/startups/pYxXO,http://hotochat.in/,IT/ITeS,Enterprise Applications,Web technologies,SaaS | B2B | D2C,ANSHAHAN RAHMAN P K | MOHAMMED FASIL KARUPPAM VEETIL,High,Sector: IT/ITeS; Industry: Enterprise Applications; Technology: Web technologies
290,ANGLE-BELEARN EDUCATION PRIVATE LIMITED,"Kozhikode, Kerala",https://startups.startupmission.in/startups/pzOBa,https://anglebelearn.com/,Education,EdTech,Web technologies,B2C,NAVAJYOTH | ALSHADAN TC | Ashique Muhammed,High,Industry: EdTech; Technology: Web technologies
293,ANK LIFECARE PRIVATE LIMITED,"Ernakulam, Kerala",https://startups.startupmission.in/startups/8VKLZ,https://lifecareenterprises.in/index.php,Healthcare,Assistive Tech,Manufacturing,B2C,,Medium,Industry: Assistive Tech
294,ANKAARA FASHION PRIVATE LIMITED,"Thrissur, Kerala",https://startups.startupmission.in/startups/8AQo7,https://ankaarafashion.com/,IT/ITeS,Consumer Apps,Augmented Reality (AR) | Mobile Apps,B2C | B2B,ANAGHA DAS | ANIRUDH S KUMAR,High,Sector: IT/ITeS; Industry: Consumer Apps; Technology: Augmented Reality (AR) | Mobile Apps
300,ANTHEM CONSULTANCY LLP,"Kozhikode, Kerala",https://startups.startupmission.in/startups/ZrPOE,http://anthemconsultancy.com/,IT/ITeS,Enterprise Applications,Web technologies | Mobile Apps,B2B | B2C | B2G,Valsaraj Nambarambath | Aswani Nambarambath,High,Sector: IT/ITeS; Industry: Enterprise Applications; Technology: Web technologies | Mobile Apps
301,ANTHORA CREATIVE PRIVATE LIMITED,"Kozhikode, Kerala",https://startups.startupmission.in/startups/pkJzw,https://sostorytelling.com/,Education,EdTech,AI / ML | Augmented Reality (AR) | Virtual Reality (VR),B2C,VARUN ARU KANDATHIL | MADHU ARU KANDATHIL,High,Industry: EdTech; Technology: AI / ML | Augmented Reality (AR) | Virtual Reality (VR)
302,ANTZMEDIA DIGITAL SOLUTIONS PRIVATE LIMITED,"Ernakulam, Kerala",https://startups.startupmission.in/startups/Z3eE2,https://antzmedia.com,IT/ITeS,Consumer Apps,Mobile Apps,B2C,Jeena A Jayan | Akhilraj Rajendra | SIJU SUGATHAN,High,Sector: IT/ITeS; Industry: Consumer Apps; Technology: Mobile Apps
304,ANUKRITI AI PRIVATE LIMITED,"Kollam, Kerala",https://startups.startupmission.in/startups/ZdYo9,https://www.anukritiai.com,Healthcare,Healthcare IT,AI / ML | Biotechnology | Big data,SaaS | B2B,JOHAN GEORGE | ATUL ALEXANDER VAIDIAN | AAGNEYE SYAMKUMAR | ABHIMANYU R B,High,Industry: Healthcare IT; Technology: AI / ML | Biotechnology | Big data; Business model: SaaS | B2B
306,AONZ AI TECHNOSYS SOLUTIONS PRIVATE LIMITED,"Ernakulam, Kerala",https://startups.startupmission.in/startups/8LqM5,https://aonz.in/,Other,Other,AI / ML,B2B | SaaS,MUHAMMED ANEES VADAKKEDATH,Medium,Technology: AI / ML; Business model: B2B | SaaS
307,APENIR INNOVATIONS PRIVATE LIMITED,"Ernakulam, Kerala",https://startups.startupmission.in/startups/8A1re,https://www.apenir.com/,Healthcare,Healthcare IT,Internet of Things (IoT) | AI / ML | Mobile Apps,B2C | B2B | Platform,JERIN JOSE | JOEL THOMAS,High,Industry: Healthcare IT; Technology: Internet of Things (IoT) | AI / ML | Mobile Apps
308,APES AI INDIA PRIVATE LIMITED,"Malappuram, Kerala",https://startups.startupmission.in/startups/8n15N,https://www.apesai.in,IT/ITeS | Healthcare,Enterprise Infrastructure | Enterprise Applications | Healthcare IT,AI / ML | Internet of Things (IoT) | Security & Surveillance Technology | Web technologies,B2B | Freemium | SaaS,Shamsudheen,High,Sector: IT/ITeS | Healthcare; Industry: Enterprise Infrastructure | Enterprise Applications | Healthcare IT; Technology: AI / ML | Internet of Things (IoT) | Security & Surveillance Technology | Web technologies
310,APEXDELTA VENTURES PRIVATE LIMITED,"Palakkad, Kerala",https://startups.startupmission.in/startups/07Wbe,https://www.apexdeltaventures.com,"Banking, Financial Services and Insurance",FinTech,AI / ML | Mobile Apps | Web technologies,B2C | B2B | SaaS,RAHUL C,High,Industry: FinTech; Technology: AI / ML | Mobile Apps | Web technologies; Business model: B2C | B2B | SaaS
313,APOTHECARY HEALTH TECH SOLUTIONS PRIVATE LIMITED,"Ernakulam, Kerala",https://startups.startupmission.in/startups/0w3xJ,http://www.theapothecary.co.in,Healthcare,Healthcare IT,Augmented Reality (AR) | AI / ML | Internet of Things (IoT),B2B,Hyder shehin sha T A | Nadeem Sha Hamzhath T A | Muneeb Majeed Abdula,High,Industry: Healthcare IT; Technology: Augmented Reality (AR) | AI / ML | Internet of Things (IoT)
315,APP INTEGRITY PRIVATE LIMITED,"Thiruvananthapuram, Kerala",https://startups.startupmission.in/startups/8n6Pa,https://appintegrity.io,Other,Other,AI / ML | Mobile Apps,B2B | SaaS,PRAJITH PRABHAKAR | ANUP RAJAN | SIVAPRAKASAM KUMAR SANJAY | Midhun Kumar,Medium,Technology: AI / ML | Mobile Apps; Business model: B2B | SaaS
317,APPFIDE PRIVATE LIMITED,"Ernakulam, Kerala",https://startups.startupmission.in/startups/0Wxoa,https://appfide.com,IT/ITeS,Consumer Apps,Mobile Apps | AI / ML,Freemium | D2C,Dhipin K Das | Aimy Mary K X,High,Sector: IT/ITeS; Industry: Consumer Apps; Technology: Mobile Apps | AI / ML
318,APPFINITY SOLUTIONS PRIVATE LIMITED,"Thrissur, Kerala",https://startups.startupmission.in/startups/0GvzZ,http://appfinity.co.in/,IT/ITeS,Enterprise Applications,Web technologies,B2B | B2C,,High,Sector: IT/ITeS; Industry: Enterprise Applications; Technology: Web technologies
319,APPLIED CENTER FOR ACADEMIC DEVELOPMENT AND INNOVATION LLP,"Thrissur, Kerala",https://startups.startupmission.in/startups/ZdYVY,https://aibuilderindia.acadai.in/,IT/ITeS,Enterprise Applications,AI / ML,B2B | SaaS,Abhijith K | Vismaya A,High,Sector: IT/ITeS; Industry: Enterprise Applications; Technology: AI / ML
320,APPLIED ELECTRONICS AND ROBOTICS LABORATORY LLP,"Kannur, Kerala",https://startups.startupmission.in/startups/07W4G,https://aerl.space,IT/ITeS,Consumer Apps,AI / ML,B2C,,High,Sector: IT/ITeS; Industry: Consumer Apps; Technology: AI / ML
321,APPSAAS AI TECHNOLOGIES PRIVATE LIMITED,"Thiruvananthapuram, Kerala",https://startups.startupmission.in/startups/8XwD4,https://appsaasai.com/,IT/ITeS,Enterprise Applications,Web technologies | AI / ML | Mobile Apps,SaaS | B2B | B2C,JANISA | ABDUL MUHAIMIN,High,Sector: IT/ITeS; Industry: Enterprise Applications; Technology: Web technologies | AI / ML | Mobile Apps
322,APPSTRAY PRIVATE LIMITED,"Thiruvananthapuram, Kerala",https://startups.startupmission.in/startups/0PAAW,https://www.appstray.com,Media and Entertainment,AdTech,Web technologies,B2B | B2C,,Medium,Industry: AdTech; Technology: Web technologies
324,APRO IT SOLUTIONS PRIVATE LIMITED,"Thrissur, Kerala",https://startups.startupmission.in/startups/Za26x,https://aproitsolutions.com/,IT/ITeS,Enterprise Applications,Web technologies | Mobile Apps,B2B,Ajil Siva | Rohith Robin,High,Sector: IT/ITeS; Industry: Enterprise Applications; Technology: Web technologies | Mobile Apps
326,APTIBO SOLUTIONS PRIVATE LIMITED,"Kannur, Kerala",https://startups.startupmission.in/startups/pyr7g,https://aptibo.com,IT/ITeS,Enterprise Applications,AI / ML | Internet of Things (IoT) | Web technologies,B2B | B2C | SaaS,LAL SOORAJ C B | ABDULLA KARIYIL THARACHANDY | JITHIN GOPI NATH,High,Sector: IT/ITeS; Industry: Enterprise Applications; Technology: AI / ML | Internet of Things (IoT) | Web technologies
328,APTIVORA GLOBAL SOLUTIONS PRIVATE LIMITED,"Thrissur, Kerala",https://startups.startupmission.in/startups/0MoNV,http://www.aptivoraglobalsolutions.com,Education,EdTech,AI / ML | Mobile Apps | Web technologies,B2C | Marketplace | Platform,SONIA V V | REJIN VARGHESE | SREELEKHA KANNANGATH,High,Industry: EdTech; Technology: AI / ML | Mobile Apps | Web technologies
329,APTO INNOVATIONS PRIVATE LIMITED,"Kozhikode, Kerala",https://startups.startupmission.in/startups/pkwXL,https://www.apto.live/,IT/ITeS,Enterprise Applications,Web technologies | Mobile Apps,B2B | B2C | Platform,NELLENGARA ANJALI | CHEMBAKASSERI PREMANATHAN | SREEJITH CHEMBAKASSERI,High,Sector: IT/ITeS; Industry: Enterprise Applications; Technology: Web technologies | Mobile Apps
336,ARAMAIA INTERNATIONAL RESIDENTIAL SCHOOLPRIVATE LIMITED,"Wayanad, Kerala",https://startups.startupmission.in/startups/0JrGY,https://aramaiaschool.com/,Education,EdTech,AI / ML,B2C,SHINTA PIOUS | VIPIN JOSE,High,Industry: EdTech; Technology: AI / ML
337,ARAMIS IMAGING LLP,"Thiruvananthapuram, Kerala",https://startups.startupmission.in/startups/ZaXR8,https://aramis.ai,Healthcare,Healthcare IT,AI / ML | Big data | Web technologies,B2B | B2C,ANIL PRAHLADAN | Ajith Joy K,High,Industry: Healthcare IT; Technology: AI / ML | Big data | Web technologies
338,ARAXION LABS PRIVATE LIMITED,"Kozhikode, Kerala",https://startups.startupmission.in/startups/pQ1Qp,https://araxion.com,Education,EdTech,Mobile Apps | Web technologies,B2B | B2C,,High,Industry: EdTech; Technology: Mobile Apps | Web technologies
344,ARCHISOFT IT SOLUTIONS PRIVATE LIMITED,"Malappuram, Kerala",https://startups.startupmission.in/startups/8VGNq,https://www.archisoft.in/,Other,Other,Web technologies | AI / ML | Mobile Apps,SaaS | Marketplace | B2B,SARATH KUMAR T R | ASHIDHA PALLATH JOSHY | Arjun J chaliyath,Medium,Technology: Web technologies | AI / ML | Mobile Apps; Business model: SaaS | Marketplace | B2B
346,ARCOGNIS TECHNOLOGIES PRIVATE LIMITED,"Ernakulam, Kerala",https://startups.startupmission.in/startups/pY1dO,https://arcognis.com/about,IT/ITeS,Enterprise Applications,Cyber Security | Mobile Apps | Web technologies,B2B,SAMEENA K H | THARISH P T,High,Sector: IT/ITeS; Industry: Enterprise Applications; Technology: Cyber Security | Mobile Apps | Web technologies
349,ARGONITE INNOVATIONS PRIVATE LIMITED,"Malappuram, Kerala",https://startups.startupmission.in/startups/poQGx,https://www.enrols.in,Education,EdTech,Mobile Apps | AI / ML | Web technologies,Platform | Marketplace | B2B,SHINAS AHMED CHEVIDIKKUNNAN | SAJJAD HUSAIN | MUHAMMED NIYAS PV,High,Industry: EdTech; Technology: Mobile Apps | AI / ML | Web technologies
351,ARISTO JUSTINIAN LEGALTECH PRIVATE LIMITED,"Kollam, Kerala",https://startups.startupmission.in/startups/8RA2J,https://aristoj.com,IT/ITeS,Enterprise Applications,AI / ML | Blockchain | Web technologies,B2B | D2C | SaaS,Jubairia Aziz,High,Sector: IT/ITeS; Industry: Enterprise Applications; Technology: AI / ML | Blockchain | Web technologies
352,ARIVAN LEARNING RESEARCH & DEVELOPEMENT (OPC) PRIVATE LIMITED,"Malappuram, Kerala",https://startups.startupmission.in/startups/0w3d1,https://www.arivanlearning.com/,Education,EdTech,Mobile Apps,Platform,NAVEENRAJ NATARAJAN,High,Industry: EdTech; Technology: Mobile Apps
353,ARJ INFOTECH PRIVATE LIMITED,"Kozhikode, Kerala",https://startups.startupmission.in/startups/8qLBp,http://infonlive.com/,IT/ITeS,Consumer Apps,Web technologies,B2C,,High,Sector: IT/ITeS; Industry: Consumer Apps; Technology: Web technologies
354,Arkellis Technologies Private Limited,"Ernakulam, Kerala",https://startups.startupmission.in/startups/8Loex,https://arkellis.com,IT/ITeS,Enterprise Applications,Augmented Reality (AR) | Virtual Reality (VR) | Manufacturing,B2B | SaaS | Platform,Abilash C Ashok | Asokan V K,High,Sector: IT/ITeS; Industry: Enterprise Applications; Technology: Augmented Reality (AR) | Virtual Reality (VR) | Manufacturing
356,ARKIZARD ENTERPRISES PRIVATE LIMITED,"Kollam, Kerala",https://startups.startupmission.in/startups/0PO2o,https://www.arkizard.com/,IT/ITeS,Enterprise Applications,AI / ML | Web technologies,B2B | SaaS,JOMON JOY | ANURUDH ANILKUMAR SUNITHA RAJI | MUHAMMED ASHIR,High,Sector: IT/ITeS; Industry: Enterprise Applications; Technology: AI / ML | Web technologies
357,ARKS Enterprises,"Palakkad, Kerala",https://startups.startupmission.in/startups/Z1mzx,https://www.arksenterprises.in,Other,Other,Web technologies,D2C,,Medium,Technology: Web technologies
359,Armino Technologies Private Limited,"Kozhikode, Kerala",https://startups.startupmission.in/startups/py6x5,https://armino.in/,IT/ITeS,Enterprise Applications,Mobile Apps,B2B,Soumini Balakrishnan Sanukrish | Shankaran Hariprasad | Narayanan Pilathottathil Soora | Somasundaran Mitun | Kizhakkekkara Jithesh,High,Sector: IT/ITeS; Industry: Enterprise Applications; Technology: Mobile Apps
361,AROUNDBEE PRIVATE LIMITED,"Kannur, Kerala",https://startups.startupmission.in/startups/8LqJa,https://aroundbee.com,IT/ITeS,Consumer Apps,Mobile Apps | Geographic Information Systems | AI / ML,B2C | Freemium,PALORA ATHEEV RAJA | PALORA AKSHITH RAJA,High,Sector: IT/ITeS; Industry: Consumer Apps; Technology: Mobile Apps | Geographic Information Systems | AI / ML
362,ARRIVU ED-TECH LLP,"Kottayam, Kerala",https://startups.startupmission.in/startups/0wNOZ,https://arrivu.wixsite.com/mysite-1,Education,EdTech,Mobile Apps | Web technologies,B2C,,High,Industry: EdTech; Technology: Mobile Apps | Web technologies
363,ARSVITAE INFOTECH PRIVATE LIMITED,"Ernakulam, Kerala",https://startups.startupmission.in/startups/ZjGPG,https://arsvitaeinfotech.com/,Media and Entertainment,Social Media,Web technologies,B2B | B2C | Platform,ALFIN JOHN | CHAKOLA DAVID PAUL,High,Industry: Social Media; Technology: Web technologies
364,ART OF AI ACADEMY PRIVATE LIMITED,"Kozhikode, Kerala",https://startups.startupmission.in/startups/0POJN,https://artofaiacademy.com,Education,EdTech,AI / ML,B2C,,High,Industry: EdTech; Technology: AI / ML
365,ARTICBOT PRIVATE LIMITED,"Kannur, Kerala",https://startups.startupmission.in/startups/VplBZ,https://www.articbot.com/,IT/ITeS,Enterprise Applications,Web technologies,B2C,,High,Sector: IT/ITeS; Industry: Enterprise Applications; Technology: Web technologies
366,ARTIFEX STUDIOS PRIVATE LIMITED,"Alappuzha, Kerala",https://startups.startupmission.in/startups/0POPN,https://artifexstudios.in/,Media and Entertainment,AdTech,Mobile Apps,B2B,SREEHARI HARIKUMAR | ABHIJITH AJITH | AJI SAM,Medium,Industry: AdTech; Technology: Mobile Apps
367,ARTISTIC MEDIA SOLUTIONS PRIVATE LIMITED,"Ernakulam, Kerala",https://startups.startupmission.in/startups/Z9Wrm,http://www.moviecritic.in/,Media and Entertainment,Social Media,Web technologies | Mobile Apps,Platform,AMAL ZAMAN | SUJAS ALI,High,Industry: Social Media; Technology: Web technologies | Mobile Apps
369,ARTOB AI PRIVATE LIMITED,"Kozhikode, Kerala",https://startups.startupmission.in/startups/8xOlR,https://artobai.com/,IT/ITeS,Enterprise Infrastructure,Web technologies,B2C | B2B,RASHEELA | MOOSA FAWAS C,High,Sector: IT/ITeS; Industry: Enterprise Infrastructure; Technology: Web technologies
370,Artsuite Private Limited,"Ernakulam, Kerala",https://startups.startupmission.in/startups/8n1GN,https://www.linkdot.xyz/,IT/ITeS,Consumer Apps,Blockchain | Web technologies,Marketplace | Platform,VIJIN GOVIND | AADARSH KS,High,Sector: IT/ITeS; Industry: Consumer Apps; Technology: Blockchain | Web technologies
371,ARUNRAJKARTHA PRODUCTIONS PRIVATE LIMITED,"Ernakulam, Kerala",https://startups.startupmission.in/startups/ZaOnp,https://www.arkproductions.in/,Media and Entertainment,AdTech,Web technologies,B2B,Rajmohan Kartha K G | Rajmohan Kartha Arunraj,Medium,Industry: AdTech; Technology: Web technologies
372,ARVENSION TECHNOLOGIES LLP,"Thiruvananthapuram, Kerala",https://startups.startupmission.in/startups/poAOZ,http://www.arvension.in,IT/ITeS,Enterprise Applications,Web technologies,B2B | B2C,ARUN UL | Abhi Asok,High,Sector: IT/ITeS; Industry: Enterprise Applications; Technology: Web technologies
373,ARXEC SYSTEMS LLP,"Ernakulam, Kerala",https://startups.startupmission.in/startups/0Pgzo,https://arxec.systems,IT/ITeS,Enterprise Applications | Enterprise Infrastructure,Web technologies | Cyber Security,B2B,Amalekh Biju,High,Sector: IT/ITeS; Industry: Enterprise Applications | Enterprise Infrastructure; Technology: Web technologies | Cyber Security
381,ASCEDU SMARTCLASSON LLP,"Kozhikode, Kerala",https://startups.startupmission.in/startups/0POkq,https://www.smartclasson.com,Education,EdTech,Web technologies | AI / ML | Internet of Things (IoT),SaaS | B2B | B2C,Anoopsha Chonari | Hussain C,High,Industry: EdTech; Technology: Web technologies | AI / ML | Internet of Things (IoT); Business model: SaaS | B2B | B2C
382,ASCENDIO GLOBAL LLP,"Thiruvananthapuram, Kerala",https://startups.startupmission.in/startups/Z1zXx,http://www.ascendio.in/,Education,EdTech,Mobile Apps | Web technologies | Cyber Security,SaaS | B2B | B2C,S J JITHIN | GOUTHAM M DEV,High,Industry: EdTech; Technology: Mobile Apps | Web technologies | Cyber Security; Business model: SaaS | B2B | B2C
383,ASCENT PLUS BUSINESS SOLUTIONS LLP,"Alappuzha, Kerala",https://startups.startupmission.in/startups/pyjOv,https://www.ascentplus.net,IT/ITeS,Enterprise Applications,Web technologies,B2B | B2C | SaaS,RAJESH N.S | SUNITHA M NAIR | VISAKH R,High,Sector: IT/ITeS; Industry: Enterprise Applications; Technology: Web technologies
384,ASCIMOV TECHNOLOGIES PRIVATE LIMITED,"Ernakulam, Kerala",https://startups.startupmission.in/startups/07Xx3,http://ascimov.com/,IT/ITeS,Enterprise Applications,AI / ML,B2B,AMAL SHYJO | IFSIN ABDULLAH | MATHEW VARGHESE PAUL VARGHESE | ANDREWS PAUL,High,Sector: IT/ITeS; Industry: Enterprise Applications; Technology: AI / ML
387,ASHER DIGITAL STORE LLP,"Ernakulam, Kerala",https://startups.startupmission.in/startups/Z9QAE,https://www.zaubacorp.com/company/ASHER-DIGITAL-STORE-LLP/AAU-6333,IT/ITeS,Enterprise Applications,Web technologies,B2C,DEEPTHI | JOBIN PADINJATH GEORGE,High,Sector: IT/ITeS; Industry: Enterprise Applications; Technology: Web technologies
390,ASHWIN BAVANI INITIATIVES PRIVATE LIMITED,"Thiruvananthapuram, Kerala",https://startups.startupmission.in/startups/pYzA8,https://www.onne.world,IT/ITeS,Enterprise Applications,Web technologies | Mobile Apps,B2B | B2C | Platform,,High,Sector: IT/ITeS; Industry: Enterprise Applications; Technology: Web technologies | Mobile Apps
392,ASIOS ALLIANCE PRIVATE LIMITED,"Kozhikode, Kerala",https://startups.startupmission.in/startups/poQd3,https://asiosalliance.com/,Other,Other,Web technologies,B2B | B2C,SHAHUL S,Medium,Technology: Web technologies
393,ASM ERP SOFTWARES PRIVATE LIMITED,"Alappuzha, Kerala",https://startups.startupmission.in/startups/0JNgy,https://www.youtube.com/watch?v=Hl1kOUZucj8,IT/ITeS,Enterprise Applications,Web technologies,B2B,Mridul Ashok | Sharon Ann Varghese,High,Sector: IT/ITeS; Industry: Enterprise Applications; Technology: Web technologies
394,ASMANTEC,"Thiruvananthapuram, Kerala",https://startups.startupmission.in/startups/0MxXZ,http://www.asmantec.in,Agriculture and Life Sciences | IT/ITeS,Agri Tech | Enterprise Infrastructure | Enterprise Applications,Web technologies,Marketplace | B2B | B2C,Sereena Beegum | Afsal M | Munavar Nahas,High,Sector: Agriculture and Life Sciences | IT/ITeS; Industry: Agri Tech | Enterprise Infrastructure | Enterprise Applications; Technology: Web technologies
396,ASPIRA ONE PERCENT PRIVATE LIMITED,"Kozhikode, Kerala",https://startups.startupmission.in/startups/pmAXk,https://onepercentabroad.com/,Education,EdTech,AI / ML | Web technologies,B2C | Freemium | SaaS,MUHAMMED AL IRSHAD M U,High,Industry: EdTech; Technology: AI / ML | Web technologies; Business model: B2C | Freemium | SaaS
397,ASPIREJO HR SOLUTIONS LLP,"Ernakulam, Kerala",https://startups.startupmission.in/startups/ZjYx8,http://www.aspiregroup.in,IT/ITeS,Enterprise Applications,Web technologies,B2B | B2C | Platform,,High,Sector: IT/ITeS; Industry: Enterprise Applications; Technology: Web technologies
399,ASPIROM TECHNOLOGIES PRIVATE LIMITED,"Kollam, Kerala",https://startups.startupmission.in/startups/8n1NW,https://www.aspiromtechnologies.com/,IT/ITeS,Enterprise Applications,Mobile Apps | Web technologies,B2B | B2C | Platform,Hareez Rahim | Anas MuhammedKunju,High,Sector: IT/ITeS; Industry: Enterprise Applications; Technology: Mobile Apps | Web technologies
401,ASSISTIVED INTELLIGENCE PRIVATE LIMITED,"Thiruvananthapuram, Kerala",https://startups.startupmission.in/startups/pkYLZ,https://www.assistivedintelligence.in,Healthcare,Healthcare IT,Web technologies,B2C,,High,Industry: Healthcare IT; Technology: Web technologies
403,Asta Infotech,"Idukki, Kerala",https://startups.startupmission.in/startups/0Jkgp,https://info@astainfotech.in,Other,Other,Web technologies,B2C,,Medium,Technology: Web technologies
405,ASTIND INFOTECH PRIVATE LIMITED,"Thiruvananthapuram, Kerala",https://startups.startupmission.in/startups/Z2z4G,https://www.Astind.com,IT/ITeS,Enterprise Applications,Web technologies,B2B | B2C,Mohammed Ismail Shiras | Saumya Shiras,High,Sector: IT/ITeS; Industry: Enterprise Applications; Technology: Web technologies
406,ASTOUNDIS INNOVATIONS PRIVATE LIMITED,"Ernakulam, Kerala",https://startups.startupmission.in/startups/pzdaZ,https://www.kidvestor.in,Education,EdTech,Mobile Apps | Web technologies,B2C,,High,Industry: EdTech; Technology: Mobile Apps | Web technologies
407,ASTREK INNOVATIONS PRIVATE LIMITED,"Ernakulam, Kerala",https://startups.startupmission.in/startups/05DQZ,https://www.astrekinnovations.com,Healthcare,Assistive Tech,Robotics | AI / ML | Manufacturing,B2B,Jithin Vidya Ajith | Robin Kanattu Thomas,High,Industry: Assistive Tech; Technology: Robotics | AI / ML | Manufacturing
410,AT BOTS,"Kottayam, Kerala",https://startups.startupmission.in/startups/Z9Be6,https://atbots.net/,Other,Other,AI / ML | Drones | Robotics,B2B | SaaS | B2G,Abi Talib,Medium,Technology: AI / ML | Drones | Robotics; Business model: B2B | SaaS | B2G
411,ATBIS DATA TECHNOLOGIES PRIVATE LIMITED,"Kozhikode, Kerala",https://startups.startupmission.in/startups/ZNaL8,https://www.aibi.co.in/,IT/ITeS,Enterprise Applications,Web technologies,B2B | B2C,,High,Sector: IT/ITeS; Industry: Enterprise Applications; Technology: Web technologies
412,Atbott Solutions,"Ernakulam, Kerala",https://startups.startupmission.in/startups/ZrP55,https://www.atbott.co,Media and Entertainment,AdTech,Web technologies,B2B,,Medium,Industry: AdTech; Technology: Web technologies
413,ATEES INDUSTRIAL TRAINING PRIVATE LIMITED,"Thrissur, Kerala",https://startups.startupmission.in/startups/ZrP73,https://atees.org/,Education,EdTech,Web technologies | AI / ML | Mobile Apps,B2C | B2B,NAEEM IBRAHIM | ANEESH,High,Industry: EdTech; Technology: Web technologies | AI / ML | Mobile Apps
415,ATHELSTAN TECHNOLABS PRIVATE LIMITED,"Ernakulam, Kerala",https://startups.startupmission.in/startups/Z1mgK,https://athelstantechnolabs.com,Media and Entertainment,AdTech,Web technologies,B2B,George Kurian Mathew,Medium,Industry: AdTech; Technology: Web technologies
416,ATHENA ERUDITION,"Ernakulam, Kerala",https://startups.startupmission.in/startups/ZN5dv,https://athenaerudition.com/,Education,EdTech,Web technologies,B2C,ASIF NADHEER,High,Industry: EdTech; Technology: Web technologies
429,AUDENTO DIGITAL PRIVATE LIMITED,"Ernakulam, Kerala",https://startups.startupmission.in/startups/pzyQ0,https://www.audentodigital.com,Media and Entertainment,AdTech,Web technologies,B2B,,Medium,Industry: AdTech; Technology: Web technologies
432,Augmenta Innovations Private Limited,"Ernakulam, Kerala",https://startups.startupmission.in/startups/0BVyB,https://www.bookappstore.com,Education,EdTech,Augmented Reality (AR) | Virtual Reality (VR),B2B | B2C,,Medium,Industry: EdTech; Technology: Augmented Reality (AR) | Virtual Reality (VR)
434,AUITO PRIVATE LIMITED,"Kannur, Kerala",https://startups.startupmission.in/startups/0PAvK,https://timelineservices.life/,IT/ITeS,Consumer Apps,Web technologies,B2B | B2C,AMAL BABU | SARATH SASEENDRAN,High,Sector: IT/ITeS; Industry: Consumer Apps; Technology: Web technologies
436,AURAFINA TECHNOLOGIES PRIVATE LIMITED,"Ernakulam, Kerala",https://startups.startupmission.in/startups/0wRzZ,https://www.vidzers.com/,Media and Entertainment,Social Media,Mobile Apps | Web technologies,B2B,Rajesh Sukumaran | Ajith K George,Medium,Industry: Social Media; Technology: Mobile Apps | Web technologies
437,AUREON PRIVATE LIMITED,"Thiruvananthapuram, Kerala",https://startups.startupmission.in/startups/Z9BxP,https://aureonindia.com,Media and Entertainment,Social Media,Mobile Apps,Platform,ASHISH BINDUKUMARI CHRISTHUDAS | GOKUL S PILLAI | ARUN KUMAR ROSHCHANDRAKUMAR,High,Industry: Social Media; Technology: Mobile Apps
438,AURIX BUSINESS CORP PRIVATE LIMITED,"Thrissur, Kerala",https://startups.startupmission.in/startups/8q6x3,https://www.aurixbusinesscorp.com/,Other,Other,Web technologies,B2C | B2B,ALINA THERESE JOSE | EDWIN PAUL | NIXON ANTU,Medium,Technology: Web technologies
439,AUROGALE TECHNOLOGIES PRIVATE LIMITED,"Ernakulam, Kerala",https://startups.startupmission.in/startups/8X7VK,https://www.aurogale.com/,IT/ITeS,Enterprise Applications,AI / ML,SaaS | B2B | B2G,Venugopalan M K | Akhil M V,High,Sector: IT/ITeS; Industry: Enterprise Applications; Technology: AI / ML
442,AUTOBAE TECHNOLOGIES PRIVATE LIMITED,"Ernakulam, Kerala",https://startups.startupmission.in/startups/8VRq8,https://www.carbae.in/,IT/ITeS,Enterprise Applications,Web technologies | Mobile Apps,Marketplace | B2B | SaaS,Aslamudheen TK,High,Sector: IT/ITeS; Industry: Enterprise Applications; Technology: Web technologies | Mobile Apps
443,AUTOBONICS PRIVATE LIMITED,"Malappuram, Kerala",https://startups.startupmission.in/startups/pl558,https://autobonics.com/,Education,EdTech,3D Printing | AI / ML | Robotics | Internet of Things (IoT),B2B | B2C,SHAHIR ABDULLA | S M MUHAMMED AZHAR,High,Industry: EdTech; Technology: 3D Printing | AI / ML | Robotics | Internet of Things (IoT)
444,AUTOCHAT LLP,"Pathanamthitta, Kerala",https://startups.startupmission.in/startups/Zrjwz,https://createautochat.com/,IT/ITeS,Enterprise Applications,AI / ML | Web technologies,SaaS,Sherly Reji | Reji Raju,High,Sector: IT/ITeS; Industry: Enterprise Applications; Technology: AI / ML | Web technologies
448,AUTOMITHRA INDIA PRIVATE LIMITED,"Palakkad, Kerala",https://startups.startupmission.in/startups/8noxZ,https://www.nationads.in/,Media and Entertainment,AdTech,Web technologies,B2B,,Medium,Industry: AdTech; Technology: Web technologies
451,AUTUMNROOMS TECHNOLOGIES PRIVATE LIMITED,"Ernakulam, Kerala",https://startups.startupmission.in/startups/8AQPx,https://autumnrooms.com/,IT/ITeS,Enterprise Applications,Web technologies,B2C,Mohammed Rafique,High,Sector: IT/ITeS; Industry: Enterprise Applications; Technology: Web technologies
454,AVARTA IT AND DESIGN SOLUTIONS PRIVATE LIMITED,"Pathanamthitta, Kerala",https://startups.startupmission.in/startups/0JNvY,https://avarta.in,Other,Other,AI / ML | Biotechnology | Drones,B2B | Platform,Radhika Prasad | Krishna Chandran,Medium,Technology: AI / ML | Biotechnology | Drones
455,Avasarshala,"Ernakulam, Kerala",https://startups.startupmission.in/startups/0JaKZ,https://www.avasarshala.com,Education,EdTech,Mobile Apps | Web technologies,B2B | B2C,Ashwathy Venugopal | Sandeep Satheesan,High,Industry: EdTech; Technology: Mobile Apps | Web technologies
456,AVB PRECIPRO (OPC) PRIVATE LIMITED,"Kozhikode, Kerala",https://startups.startupmission.in/startups/8VG5E,https://www.avbglobal.com,Other,Other,3D Printing | AI / ML,B2B,CHEPPAIKODE VISHNU ANUP KUMAR,Medium,Technology: 3D Printing | AI / ML
457,AVES SCHOOL OF ARTS PRIVATE LIMITED,"Kollam, Kerala",https://startups.startupmission.in/startups/pymdp,https://www.imagiobox.com,Education,EdTech,Web technologies | Mobile Apps,B2C,Shylaja Kumari | Needhu Krishnan,High,Industry: EdTech; Technology: Web technologies | Mobile Apps
461,AVIO CONCEPTS LLP,"Kollam, Kerala",https://startups.startupmission.in/startups/Z1meW,https://www.godaddy.com/en-in,IT/ITeS,Enterprise Applications,AI / ML | Blockchain | Web technologies,B2B,Azeez Kunju Safeer | AYSHA ISMAIL,High,Sector: IT/ITeS; Industry: Enterprise Applications; Technology: AI / ML | Blockchain | Web technologies
464,AVM FUTUREFORGE PRIVATE LIMITED,"Ernakulam, Kerala",https://startups.startupmission.in/startups/8Lq5K,https://www.beubay.com/login,IT/ITeS,Enterprise Applications,Mobile Apps,SaaS,VISHNU PRAKASH M | ALAN BIJU,High,Sector: IT/ITeS; Industry: Enterprise Applications; Technology: Mobile Apps
465,AWESCRIPTS LLP,"Kottayam, Kerala",https://startups.startupmission.in/startups/Z1VmA,https://www.awescripts.com,IT/ITeS,Enterprise Applications,AI / ML | Web technologies | Big data,B2G | SaaS | B2C,Akhila D | Nikhil John,High,Sector: IT/ITeS; Industry: Enterprise Applications; Technology: AI / ML | Web technologies | Big data
466,AXEN SOFTWARE PRIVATE LIMITED,"Thiruvananthapuram, Kerala",https://startups.startupmission.in/startups/8q6PZ,https://www.axensoft.com,Retail | IT/ITeS,Retail | Consumer Apps,Mobile Apps | Web technologies,B2C | Marketplace | Freemium | B2B,Praveen S S | Pranav S S | Prabin S S,High,Sector: Retail | IT/ITeS; Industry: Retail | Consumer Apps; Technology: Mobile Apps | Web technologies
468,AXL LABS PRIVATE LIMITED,"Thiruvananthapuram, Kerala",https://startups.startupmission.in/startups/0eeLj,https://axllabs.in/,IT/ITeS,Enterprise Applications,AI / ML | Robotics | Mobile Apps,Platform | B2B | SaaS,Jyothish Ram JN | Aswin PN | Akshay Prasad SS | Karthikeyan N,High,Sector: IT/ITeS; Industry: Enterprise Applications; Technology: AI / ML | Robotics | Mobile Apps
469,AXL SOFTWARE SOLUTIONS PRIVATE LIMITED,"Ernakulam, Kerala",https://startups.startupmission.in/startups/8AG3e,https://www.axlsoftwares.com,IT/ITeS,Enterprise Applications,Web technologies,B2B | B2C | Platform,,High,Sector: IT/ITeS; Industry: Enterprise Applications; Technology: Web technologies
471,AXNOL DIGITAL SOLUTIONS PRIVATE LIMITED,"Thiruvananthapuram, Kerala",https://startups.startupmission.in/startups/pbM40,http://axnoldigitalsolutions.com/,IT/ITeS,Enterprise Applications,Web technologies | Mobile Apps,SaaS,Unnikrishnan K C,High,Sector: IT/ITeS; Industry: Enterprise Applications; Technology: Web technologies | Mobile Apps
472,AXOBIS TECHNOLOGIES PRIVATE LIMITED,"Kozhikode, Kerala",https://startups.startupmission.in/startups/0BEvZ,https://www.axobis.com/,IT/ITeS,Enterprise Applications,Web technologies | Mobile Apps | Internet of Things (IoT),B2B | SaaS,Manoj Varghese | Fasi P P,High,Sector: IT/ITeS; Industry: Enterprise Applications; Technology: Web technologies | Mobile Apps | Internet of Things (IoT)
474,AYALSKILL PRIVATE LIMITED,"Thrissur, Kerala",https://startups.startupmission.in/startups/plk7B,https://ayalskill.com,Other,Other,Web technologies,B2B | B2C | Marketplace,METHIL VENUGOPALAN | MUTHIRAMPARAMBIL SARALA DEVI B,Medium,Technology: Web technologies
477,AYMER & CO SOLUTIONS PRIVATE LIMITED,"Malappuram, Kerala",https://startups.startupmission.in/startups/8qrje,https://www.ealzo.com,Healthcare,Healthcare IT,Mobile Apps | Web technologies,B2C | B2B,SALIH AN | FAVAS A N,High,Industry: Healthcare IT; Technology: Mobile Apps | Web technologies
480,AZHIKODE BUSINESS SOLUTIONS PRIVATE LIMITED,"Kannur, Kerala",https://startups.startupmission.in/startups/pmwYZ,https://www.finedeal.co.in,IT/ITeS,Consumer Apps,Mobile Apps | Web technologies,B2B | B2C,,High,Sector: IT/ITeS; Industry: Consumer Apps; Technology: Mobile Apps | Web technologies
482,AZKENA TECHNOLOGIES PRIVATE LIMITED,"Ernakulam, Kerala",https://startups.startupmission.in/startups/pbgWn,https://www.Azkenatech.com,IT/ITeS,Enterprise Applications,Web technologies,B2B | B2G | B2C,CLARA CROWLY,High,Sector: IT/ITeS; Industry: Enterprise Applications; Technology: Web technologies
483,B Jelt Technologies Private Limited,"Ernakulam, Kerala",https://startups.startupmission.in/startups/ZrPdb,https://b-jelt.com/,IT/ITeS,Enterprise Applications,Web technologies | Mobile Apps,B2C,TOMS KOLANJIKOMBIL GEORGE | NIMISHA SARA GEORGE | JOBIN JOSE | LIJO GEORGE | RAMYA THEKKE KAMBRATH | JOBY THOMAS | JINTO GEORGE | MARY LISSA KOSHY,High,Sector: IT/ITeS; Industry: Enterprise Applications; Technology: Web technologies | Mobile Apps
488,BABYLONIA AGSYS PRIVATE LIMITED,"Kozhikode, Kerala",https://startups.startupmission.in/startups/0MonM,https://www.babylonia.ag/,Climate | Agriculture and Life Sciences | Consumer Goods | Education | IT/ITeS,Climate tech | Agri Tech | Consumer Goods | Life Sciences | Agriculture | EdTech | Consumer Apps,AI / ML | Internet of Things (IoT) | Smart Home | Biotechnology | Sustainable Construction | Web technologies | Mobile Apps | Manufacturing,B2B | D2C | B2C | SaaS | Platform | B2G,Akansha Agarwal | Akkandy Nadoolayil Shahir | Farzeen Ahammed Ponmadath,High,Sector: Climate | Agriculture and Life Sciences | Consumer Goods | Education | IT/ITeS; Industry: Climate tech | Agri Tech | Consumer Goods | Life Sciences | Agriculture | EdTech | Consumer Apps; Technology: AI / ML | Internet of Things (IoT) | Smart Home | Biotechnology | Sustainable Construction | Web technologies | Mobile Apps | Manufacturing
491,BALG TECHNOLOGIES PRIVATE LIMITED,"Thiruvananthapuram, Kerala",https://startups.startupmission.in/startups/8RNRG,https://balg.in,Healthcare,Healthcare IT,Web technologies,SaaS,BALAJI KRISHNA,High,Industry: Healthcare IT; Technology: Web technologies; Business model: SaaS
496,BANCWISE TECHNOLOGIES LLP,"Thrissur, Kerala",https://startups.startupmission.in/startups/Z1VEN,http://www.flashfund.in,"Banking, Financial Services and Insurance",FinTech,Mobile Apps | Web technologies,B2B | SaaS | Platform,SIJO PAUL E | JOJI P SUNNY,High,Industry: FinTech; Technology: Mobile Apps | Web technologies; Business model: B2B | SaaS | Platform
497,BANIHAL TECHNOLOGIES LLP,"Kozhikode, Kerala",https://startups.startupmission.in/startups/pQoJZ,https://banihaltechnologies.com,IT/ITeS,Enterprise Infrastructure,Cyber Security | Mobile Apps | Security & Surveillance Technology,B2C,Subind Kottakkatte | Ligin,High,Sector: IT/ITeS; Industry: Enterprise Infrastructure; Technology: Cyber Security | Mobile Apps | Security & Surveillance Technology
498,BANNOVI TECHNOLOGIES PRIVATE LIMITED,"Thiruvananthapuram, Kerala",https://startups.startupmission.in/startups/07Wl3,https://www.bannovi.com/,IT/ITeS,Consumer Apps,AI / ML | Geographic Information Systems | Mobile Apps | Web technologies,Platform | Marketplace | SaaS,PRINCE MOHAN | DENNY KURIAKOSE,High,Sector: IT/ITeS; Industry: Consumer Apps; Technology: AI / ML | Geographic Information Systems | Mobile Apps | Web technologies
499,BANZAN VENTURES PRIVATE LIMITED,"Ernakulam, Kerala",https://startups.startupmission.in/startups/05Ko8,https://www.banzan.co/,Media and Entertainment,Gaming,Mobile Apps | Web technologies,B2C | B2B | Platform | SaaS,Mukesh Dev,Medium,Technology: Mobile Apps | Web technologies; Business model: B2C | B2B | Platform | SaaS
501,BASE OF STARS TECHNOLOGIES LLP,"Kozhikode, Kerala",https://startups.startupmission.in/startups/p6dzV,https://www.baseofstars.com,IT/ITeS,Enterprise Applications,AI / ML | Big data | Web technologies,B2B,AMNAS AHAMED K T | ABDULLA RASHID M,High,Sector: IT/ITeS; Industry: Enterprise Applications; Technology: AI / ML | Big data | Web technologies
502,BASELINET PRIVATE LIMITED,"Ernakulam, Kerala",https://startups.startupmission.in/startups/Z3grZ,http://baselinet.com/,IT/ITeS,Enterprise Applications,Mobile Apps | Web technologies,B2B | Marketplace | Freemium,Haneefa T P,High,Sector: IT/ITeS; Industry: Enterprise Applications; Technology: Mobile Apps | Web technologies
504,BASSAM INFOTECH LLP,"Kozhikode, Kerala",https://startups.startupmission.in/startups/0BevZ,https://www.bassaminfotech.com/,IT/ITeS,Enterprise Applications,Manufacturing | Mobile Apps | Web technologies,B2C | B2B,AMINA HARSHAD | ABDUL BASITH ALI,High,Sector: IT/ITeS; Industry: Enterprise Applications; Technology: Manufacturing | Mobile Apps | Web technologies
507,BAVANS SOFTWARE PUBLISHING LLP,"Ernakulam, Kerala",https://startups.startupmission.in/startups/0MJPk,https://bavans.net/,Education,EdTech,AI / ML,B2C,PARAMESWARAN VIJAYAKUMAR | SWATHYMOL PARAMBATHERIL SALILAKUMAR,High,Industry: EdTech; Technology: AI / ML
508,BAYESIAN WAYS LLP,"Thiruvananthapuram, Kerala",https://startups.startupmission.in/startups/Z2oV0,http://bayesian.in,IT/ITeS,Enterprise Applications,AI / ML | Big data | Internet of Things (IoT),B2B,Rajesh Rajesh | Kiran Vinayan,High,Sector: IT/ITeS; Industry: Enterprise Applications; Technology: AI / ML | Big data | Internet of Things (IoT)
512,BDECR SYSTEMS INDIA PRIVATE LIMITED,"Malappuram, Kerala",https://startups.startupmission.in/startups/Z3V5B,https://www.startupindia.gov.in,IT/ITeS,Enterprise Applications,Web technologies | Big data | Blockchain,B2C | Platform | B2B,UPPATHIL CHATHOTH UMMU SALMA | UPPATTIL CHATHOTH MOHAMMED RIS,High,Sector: IT/ITeS; Industry: Enterprise Applications; Technology: Web technologies | Big data | Blockchain
513,BE LITTLE THINGS LLP,"Thiruvananthapuram, Kerala",https://startups.startupmission.in/startups/ZN5v6,https://www.belittlethingscreatives.online/,Media and Entertainment,AdTech,Web technologies,B2B,MEERA MOHAN | RESMI JAMES,Medium,Industry: AdTech; Technology: Web technologies
514,BEACN SOCIAL ENTERTAINMENT PRIVATE LIMITED,"Ernakulam, Kerala",https://startups.startupmission.in/startups/ZrP4N,https://beacn.social/,IT/ITeS,Consumer Apps,AI / ML | Web technologies | Mobile Apps,Platform,Abhishek Mammen Thomas | Joel Joseph Vilan,High,Sector: IT/ITeS; Industry: Consumer Apps; Technology: AI / ML | Web technologies | Mobile Apps
515,BEAGLE CYBER INNOVATIONS PRIVATE LIMITED,"Thiruvananthapuram, Kerala",https://startups.startupmission.in/startups/05150,https://beaglesecurity.com,IT/ITeS,Enterprise Applications,Cyber Security | Internet of Things (IoT) | AI / ML,B2B | B2C,Rejah Rehim,High,Sector: IT/ITeS; Industry: Enterprise Applications; Technology: Cyber Security | Internet of Things (IoT) | AI / ML
517,BEANORBIT INTERNATIONAL LLP,"Ernakulam, Kerala",https://startups.startupmission.in/startups/ZaV2m,https://beanorbit.com/,IT/ITeS,Enterprise Applications | Mobile,Mobile Apps | AI / ML | Web technologies,SaaS | B2B | B2G,AFSUL RAHMAN ULLATTIL | PRIYA CHENTHAMARAKSHAN | Ajaymon k s,High,Sector: IT/ITeS; Industry: Enterprise Applications | Mobile; Technology: Mobile Apps | AI / ML | Web technologies
518,BEAT EDU CENTER OF EXCELLENCE PRIVATE LIMITED,"Kozhikode, Kerala",https://startups.startupmission.in/startups/ZOXRg,https://beateducations.com,Education,EdTech,AI / ML | Big data | Drones,B2C,MOHAMMED MUKTHAR ERANHIKATH | MUSHTHAQUE ALI AHAMED CHALI PA,High,Industry: EdTech; Technology: AI / ML | Big data | Drones
521,BEDEZI STARTUPS PRIVATE LIMITED,"Pathanamthitta, Kerala",https://startups.startupmission.in/startups/ZrB3Z,https://www.bedezi-startups.com/,IT/ITeS,Enterprise Applications,Mobile Apps | Web technologies,B2B | B2C,,High,Sector: IT/ITeS; Industry: Enterprise Applications; Technology: Mobile Apps | Web technologies
522,BEELYN LLP,"Ernakulam, Kerala",https://startups.startupmission.in/startups/8LqrO,https://www.hivenow.in/,IT/ITeS,Consumer Apps,Internet of Things (IoT),B2C | B2B,Tejas Christopher,High,Sector: IT/ITeS; Industry: Consumer Apps; Technology: Internet of Things (IoT)
525,BEEYEMHEALTH AT 999 PRIVATE LIMITED,"Ernakulam, Kerala",https://startups.startupmission.in/startups/0JNey,https://www.healthat999.com/,Healthcare,Healthcare IT,AI / ML | Internet of Things (IoT) | Mobile Apps,Marketplace | D2C | B2C,Bijesh Muthirakkal,High,Industry: Healthcare IT; Technology: AI / ML | Internet of Things (IoT) | Mobile Apps
526,BEFIND SOLUTIONS PRIVATE LIMITED,"Kannur, Kerala",https://startups.startupmission.in/startups/8KmXn,https://www.fiinder.in/,Media and Entertainment,AdTech,Mobile Apps,B2B | Freemium | Marketplace,Muhammed Asharaf P,Medium,Industry: AdTech; Technology: Mobile Apps
527,BEGIN4 SOLUTIONS,"Thiruvananthapuram, Kerala",https://startups.startupmission.in/startups/pmBkj,https://www.begin4solutions.com,IT/ITeS,Enterprise Infrastructure,Internet of Things (IoT) | Mobile Apps | Web technologies,B2B | B2C | B2G,Banisha Babu K | Badush Babu K,High,Sector: IT/ITeS; Industry: Enterprise Infrastructure; Technology: Internet of Things (IoT) | Mobile Apps | Web technologies
529,Behind The Scene Apps,"Thiruvananthapuram, Kerala",https://startups.startupmission.in/startups/poXWO,https://www.behindthescene.app,IT/ITeS,Mobile,Mobile Apps,SaaS,Renjith S R | Shameer Sharafudeen,High,Sector: IT/ITeS; Industry: Mobile; Technology: Mobile Apps
530,BEINEX CONSULTING PRIVATE LIMITED,"Kottayam, Kerala",https://startups.startupmission.in/startups/p61B0,https://www.beinex.com/,IT/ITeS,Enterprise Applications,AI / ML,B2B | B2C,,High,Sector: IT/ITeS; Industry: Enterprise Applications; Technology: AI / ML
531,BELFORT OUTSOURCING LIMITED LIABILITY PARTNERSHIP,"Palakkad, Kerala",https://startups.startupmission.in/startups/8VYqp,http://belfort.in/index.php,IT/ITeS,Enterprise Applications,Web technologies,B2B | B2C,,High,Sector: IT/ITeS; Industry: Enterprise Applications; Technology: Web technologies
536,Benagon Technologies Private Limited,"Idukki, Kerala",https://startups.startupmission.in/startups/8Logr,https://www.benagon.com,Healthcare,Healthcare IT,Web technologies | Big data,B2B,,High,Industry: Healthcare IT; Technology: Web technologies | Big data
537,BENDITA BIONICS PRIVATE LIMITED,"Idukki, Kerala",https://startups.startupmission.in/startups/pQQop,https://bendita.in/,Healthcare,Assistive Tech,3D Printing | AI / ML | Robotics,B2B,ROVER C JOSEPH | Ashik Ansary Madukoliparambil,High,Industry: Assistive Tech; Technology: 3D Printing | AI / ML | Robotics
539,BENETIZE PRIVATE LIMITED,"Thiruvananthapuram, Kerala",https://startups.startupmission.in/startups/04Lv0,https://www.benetizegroup.com/,Healthcare,Healthcare IT,Biotechnology,B2C,,Medium,Industry: Healthcare IT; Technology: Biotechnology
540,BENLOTEX PRIVATE LIMITED,"Kottayam, Kerala",https://startups.startupmission.in/startups/Zrkmx,https://benlotex.com/,Agriculture and Life Sciences | Healthcare | Climate | Education | Energy | Consumer Goods,Agri Tech | Fitness & Wellness | Climate tech | EdTech | Renewable Energy | Consumer Hardware,Sensors | Internet of Things (IoT) | AI / ML | Nanotechnology | Big data | Blockchain | Smart Home | Robotics,B2B | B2G | B2C,Femy B Varghese | Geethu Joseph,Medium,Industry: Agri Tech | Fitness & Wellness | Climate tech | EdTech | Renewable Energy | Consumer Hardware; Technology: Sensors | Internet of Things (IoT) | AI / ML | Nanotechnology | Big data | Blockchain | Smart Home | Robotics
541,BENLYCOS PRIVATE LIMITED,"Kozhikode, Kerala",https://startups.startupmission.in/startups/0MEk0,https://www.benlycos.com,Electronics and Communication,Telecom,Web technologies | Cyber Security,B2B,KUMAR MRINAL | Sajith EK,Medium,Technology: Web technologies | Cyber Security
542,BENTURA TECHNOLOGIES PRIVATE LIMITED,"Ernakulam, Kerala",https://startups.startupmission.in/startups/8X54Z,https://www.benturatechnologies.com,IT/ITeS,Enterprise Applications,Web technologies,B2B | B2C,,High,Sector: IT/ITeS; Industry: Enterprise Applications; Technology: Web technologies
543,BEPACE INTELLIGENCE PRIVATE LIMITED,"Thiruvananthapuram, Kerala",https://startups.startupmission.in/startups/0WXPp,http://pacehitech.com,IT/ITeS,Consumer Apps,Web technologies,B2B | B2C,,High,Sector: IT/ITeS; Industry: Consumer Apps; Technology: Web technologies
544,BESTER ACADEMY STUDY IN INDIA AND ABROAD PRIVATE LIMITED,"Wayanad, Kerala",https://startups.startupmission.in/startups/04W6M,https://besterlearning.com/,Education,EdTech,Geographic Information Systems,B2C | B2B,MUHAMMAD JABIR K P | FATHIMATH NAJEEBA,Medium,Industry: EdTech
546,BETATASK PRIVATE LIMITED,"Kollam, Kerala",https://startups.startupmission.in/startups/8AKm0,https://task19.com/,IT/ITeS,Consumer Apps,Mobile Apps | Web technologies,SaaS | B2B | B2C,AFSAL ABDUL KABEER | HAREES HANEEFA | FAIZAL HANEEFA,High,Sector: IT/ITeS; Industry: Consumer Apps; Technology: Mobile Apps | Web technologies
547,BETSER LIFE PRIVATE LIMITED,"Thiruvananthapuram, Kerala",https://startups.startupmission.in/startups/8Xkwm,https://www.betserlife.com,Healthcare,Healthcare IT,Web technologies | Mobile Apps,B2C | Platform,,High,Industry: Healthcare IT; Technology: Web technologies | Mobile Apps
550,BETTERONICS ALPHA PRIVATE LIMITED,"Thiruvananthapuram, Kerala",https://startups.startupmission.in/startups/0GOWw,https://www.betteronicsalpha.com,IT/ITeS,Consumer Apps | Enterprise Applications,AI / ML | Web technologies,B2B | B2C | Platform,,High,Sector: IT/ITeS; Industry: Consumer Apps | Enterprise Applications; Technology: AI / ML | Web technologies
551,BETTERSHARK PRIVATE LIMITED,"Kozhikode, Kerala",https://startups.startupmission.in/startups/ZdDYZ,https://bettershark.com,IT/ITeS,Consumer Apps,Web technologies,B2B | B2C | Marketplace,,High,Sector: IT/ITeS; Industry: Consumer Apps; Technology: Web technologies
553,BEYOND CLOSINGGAP PRIVATE LIMITED,"Thiruvananthapuram, Kerala",https://startups.startupmission.in/startups/8KxYm,http://www.theclosinggap.net,IT/ITeS,Enterprise Applications,AI / ML | Web technologies | Virtual Reality (VR),B2B | Platform | B2C,JUBY ROBERT | HYCINTH NOEL FRANCIS NOEL | SUJA SURESH,High,Sector: IT/ITeS; Industry: Enterprise Applications; Technology: AI / ML | Web technologies | Virtual Reality (VR)
554,Beyond Syllabus Pvt Ltd,"Ernakulam, Kerala",https://startups.startupmission.in/startups/07Pmp,https://www.miworld.co.in,Education,EdTech,Web technologies,Platform,,High,Industry: EdTech; Technology: Web technologies
557,BHARAT WIFI PRIVATE LIMITED,"Thiruvananthapuram, Kerala",https://startups.startupmission.in/startups/8KQ2G,https://bharatwifi.co/,Electronics and Communication,Telecom,Display Technology | AI / ML | Big data,B2B | B2G | SaaS,CHANDRA BHANU MOHAPATRA | SYAM KUMAR RAVINDRAN,Medium,Technology: Display Technology | AI / ML | Big data; Business model: B2B | B2G | SaaS
561,BHEEMVERSE INNOVATION PRIVATE LIMITED,"Ernakulam, Kerala",https://startups.startupmission.in/startups/ZjqMx,https://bheemverse.com,IT/ITeS,Enterprise Applications,AI / ML,B2B | B2C,SUNDEEP BHUVANENDRAN KULATHUMK | JOSEPH GEORGE,High,Sector: IT/ITeS; Industry: Enterprise Applications; Technology: AI / ML
568,BIGBILL TECHNO DESIGNS PRIVATE LIMITED,"Ernakulam, Kerala",https://startups.startupmission.in/startups/pQyLQ,https://bigskymobileimaging.com/,IT/ITeS,Enterprise Infrastructure,AI / ML | Big data | Web technologies,B2B,REVATHY GOPAKUMAR GEETHAKUMARI | GOPAL SUNIL KUMAR,High,Sector: IT/ITeS; Industry: Enterprise Infrastructure; Technology: AI / ML | Big data | Web technologies
569,BIGDATES AI SOFTWARES PRIVATE LIMITED,"Ernakulam, Kerala",https://startups.startupmission.in/startups/Z2PAz,https://bigdates.ai/home,IT/ITeS,Consumer Apps,AI / ML | Web technologies,B2C | Freemium | Platform,KOTTIKKAL SEKHARAN AKHIL,High,Sector: IT/ITeS; Industry: Consumer Apps; Technology: AI / ML | Web technologies
572,BIGLEARNING EDU TECH PRIVATE LIMITED,"Pathanamthitta, Kerala",https://startups.startupmission.in/startups/pYgxN,https://biglearning.co.in,Education,EdTech,Web technologies,B2C,,High,Industry: EdTech; Technology: Web technologies
574,BIGONE TECHNOLOGIES LLP,"Thrissur, Kerala",https://startups.startupmission.in/startups/04lxx,https://bigone.tech,IT/ITeS,Enterprise Applications,AI / ML | Web technologies,B2B,Abhinand Gokhala K | Gokhala K K,High,Sector: IT/ITeS; Industry: Enterprise Applications; Technology: AI / ML | Web technologies
576,BIGSLATE MEDIA SOLUTIONS PRIVATE LIMITED,"Kozhikode, Kerala",https://startups.startupmission.in/startups/pbgX3,https://www.bhavithaap@gmail.com/,Media and Entertainment,Social Media,Web technologies,B2B,BHAVITHA ACHI PILAKKOOL | SANIYO CHANDRAN SUVARNA,Medium,Industry: Social Media; Technology: Web technologies
578,BILDX TECHNOLOGIES PRIVATE LIMITED,"Ernakulam, Kerala",https://startups.startupmission.in/startups/05DGn,https://www.archpro.live,Retail,Real Estate Tech / Prop Tech,AI / ML | Big data | Virtual Reality (VR),Platform | B2B | B2C,Linto Mathew | John Mathew | Neethu Babuji,Medium,Technology: AI / ML | Big data | Virtual Reality (VR)
579,BILLMYKART TECHNOLOGIES PRIVATE LIMITED,"Kozhikode, Kerala",https://startups.startupmission.in/startups/8gbQ1,https://billmykart.com,IT/ITeS,Enterprise Applications,AI / ML | Mobile Apps | Web technologies,B2B,Nancy Varghese | Harikumar K T,High,Sector: IT/ITeS; Industry: Enterprise Applications; Technology: AI / ML | Mobile Apps | Web technologies
582,BINALYTO DATA SERVICES PRIVATE LIMITED,"Kozhikode, Kerala",https://startups.startupmission.in/startups/pvVkp,http://www.binalyto.com,IT/ITeS,Enterprise Applications,Web technologies,B2C,ANAS MADAPPALLY | DIVYA S,High,Sector: IT/ITeS; Industry: Enterprise Applications; Technology: Web technologies
584,BINOVATION TECHNOLOGIES PRIVATE LIMITED,"Ernakulam, Kerala",https://startups.startupmission.in/startups/p6raE,http://bizupapp.com/,IT/ITeS,Enterprise Applications,Mobile Apps,B2B,HABEEBA KURUKKAN PEEDIKAYIL | THLIKKARAN PUTTATHIRA VALAPPIL,High,Sector: IT/ITeS; Industry: Enterprise Applications; Technology: Mobile Apps
589,BIOBYTE INFORMATICS PRIVATE LIMITED,"Ernakulam, Kerala",https://startups.startupmission.in/startups/8RD9x,https://www.biobyteglobal.com/,Healthcare,Healthcare IT,AI / ML | Big data,B2B | B2C | SaaS,ANAND JUDE CHRIPURAM | ABRAHAM SUDHI SIMON,High,Industry: Healthcare IT; Technology: AI / ML | Big data; Business model: B2B | B2C | SaaS
592,Biomart Sustainable Projects Private Limited,"Ernakulam, Kerala",https://startups.startupmission.in/startups/8KQew,https://biomartsustainable.com,Climate | IT/ITeS,Waste Management | Consumer Apps,Sustainable Construction | AI / ML | Mobile Apps | Big data,B2B | Freemium | B2C,Ravikrishnan Kakkirikkan | Ritwik Ravikrishnan | Kakkirikkan Karayi Samal | Aswathi Sasidharan,High,Sector: Climate | IT/ITeS; Industry: Waste Management | Consumer Apps; Technology: Sustainable Construction | AI / ML | Mobile Apps | Big data
600,BIOTA PRECISION AGRICULTURE PRIVATE LIMITED,"Thiruvananthapuram, Kerala",https://startups.startupmission.in/startups/Z2jKZ,http://www.thebiota.in,Agriculture and Life Sciences,Agri Tech,Internet of Things (IoT) | Mobile Apps | Sensors,B2B | B2G | SaaS,Kavitha B,Medium,Technology: Internet of Things (IoT) | Mobile Apps | Sensors; Business model: B2B | B2G | SaaS
605,BIPHA OMNITECH PRIVATE LIMITED,"Kottayam, Kerala",https://startups.startupmission.in/startups/0GjXZ,https://www.bipha.com,Healthcare,Healthcare IT,Web technologies | Mobile Apps,B2C,,High,Industry: Healthcare IT; Technology: Web technologies | Mobile Apps
606,BIRAPT MARKETING AND SOLUTIONS PRIVATE LIMITED,"Ernakulam, Kerala",https://startups.startupmission.in/startups/Z3kLZ,https://birapt.com/home,Media and Entertainment,AdTech,Web technologies,B2B,,Medium,Industry: AdTech; Technology: Web technologies
607,BISAURA TECHNOLOGIES PRIVATE LIMITED,"Kannur, Kerala",https://startups.startupmission.in/startups/8LoNK,https://www.bisauratechnologies.com,Media and Entertainment,AdTech,Web technologies,B2C | B2B,SUJITH JAMES | MULLIKOTTU SANTHOSH | CHATHADI SANEESH,Medium,Industry: AdTech; Technology: Web technologies
608,BISTUX SOLUTIONS PRIVATE LIMITED,"Kozhikode, Kerala",https://startups.startupmission.in/startups/0PODW,https://ainvox.com,IT/ITeS,Enterprise Applications,AI / ML,B2B | B2C,PUTHANKARA SADIQUE ALI | MUBASHIRA THRICKULATH,High,Sector: IT/ITeS; Industry: Enterprise Applications; Technology: AI / ML
611,BITSLEDGER INDIA PRIVATE LIMITED,"Ernakulam, Kerala",https://startups.startupmission.in/startups/8Xoyp,https://bitsledger.com,"Banking, Financial Services and Insurance",FinTech,Web technologies,B2B,,High,Industry: FinTech; Technology: Web technologies
614,BIZATOM UNIVERSAL LOYALTY CARD PRIVATE LIMITED,"Malappuram, Kerala",https://startups.startupmission.in/startups/0JN4k,https://bizatom.in/,"Banking, Financial Services and Insurance",FinTech,Display Technology | Internet of Things (IoT) | Security & Surveillance Technology,B2B | B2C | D2C,ABBAS MANI PARAMBATH | SADIQALI MULANHIPPULAKKAL,Medium,Industry: FinTech; Technology: Display Technology | Internet of Things (IoT) | Security & Surveillance Technology
616,BIZCORN STARTUP CONSULTANCY LLP,"Kozhikode, Kerala",https://startups.startupmission.in/startups/Za2zR,https://bizcorn.in/,Education,EdTech,Mobile Apps,B2C,VIDHUNLAL MADATHILTHODI,High,Industry: EdTech; Technology: Mobile Apps
617,BIZLEAF TECHNOLOGIES,"Pathanamthitta, Kerala",https://startups.startupmission.in/startups/Z9K6p,https://www.bizleaftechnologies.com,IT/ITeS,Enterprise Applications,Web technologies,B2B | B2C | Platform,,High,Sector: IT/ITeS; Industry: Enterprise Applications; Technology: Web technologies
618,BIZLIN TECHNOLOGIES LLP,"Alappuzha, Kerala",https://startups.startupmission.in/startups/Z9BM6,https://bizlin.tech,IT/ITeS,Consumer Apps,AI / ML | Web technologies | Mobile Apps,B2B | SaaS | Platform,GILSON GILBERT,High,Sector: IT/ITeS; Industry: Consumer Apps; Technology: AI / ML | Web technologies | Mobile Apps
621,BIZTROCRAT BUSINESS & TRADES PRIVATE LIMITED,"Ernakulam, Kerala",https://startups.startupmission.in/startups/ZdgG8,https://www.wati.live,IT/ITeS,Enterprise Applications,Web technologies,B2B | B2C | Marketplace | Platform,Johny Antony,High,Sector: IT/ITeS; Industry: Enterprise Applications; Technology: Web technologies
624,BIZZDECK LLP,"Ernakulam, Kerala",https://startups.startupmission.in/startups/Z9BgQ,https://bizzdeck.com/,IT/ITeS,Enterprise Applications,AI / ML | Mobile Apps | Big data,B2B,Mohammed Rafath TP | Fida,High,Sector: IT/ITeS; Industry: Enterprise Applications; Technology: AI / ML | Mobile Apps | Big data
625,BLACK STONE CUBE (OPC) PRIVATE LIMITED,"Kozhikode, Kerala",https://startups.startupmission.in/startups/pzGB8,http://blackstonecube.com,Healthcare,Healthcare IT,Web technologies | Mobile Apps,B2B,Mujeeb Rahman,High,Industry: Healthcare IT; Technology: Web technologies | Mobile Apps
627,BLACKPIE TECHNOLOGIES PRIVATE LIMITED,"Malappuram, Kerala",https://startups.startupmission.in/startups/pvyyQ,https://blackpie.co,Education,EdTech,AI / ML,B2C,Nimil Salam Mundodan | Razil Salam Mundodan,High,Industry: EdTech; Technology: AI / ML
628,BLACKWINGS INNOVATIONS PRIVATE LIMITED,"Ernakulam, Kerala",https://startups.startupmission.in/startups/Z9QmP,https://blackwings.in/,IT/ITeS,Consumer Apps,Mobile Apps | Web technologies,B2B | B2C | SaaS,SAGEESH THACHUKUZHIYIL KUNJU | VALIYA PARAMBIL VIPIN | Aneesh Krishna,High,Sector: IT/ITeS; Industry: Consumer Apps; Technology: Mobile Apps | Web technologies
629,BLACKWOOD DYNAMICS (OPC) PRIVATE LIMITED,"Ernakulam, Kerala",https://startups.startupmission.in/startups/0Pdw0,https://blackwooddynamics.tech,IT/ITeS,Enterprise Applications,Web technologies,B2B | B2C,Joel Varghese,High,Sector: IT/ITeS; Industry: Enterprise Applications; Technology: Web technologies
630,BLENDED EDTECH PRIVATE LIMITED,"Kozhikode, Kerala",https://startups.startupmission.in/startups/07YA8,https://www.blend-ed.com,Education,EdTech,Mobile Apps | Web technologies,B2B | SaaS | Platform,Puthenveetil Primshad | Nadheem Abdulla,High,Industry: EdTech; Technology: Mobile Apps | Web technologies; Business model: B2B | SaaS | Platform
631,BLESSED MARY INSTITUTE PRIVATE LIMITED,"Malappuram, Kerala",https://startups.startupmission.in/startups/0PO7W,http://blessedmaryinstitute.in,Education,EdTech,AI / ML | Web technologies,B2C | B2B,Jo Thomas Chennamparambil,High,Industry: EdTech; Technology: AI / ML | Web technologies
634,BLOCKBUSTER TECHNOLOGIES PRIVATE LIMITED,"Ernakulam, Kerala",https://startups.startupmission.in/startups/ZDVEp,https://smartbasket.ai/,"Banking, Financial Services and Insurance",FinTech,AI / ML,B2C,Nikhil Dharman | Thoppilthodi Raheem Shamsudheen,High,Industry: FinTech; Technology: AI / ML
635,BLOOMBERG RESEARCH INSTITUTE OF DIGITAL COMMUNICATION PRIVATE LIMITED,"Malappuram, Kerala",https://startups.startupmission.in/startups/ZdlM4,https://bloombergintl.com/,Education,EdTech,Web technologies | Robotics | Manufacturing | Internet of Things (IoT),B2C | B2B | Platform,NOUSHAD PATHIYIL | SHAHALATH KALATHIL THODI,High,Industry: EdTech; Technology: Web technologies | Robotics | Manufacturing | Internet of Things (IoT)
636,BLOOMBLOOM DREAMBIZ PRIVATE LIMITED,"Thiruvananthapuram, Kerala",https://startups.startupmission.in/startups/ZNNMN,https://www.bloombloom.co,Education,EdTech,Web technologies,B2C,,High,Industry: EdTech; Technology: Web technologies
637,BLOQ QUANTUM PRIVATE LIMITED,"Kollam, Kerala",https://startups.startupmission.in/startups/8VGVE,https://www.bloq.in/,IT/ITeS,Enterprise Applications,Quantum Computing,B2B | Platform | SaaS,Sreekuttan Lalymol Sukesh | Jay Patel,High,Sector: IT/ITeS; Industry: Enterprise Applications; Business model: B2B | Platform | SaaS
638,BLOUNGE CO-WORKING PRIVATE LIMITED,"Kozhikode, Kerala",https://startups.startupmission.in/startups/Za2kK,http://blounge.in/,Other,Other,Big data,B2C,SHAMJID K P | MUHAMMED ANAS K K,Medium,Technology: Big data
639,Bloxeed Techlabs. LLP,"Malappuram, Kerala",https://startups.startupmission.in/startups/0wgKG,https://www.bloxeed.com,"Banking, Financial Services and Insurance | IT/ITeS",FinTech | Enterprise Applications,AI / ML | Blockchain | Big data | Mobile Apps | Web technologies,B2C | Marketplace | Platform | SaaS | B2B | B2G,Vazhappully House | Shamla,High,"Sector: Banking, Financial Services and Insurance | IT/ITeS; Industry: FinTech | Enterprise Applications; Technology: AI / ML | Blockchain | Big data | Mobile Apps | Web technologies"
645,BLUELOTUZ AI PRIVATE LIMITED,"Palakkad, Kerala",https://startups.startupmission.in/startups/0er5m,https://finskil.org/,Education,EdTech,AI / ML,B2C | B2B,Rajeev Ramanath Hariharan | Shobha K H,High,Industry: EdTech; Technology: AI / ML
647,BLUESTRIX SOLUTIONS PRIVATE LIMITED,"Thiruvananthapuram, Kerala",https://startups.startupmission.in/startups/ZaVer,http://bluestrix.in/,IT/ITeS,Enterprise Applications,Augmented Reality (AR) | Robotics | AI / ML,B2B | B2G | Marketplace,Chinnu Chandran | petreshia gladston gomez,High,Sector: IT/ITeS; Industry: Enterprise Applications; Technology: Augmented Reality (AR) | Robotics | AI / ML
648,BLUETIMBRE MUSIC PRIVATE LIMITED,"Ernakulam, Kerala",https://startups.startupmission.in/startups/pYxGj,https://www.musicpandit.com/,Education,EdTech,Web technologies,B2C,Serah John | Sherin Winstent,High,Industry: EdTech; Technology: Web technologies
649,BLULINES EDUCATIONAL SERVICES PRIVATE LIMITED,"Malappuram, Kerala",https://startups.startupmission.in/startups/8XwkK,https://www.linkedin.com,Education,EdTech,Mobile Apps,B2C,MUHAMED NISAMUDDEEN | DANIYA AHAMED,High,Industry: EdTech; Technology: Mobile Apps
650,BLURD TECHNOLOGIES PRIVATE LIMITED,"Thrissur, Kerala",https://startups.startupmission.in/startups/Z1VAb,https://3dn.app/,IT/ITeS,Consumer Apps,Internet of Things (IoT) | AI / ML,B2B | B2C | SaaS,Hari Krishna somanadhan | VISAKH P,High,Sector: IT/ITeS; Industry: Consumer Apps; Technology: Internet of Things (IoT) | AI / ML
652,BLUSTEAK MEDIA PRIVATE LIMITED,"Kottayam, Kerala",https://startups.startupmission.in/startups/ZO1op,https://blusteak.com/,Media and Entertainment,AdTech,Web technologies,B2B,Telson Thomas | Jaison Thomas,Medium,Industry: AdTech; Technology: Web technologies
654,BNKHUB FINSERV PRIVATE LIMITED,"Ernakulam, Kerala",https://startups.startupmission.in/startups/ZNMwW,https://www.bankhubsolutions.com,"Banking, Financial Services and Insurance",Financial Services,Mobile Apps,B2B | Platform,ABHILASH CHANDRAN | NIMMY JOHN | KIRAN T JOSEPH,Medium,Technology: Mobile Apps
656,Bochdale Solutions Private Limited,"Thiruvananthapuram, Kerala",https://startups.startupmission.in/startups/8VDlq,https://bochdale.com,IT/ITeS,Enterprise Applications,AI / ML | Mobile Apps | Web technologies,B2B,Ajith vijayan,High,Sector: IT/ITeS; Industry: Enterprise Applications; Technology: AI / ML | Mobile Apps | Web technologies
658,BODHWI TECHNOLOGIES PRIVATE LIMITED,"Ernakulam, Kerala",https://startups.startupmission.in/startups/8XJY0,http://findmyhostel.in,IT/ITeS | Retail,Consumer Apps | Real Estate Tech / Prop Tech,Web technologies | Mobile Apps,B2B | B2C,Hanzal Salim | Shiyas,High,Sector: IT/ITeS | Retail; Industry: Consumer Apps | Real Estate Tech / Prop Tech; Technology: Web technologies | Mobile Apps
663,BOHEMIAN LIFESTYLE INDIA PRIVATE LIMITED,"Thiruvananthapuram, Kerala",https://startups.startupmission.in/startups/ZD7Ya,https://borntoimagine.com/,Education,EdTech,Web technologies,D2C,Ajith Kumar,High,Industry: EdTech; Technology: Web technologies
665,BONVOICE SOLUTIONS PRIVATE LIMITED,"Ernakulam, Kerala",https://startups.startupmission.in/startups/0JNPg,https://bonvoice.com/,IT/ITeS,Enterprise Applications,Web technologies,B2B | Platform,GIS GEORGE | FEROZ MUJEEB REHMAN,High,Sector: IT/ITeS; Industry: Enterprise Applications; Technology: Web technologies
666,BOOFIGO ORDERING APP (OPC) PRIVATE LIMITED,"Kasaragod, Kerala",https://startups.startupmission.in/startups/ZdroQ,http://boofigo.in,Other,Other,Mobile Apps | Geographic Information Systems | Big data,B2B | D2C | B2C,KUNHIAHAMMED MUTTAM ABDUL RAHI,Medium,Technology: Mobile Apps | Geographic Information Systems | Big data
667,BOOK YOUR HOSPITAL BYSTANDER,"Ernakulam, Kerala",https://startups.startupmission.in/startups/07XRM,https://bookyourhospitalbystander.com/,Healthcare,Healthcare IT,Mobile Apps | Web technologies,B2C | B2B,ACHSAY MARY ALEXANDER | RUPEN PHILIPOSE,High,Industry: Healthcare IT; Technology: Mobile Apps | Web technologies
669,BOOKBARB BUSINESS PRIVATE LIMITED,"Kannur, Kerala",https://startups.startupmission.in/startups/Z1mRK,https://bookbarb.online,IT/ITeS,Consumer Apps,Mobile Apps,B2B | B2C | Platform,SHEROZ PAKKAR MOOPPAN | CHULLIYODAN PATTUVAMVALAPPIL M,High,Sector: IT/ITeS; Industry: Consumer Apps; Technology: Mobile Apps
671,Bornbix Technologies Private Limited,"Thiruvananthapuram, Kerala",https://startups.startupmission.in/startups/07mwe,https://www.wekeralam.com,IT/ITeS,Consumer Apps,Web technologies,Marketplace | Freemium,NANDINI ANILKUMAR | VISAKH SHAJI,High,Sector: IT/ITeS; Industry: Consumer Apps; Technology: Web technologies
672,BOSON INFO TECH PRIVATE LIMITED,"Kannur, Kerala",https://startups.startupmission.in/startups/8gRBJ,https://bosoninfotech.com,IT/ITeS,Enterprise Applications,Mobile Apps | Web technologies,B2B | B2C | SaaS,GINCY VARGHESE | SHAJI ALEX,High,Sector: IT/ITeS; Industry: Enterprise Applications; Technology: Mobile Apps | Web technologies
673,BOTANGELOS LLP,"Kozhikode, Kerala",https://startups.startupmission.in/startups/pQOvX,https://botangelos.com/,IT/ITeS,Enterprise Applications,AI / ML,B2B,Mary | Kokul Jose,High,Sector: IT/ITeS; Industry: Enterprise Applications; Technology: AI / ML
675,BOTCAST INDUSTRIES PRIVATE LIMITED,"Kozhikode, Kerala",https://startups.startupmission.in/startups/0ernP,http://botcast.in/,Media and Entertainment,AdTech,Web technologies,B2B,MUHAMMED IHSAN CP | Farsin CP,Medium,Industry: AdTech; Technology: Web technologies
680,BPAX Technologies LLP,"Kozhikode, Kerala",https://startups.startupmission.in/startups/pQOno,https://www.bpax.in,IT/ITeS,Enterprise Applications,Web technologies,B2B,Rayhan Abdul Rahiman | Sabarinath Vylassery,High,Sector: IT/ITeS; Industry: Enterprise Applications; Technology: Web technologies
683,Brai Ro Tech Private Limited,"Thrissur, Kerala",https://startups.startupmission.in/startups/0WPVQ,https://prasobhkp111@gmail.com,Healthcare,Assistive Tech,Sensors | Manufacturing,B2C,,Medium,Industry: Assistive Tech
685,BRAINBRIX AI PRIVATE LIMITED,"Thrissur, Kerala",https://startups.startupmission.in/startups/ZrkB5,https://brainbrix.in/,Education,EdTech,AI / ML,B2C | B2B,Gobish Gopalakrishnan | Gayathri Krishnan,High,Industry: EdTech; Technology: AI / ML
686,BRAINSIL ED TECH PRIVATE LIMITED,"Kannur, Kerala",https://startups.startupmission.in/startups/pvDwr,https://brainsil.com/,Education,EdTech,Mobile Apps,D2C | Freemium | Platform,Gokul P,High,Industry: EdTech; Technology: Mobile Apps
687,BRAINWIRE MEDI TECHNOLOGIES PRIVATE LIMITED,"Ernakulam, Kerala",https://startups.startupmission.in/startups/pkk3Q,https://basicresponders.com/,Healthcare,Healthcare IT,Virtual Reality (VR) | Web technologies | Mobile Apps,B2B | B2C,KIRAN NADUVATHEZHATHUCHIRAYIL | Manzoor Ali Zayed,High,Industry: Healthcare IT; Technology: Virtual Reality (VR) | Web technologies | Mobile Apps
689,BRAND MASTERS INDIA PRIVATE LIMITED,"Ernakulam, Kerala",https://startups.startupmission.in/startups/Z2WMG,https://brandmasters.world,IT/ITeS,Enterprise Infrastructure,AI / ML,B2B,Misbah Salam | Raneesha Misbah Salam,High,Sector: IT/ITeS; Industry: Enterprise Infrastructure; Technology: AI / ML
690,BRANDFELL TECHNOLOGIES PRIVATE LIMITED,"Thiruvananthapuram, Kerala",https://startups.startupmission.in/startups/pvor8,https://brandfell.com,Media and Entertainment | Education,AdTech | EdTech,Web technologies,B2B | B2C,,Medium,Industry: AdTech | EdTech; Technology: Web technologies
691,Branding Hut,"Kozhikode, Kerala",https://startups.startupmission.in/startups/07mBx,https://brandinghut.in,Media and Entertainment,AdTech,Web technologies,B2B,Nithin Sai | Vaishnav,Medium,Industry: AdTech; Technology: Web technologies
692,BRANDLABZ DIGITAL SOLUTIONS PRIVATE LIMITED,"Kottayam, Kerala",https://startups.startupmission.in/startups/0MVMp,https://www.brandLabz.in,IT/ITeS,Enterprise Applications,Mobile Apps | Web technologies,B2B,Saralamani | Sooraj B,High,Sector: IT/ITeS; Industry: Enterprise Applications; Technology: Mobile Apps | Web technologies
693,BREAKNCO GLOBAL PRIVATE LIMITED,"Ernakulam, Kerala",https://startups.startupmission.in/startups/0erNr,https://www.breaknco.com,IT/ITeS,Enterprise Applications,AI / ML,B2B,Shalini Bhuvanendranathan Nair | Joseph Tharakan Francis,High,Sector: IT/ITeS; Industry: Enterprise Applications; Technology: AI / ML
695,BREEZE BRAIN TECHNOLOGIES PRIVATE LIMITED,"Thiruvananthapuram, Kerala",https://startups.startupmission.in/startups/0Wx74,https://www.breezebrain.com/,Education,EdTech,Web technologies,B2C,Vijith B Nair,High,Industry: EdTech; Technology: Web technologies
698,BRICON TECHNOLOGIES PRIVATE LIMITED,"Ernakulam, Kerala",https://startups.startupmission.in/startups/ZD7Kx,http://www.brictechnologies.com,IT/ITeS,Enterprise Applications,Mobile Apps | Web technologies,B2B,Anandu P A,High,Sector: IT/ITeS; Industry: Enterprise Applications; Technology: Mobile Apps | Web technologies
699,BRIDGEON SOLUTIONS LLP,"Malappuram, Kerala",https://startups.startupmission.in/startups/pzO3Q,https://bridgeon.in/,Education,EdTech,Web technologies,B2C,,High,Industry: EdTech; Technology: Web technologies
700,Bridging Dots Media Solutions Private Limited,"Thiruvananthapuram, Kerala",https://startups.startupmission.in/startups/0wg5e,https://www.bridgingdots.com/,Media and Entertainment,Social Media,Web technologies,B2B,ARUN | prabodh,Medium,Industry: Social Media; Technology: Web technologies
704,BRIGHTFORGE SOLUTIONS AND TECHNOLOGIES LLP,"Kollam, Kerala",https://startups.startupmission.in/startups/ZN51W,https://www.brightforgetechnologies.com/,IT/ITeS,Enterprise Infrastructure,AI / ML | Cyber Security,B2C | B2B | SaaS,Ajimsha M | Noorul Ameen N | Mohammed Fizal,High,Sector: IT/ITeS; Industry: Enterprise Infrastructure; Technology: AI / ML | Cyber Security
707,BRILLPEPS LLP,"Alappuzha, Kerala",https://startups.startupmission.in/startups/Za2YR,http://www.brillpeps.com,IT/ITeS,Enterprise Applications,Mobile Apps,B2C | B2B | SaaS,JYODISH BALACHANDRA PANICKER | JAYAKUMAR BALACHANDRA PANICKER,High,Sector: IT/ITeS; Industry: Enterprise Applications; Technology: Mobile Apps
708,BRITENX PRIVATE LIMITED,"Ernakulam, Kerala",https://startups.startupmission.in/startups/8KxKy,https://britenx.com/,IT/ITeS,Consumer Apps,AI / ML,B2C,Dilip K Gopal | Krishna C S,High,Sector: IT/ITeS; Industry: Consumer Apps; Technology: AI / ML
711,BROADBILL DYNAMICS PRIVATE LIMITED,"Kozhikode, Kerala",https://startups.startupmission.in/startups/8RA9M,https://supatutor.in/,Consumer Goods | Education,Consumer Electronics | EdTech,Semiconductors | Manufacturing | Mobile Apps | AI / ML | Web technologies,D2C | B2B | B2C | SaaS,MOHAMMED SHEFEEQ B | MUHAMMED RABIN | Ashique Muhammed A,High,Industry: Consumer Electronics | EdTech; Technology: Semiconductors | Manufacturing | Mobile Apps | AI / ML | Web technologies; Business model: D2C | B2B | B2C | SaaS
713,BROROOT PRIVATE LIMITED,"Kozhikode, Kerala",https://startups.startupmission.in/startups/04lY3,https://brorootacademy.com/,Education,EdTech,Mobile Apps | Web technologies,B2C | B2B,,High,Industry: EdTech; Technology: Mobile Apps | Web technologies
714,BRQ GLOB TECH PRIVATE LIMITED,"Kasaragod, Kerala",https://startups.startupmission.in/startups/ZDlvZ,http://www.brqassociates.in/,IT/ITeS,Enterprise Applications,Web technologies,B2B | B2C,AYSA | Aysath Rabiya,High,Sector: IT/ITeS; Industry: Enterprise Applications; Technology: Web technologies
715,Bruvsha Llp,"Malappuram, Kerala",https://startups.startupmission.in/startups/0WPEm,https://www.bruvsha.com,IT/ITeS,Enterprise Applications,Web technologies,B2B | B2C,,High,Sector: IT/ITeS; Industry: Enterprise Applications; Technology: Web technologies
716,BST SOFTWARE PRIVATE LIMITED,"Kottayam, Kerala",https://startups.startupmission.in/startups/poQL3,http://www.bstsoft.in,IT/ITeS,Enterprise Applications,Mobile Apps | Web technologies,B2B | B2C,BINO CHAKUPURAKAL | JESSY BINO,High,Sector: IT/ITeS; Industry: Enterprise Applications; Technology: Mobile Apps | Web technologies
718,BTREE IOT TECHNOLOGIES PRIVATE LIMITED,"Thiruvananthapuram, Kerala",https://startups.startupmission.in/startups/pvqR0,https://www.btree.in,Healthcare,Assistive Tech,Sensors | Security & Surveillance Technology | Manufacturing,B2C,,Medium,Industry: Assistive Tech
719,BUCLE TECHNOLOGIES PRIVATE LIMITED,"Thiruvananthapuram, Kerala",https://startups.startupmission.in/startups/8LbQ0,https://www.bucle.in,IT/ITeS,Consumer Apps,Mobile Apps,B2B | B2C,,High,Sector: IT/ITeS; Industry: Consumer Apps; Technology: Mobile Apps
720,BUDDHYANTRA LLP,"Kozhikode, Kerala",https://startups.startupmission.in/startups/ZEmOb,https://buddhyantra.com/,IT/ITeS,Enterprise Applications,Web technologies,B2B,MIDHUN GEETHA SOMANATHANPILLAI | ANUSREE RAJ JAYASREE SOUNDARAJ,High,Sector: IT/ITeS; Industry: Enterprise Applications; Technology: Web technologies
721,BUDDIZ LEARNING SOLUTIONS PRIVATE LIMITED,"Alappuzha, Kerala",https://startups.startupmission.in/startups/plMGl,https://www.buddiz.ai,Education,EdTech,AI / ML,B2C | B2B,ANOOP SREERAJ | RENJITH ABRAHAM THOMAS | ABHILASH SREERAJ | SANJITH JACOB THOMAS,High,Industry: EdTech; Technology: AI / ML
722,BUDMORE AGRO INDUSTRIES PRIVATE LIMITED,"Alappuzha, Kerala",https://startups.startupmission.in/startups/0weg8,https://budmore.com/,Agriculture and Life Sciences,Agri Tech,Internet of Things (IoT) | Mobile Apps | AI / ML,B2B | SaaS | Marketplace | Platform,Najeeb MA | Pradeep Kumar Ayappan Pilla | Anilkumar Sasi | Karthika Prasad | Syamlal Sasi,Medium,Technology: Internet of Things (IoT) | Mobile Apps | AI / ML; Business model: B2B | SaaS | Marketplace | Platform
723,BUFFERBYTES TECHNOLOGIES PRIVATE LIMITED,"Kozhikode, Kerala",https://startups.startupmission.in/startups/ZdY5X,https://bufferbytes.io,Other,Other,AI / ML | Big data | Mobile Apps,B2B | SaaS,SABIQUE AHAMMED LAVA | SUMESH SIVAN P,Medium,Technology: AI / ML | Big data | Mobile Apps; Business model: B2B | SaaS
724,BUILD PATCH TECHNOLOGIES PRIVATE LIMITED,"Malappuram, Kerala",https://startups.startupmission.in/startups/0BwNO,https://www.buildpatch.com,IT/ITeS,Enterprise Applications,Web technologies | Mobile Apps,B2C | B2B,Shafin Muhammed | SHAS,High,Sector: IT/ITeS; Industry: Enterprise Applications; Technology: Web technologies | Mobile Apps
726,BUILDING BLEND PRIVATE LIMITED,"Kollam, Kerala",https://startups.startupmission.in/startups/Zjx5p,https://buildingblend.com/,"Banking, Financial Services and Insurance | Other",FinTech | Other,Web technologies,Platform | Marketplace | B2C | B2B,,High,Industry: FinTech | Other; Technology: Web technologies
732,BURSTCODE TECHNOLOGIES PRIVATE LIMITED,"Thiruvananthapuram, Kerala",https://startups.startupmission.in/startups/8Xwly,https://burstcode.in,Healthcare,Assistive Tech,Sensors,B2C,VATAKKE THACHOTH MADHU | PALATHIL NJANTIALA RESHMA,Medium,Industry: Assistive Tech
735,BUTOMY PRIVATE LIMITED,"Thiruvananthapuram, Kerala",https://startups.startupmission.in/startups/8xo3p,http://www.techbutomy.com,Food processing | IT/ITeS,Food & Food Tech | Enterprise Applications,Mobile Apps | Web technologies,B2B | B2C,MAMMUTTY P S | TOJO THOMAS,High,Sector: Food processing | IT/ITeS; Industry: Food & Food Tech | Enterprise Applications; Technology: Mobile Apps | Web technologies
736,BUYEX FINTECH SOLUTIONS PRIVATE LIMITED,"Ernakulam, Kerala",https://startups.startupmission.in/startups/0JgYp,https://buyexchange.in,"Banking, Financial Services and Insurance",FinTech,Web technologies,B2B | B2C,Praveen R | Ratheesh PS | Mukhthadir PK,High,Industry: FinTech; Technology: Web technologies
738,BUZCATCH PRIVATE LIMITED,"Kannur, Kerala",https://startups.startupmission.in/startups/0MmN0,http://buzcatch.com/,IT/ITeS,Enterprise Applications,Web technologies,B2B | B2C | D2C,SHEMINA ANISH | ANISH MATHEW,High,Sector: IT/ITeS; Industry: Enterprise Applications; Technology: Web technologies
739,BUZY 2050 EDUTECH LLP,"Malappuram, Kerala",https://startups.startupmission.in/startups/Z2wd0,https://projectxedu.com/,Education,EdTech,Web technologies,B2C,Habeeb Rahman | Muhammed Shameem Elanthi,High,Industry: EdTech; Technology: Web technologies
743,BYON CARE PRIVATE LIMITED,"Ernakulam, Kerala",https://startups.startupmission.in/startups/pbAB0,https://byoncare.com/,Healthcare,Healthcare IT,AI / ML | Mobile Apps | Big data,B2B | D2C | SaaS,Nebu Kallumpurathu Abraham | Kallumpurathu Abraham Abraham | Dr. Shine Philip | Dr. George Varghese,High,Industry: Healthcare IT; Technology: AI / ML | Mobile Apps | Big data; Business model: B2B | D2C | SaaS
745,BYTE INFOTECH LLP,"Thiruvananthapuram, Kerala",https://startups.startupmission.in/startups/ZEbQK,https://byteinfotech.co/,IT/ITeS,Consumer Apps,AI / ML | Web technologies | Mobile Apps,SaaS | Platform,Akhil Bose | Sobin Benny | Aflah V P,High,Sector: IT/ITeS; Industry: Consumer Apps; Technology: AI / ML | Web technologies | Mobile Apps
746,BYTE7 SERVICES PRIVATE LIMITED,"Ernakulam, Kerala",https://startups.startupmission.in/startups/Z9WGm,https://byte7.in/,Media and Entertainment,Social Media,Web technologies,B2B,AJAY KANTH | SREERENJINI J,Medium,Industry: Social Media; Technology: Web technologies
747,BYTEDART TECHNOLOGIES PRIVATE LIMITED,"Ernakulam, Kerala",https://startups.startupmission.in/startups/ZjG1r,https://www.bytedart.com,Media and Entertainment,AdTech,Mobile Apps | Web technologies,B2B,MERCY | ALWIN REJI,Medium,Industry: AdTech; Technology: Mobile Apps | Web technologies
748,BYTES DELIVERY LLP,"Malappuram, Kerala",https://startups.startupmission.in/startups/ZD55K,https://www.bytesonline.in,IT/ITeS,Consumer Apps,Mobile Apps,B2C,MOHAMMED AFRIN SALEEM K M | THAHA V P,High,Sector: IT/ITeS; Industry: Consumer Apps; Technology: Mobile Apps
749,BYTESTRONE INDIA PRIVATE LIMITED,"Ernakulam, Kerala",https://startups.startupmission.in/startups/04axp,https://www.bytestrone.com,IT/ITeS,Enterprise Applications,Web technologies | Mobile Apps | AI / ML,B2B | B2C,GOPAKUMAR KIZHAKKE VELLATTU | ANEESH KUNJUVEETTIL | JANSON JOSEPH CHACKO | SHAJU SUKUMARAN | JOVIN JOSEPH | THIPARAMBIL MOHAMMEDALIBAVA MO,High,Sector: IT/ITeS; Industry: Enterprise Applications; Technology: Web technologies | Mobile Apps | AI / ML
750,BYTETALE CORP PRIVATE LIMITED,"Thiruvananthapuram, Kerala",https://startups.startupmission.in/startups/0Jrwk,https://udeoai.com/,IT/ITeS,Consumer Apps,AI / ML,B2C,Crispin Lawrence | Revamma,High,Sector: IT/ITeS; Industry: Consumer Apps; Technology: AI / ML
751,BYTEWAVE DIGITAL CONSULTANTS PRIVATE LIMITED,"Thiruvananthapuram, Kerala",https://startups.startupmission.in/startups/8qjEZ,https://www.bytewavedigital.com,"Banking, Financial Services and Insurance",FinTech,Web technologies | Big data | Cyber Security,B2B | Platform,,High,Industry: FinTech; Technology: Web technologies | Big data | Cyber Security
752,BYTSOLV DIGITAL TRANSFORMATIONS PRIVATE LIMITED,"Ernakulam, Kerala",https://startups.startupmission.in/startups/py6bW,https://bytsolv.com/,IT/ITeS,Enterprise Applications,Web technologies | Mobile Apps,B2B,Faris Mohamed | Ejas Muhammed,High,Sector: IT/ITeS; Industry: Enterprise Applications; Technology: Web technologies | Mobile Apps
753,BZANALYTICS PRIVATE LIMITED,"Thiruvananthapuram, Kerala",https://startups.startupmission.in/startups/8KdnZ,https://www.bzanalytics.ai/,IT/ITeS,Enterprise Applications,Web technologies | AI / ML | Big data,B2B,SULTHANA SHAFI | SUBUHAN SHAFI,High,Sector: IT/ITeS; Industry: Enterprise Applications; Technology: Web technologies | AI / ML | Big data
754,BZOLUTIONS GLOBAL PRIVATE LIMITED,"Thiruvananthapuram, Kerala",https://startups.startupmission.in/startups/8KQom,https://www.bzolutions.com/,Media and Entertainment,AdTech,Web technologies,B2B,RAJEEV KUMAR SANKARVEL | PADMAM NANDAKUMAR SINDHU,Medium,Industry: AdTech; Technology: Web technologies
755,C SCHOOL OF CREATIVE STUDIES LLP,"Malappuram, Kerala",https://startups.startupmission.in/startups/pkwAz,http://thecschool.in,Education | Media and Entertainment,EdTech | AdTech,AI / ML | Web technologies | Mobile Apps,B2C | B2B,MUHAMMED SHAMSAD ELAMKUZHI | MUHAMMED HENEEN V,Medium,Industry: EdTech | AdTech; Technology: AI / ML | Web technologies | Mobile Apps
757,C-HUB CAREER DESIGNERS PRIVATE LIMITED,"Kozhikode, Kerala",https://startups.startupmission.in/startups/8VG35,https://www.definemycareer.com,Education,EdTech,AI / ML | Web technologies,B2B | B2C,AZEEB PARA KKANDI | MUHAMMED MUFLIH,High,Industry: EdTech; Technology: AI / ML | Web technologies
761,C4CAREER LEARNING SOLUTIONS PRIVATE LIMITED,"Thiruvananthapuram, Kerala",https://startups.startupmission.in/startups/8xXQ8,https://c4career.in/,Education,EdTech,Web technologies | Mobile Apps,B2C,,High,Industry: EdTech; Technology: Web technologies | Mobile Apps
765,CADMATE SOFTWARE LLP,"Pathanamthitta, Kerala",https://startups.startupmission.in/startups/0eqm0,https://www.cadmate.org,IT/ITeS,Enterprise Applications,Web technologies,B2C,,High,Sector: IT/ITeS; Industry: Enterprise Applications; Technology: Web technologies
766,CADREAGO DE PRIVATE LIMITED,"Kasaragod, Kerala",https://startups.startupmission.in/startups/0JNa6,https://stocxer.in,"Banking, Financial Services and Insurance",FinTech,AI / ML | Big data | Web technologies,Freemium | B2B | B2C,YASHODHA | BINESH BALAN,High,Industry: FinTech; Technology: AI / ML | Big data | Web technologies
767,CADXSTUDIO PRIVATE LIMITED,"Ernakulam, Kerala",https://startups.startupmission.in/startups/pm3Gj,https://cadxstudio.in/,IT/ITeS,Enterprise Applications,AI / ML,SaaS,John Santhosh | Praphul S Warrier,High,Sector: IT/ITeS; Industry: Enterprise Applications; Technology: AI / ML
769,CAKESIFY SYSTEMS PRIVATE LIMITED,"Wayanad, Kerala",https://startups.startupmission.in/startups/Z1zbE,https://www.cakesify.com,IT/ITeS,Consumer Apps,AI / ML | Web technologies,B2B | Platform | SaaS,MARTIN MARAVATTICKAL | ANBURAJA MATHIMARAN,High,Sector: IT/ITeS; Industry: Consumer Apps; Technology: AI / ML | Web technologies
770,CAKIYO PRODUCTS PRIVATE LIMITED,"Kozhikode, Kerala",https://startups.startupmission.in/startups/0MooN,https://cakiyo.com,IT/ITeS,Consumer Apps,Web technologies | Mobile Apps,B2C | Marketplace,Nidhin K C | Raisal U | Shahin Ibrahim | Shameer Ibrahim | Shafeekh | Muhammed Shafi,High,Sector: IT/ITeS; Industry: Consumer Apps; Technology: Web technologies | Mobile Apps
771,CAKSU FOUNDATION,"Palakkad, Kerala",https://startups.startupmission.in/startups/ZD5bl,https://.caksu.in,Education,EdTech,AI / ML,B2B,ganarajan sivasubramanian | P A Sivasubramanian,High,Industry: EdTech; Technology: AI / ML
773,CALICUT DIGITAL ACADEMY LLP,"Kozhikode, Kerala",https://startups.startupmission.in/startups/ZD7ml,https://calicutdigitalacademy.com/,Education,EdTech,Web technologies,B2C,Hudaif K V | Basant Meghna | dhanoop | nidasha riyaz | Nishant Krishnan KN,High,Industry: EdTech; Technology: Web technologies
774,CALICZBEE SOLUTIONS PRIVATE LIMITED,"Kozhikode, Kerala",https://startups.startupmission.in/startups/ZEWxp,https://pillsbee.com/,Healthcare,Healthcare IT,AI / ML | Big data | Mobile Apps,B2B,Nidhun K | Abhijith E M | Mohamed Risvan V,High,Industry: Healthcare IT; Technology: AI / ML | Big data | Mobile Apps
775,CALINOVA AI ADVISORY PRIVATE LIMITED,"Kozhikode, Kerala",https://startups.startupmission.in/startups/0PgBK,https://calinova.ai/,IT/ITeS,Enterprise Applications,AI / ML,Platform,Nabeel Moosa | PALLI VEEDU JASEEM,High,Sector: IT/ITeS; Industry: Enterprise Applications; Technology: AI / ML
776,CALINOVA INNOVATION PRIVATE LIMITED,"Kozhikode, Kerala",https://startups.startupmission.in/startups/p6djE,https://www.calinova.ai/,IT/ITeS,Enterprise Applications,AI / ML,SaaS,NABEEL MOOSA,High,Sector: IT/ITeS; Industry: Enterprise Applications; Technology: AI / ML
777,CALLBELL PRIVATE LIMITED,"Thrissur, Kerala",https://startups.startupmission.in/startups/0BnA0,https://callbellsecurity.wordpress.com/,IT/ITeS,Enterprise Applications,AI / ML | Cyber Security | Web technologies,B2B | B2C | Platform,,High,Sector: IT/ITeS; Industry: Enterprise Applications; Technology: AI / ML | Cyber Security | Web technologies
780,CALPARTEC SOLUTIONS PRIVATE LIMITED,"Thrissur, Kerala",https://startups.startupmission.in/startups/pyNg8,https://www.calparglobal.com,IT/ITeS,Consumer Apps,Web technologies | AI / ML,B2C | B2B | Freemium,UMMER KK | BUSHARA,High,Sector: IT/ITeS; Industry: Consumer Apps; Technology: Web technologies | AI / ML
786,Candour Edutech Private Limited,"Ernakulam, Kerala",https://startups.startupmission.in/startups/poXAj,https://www.candourgroup.in,Education,EdTech,Web technologies,B2C,,High,Industry: EdTech; Technology: Web technologies
787,CANFIT PRIVATE LIMITED,"Kasaragod, Kerala",https://startups.startupmission.in/startups/8KxX3,https://infocanfit.wixsite.com/canfit,Healthcare,Healthcare IT,AI / ML | Biotechnology | Quantum Computing,B2B | B2G | B2C,ABDUL HAKHEEM | Abdul azeez Mohammed Harshad,High,Industry: Healthcare IT; Technology: AI / ML | Biotechnology | Quantum Computing
788,CANZA TECHNOLOGY CONSULTANTS PRIVATE LIMITED,"Thiruvananthapuram, Kerala",https://startups.startupmission.in/startups/Za2En,https://www.canzatech.com/,IT/ITeS,Enterprise Applications,Web technologies | Internet of Things (IoT) | Security & Surveillance Technology,B2B | D2C | Marketplace,NIMMY SYEDMOINUDEEN SHAMSHAD | ABDUL AZEEZ,High,Sector: IT/ITeS; Industry: Enterprise Applications; Technology: Web technologies | Internet of Things (IoT) | Security & Surveillance Technology
789,Capablanca Chess School Private Limited,"Thiruvananthapuram, Kerala",https://startups.startupmission.in/startups/p6rmg,https://capablancachessschool.com/,Education,EdTech,Web technologies | Mobile Apps,B2B | B2C,VIJIN BABU S | SREERAM S T,High,Industry: EdTech; Technology: Web technologies | Mobile Apps
793,Captains Social Foundation,"Kollam, Kerala",https://startups.startupmission.in/startups/0PAOW,https://www.thesocialcaptains.org/,Other,Other,Web technologies,B2B | B2C,Afsal Mohammed B,Medium,Technology: Web technologies
798,CAREAYU PRIVATE LIMITED,"Pathanamthitta, Kerala",https://startups.startupmission.in/startups/pokxp,https://www.careayu.com,Healthcare,Healthcare IT,Web technologies | Mobile Apps,B2C | Platform,,High,Industry: Healthcare IT; Technology: Web technologies | Mobile Apps
799,CARECINE PRIVATE LIMITED,"Ernakulam, Kerala",https://startups.startupmission.in/startups/8KmNk,https://squivv.com/,IT/ITeS,Consumer Apps,Mobile Apps | AI / ML | Web technologies,Platform | B2B | Freemium,ADISH | SARATH M,High,Sector: IT/ITeS; Industry: Consumer Apps; Technology: Mobile Apps | AI / ML | Web technologies
800,CAREER GRIDS SERVICES PRIVATE LIMITED,"Ernakulam, Kerala",https://startups.startupmission.in/startups/0BGVv,https://healjobs.ai,Healthcare,Healthcare IT,Mobile Apps | Web technologies,Marketplace,ANANDH RAMAIAH,High,Industry: Healthcare IT; Technology: Mobile Apps | Web technologies
804,CAROL SOLUTIONS,"Ernakulam, Kerala",https://startups.startupmission.in/startups/ZEe7b,http://www.carolsolutions.com,IT/ITeS,Enterprise Applications,Web technologies,B2B,ANTONY V M | LISSAMMA U J,High,Sector: IT/ITeS; Industry: Enterprise Applications; Technology: Web technologies
805,CARRDY TECHNOLOGIES PRIVATE LIMITED,"Ernakulam, Kerala",https://startups.startupmission.in/startups/pvybr,https://carrdy.com/,Education,EdTech,AI / ML,Freemium,Sachin P | C Prathapmohan Nair,High,Industry: EdTech; Technology: AI / ML
806,CARRIMEN TECH SOLUTIONS PRIVATE LIMITED,"Ernakulam, Kerala",https://startups.startupmission.in/startups/0WP1P,https://carrimen.in/,IT/ITeS,Consumer Apps,Mobile Apps,B2B | B2C | Platform,muhammed razik h | farook sain ibrahim | afsal puthuparambil,High,Sector: IT/ITeS; Industry: Consumer Apps; Technology: Mobile Apps
807,CARTIFY LLP,"Alappuzha, Kerala",https://startups.startupmission.in/startups/8X7d4,,IT/ITeS,Enterprise Applications,Web technologies,Marketplace | Platform | SaaS,Stephan Saji Daniel Kizhakkada | SAJI DANIEL,High,Sector: IT/ITeS; Industry: Enterprise Applications; Technology: Web technologies
811,CASBIRO SOLUTIONS PRIVATE LIMITED,"Ernakulam, Kerala",https://startups.startupmission.in/startups/0WxWP,https://casbiro.com/,Education,EdTech,Mobile Apps,B2C,Sakeer Ali | Nisar Ahammed | Mohamed Rafeeh Vallakkattil,High,Industry: EdTech; Technology: Mobile Apps
812,CASCADE HEADWAY PRIVATE LIMITED,"Ernakulam, Kerala",https://startups.startupmission.in/startups/07mXD,https://www.cascadeheadway.com,IT/ITeS,Enterprise Applications,Web technologies,B2C,,High,Sector: IT/ITeS; Industry: Enterprise Applications; Technology: Web technologies
817,CAVZ MEDIA PRIVATE LIMITED,"Kozhikode, Kerala",https://startups.startupmission.in/startups/04l1R,https://www.thecavz.com/,IT/ITeS,Enterprise Infrastructure,Mobile Apps | Web technologies,Platform | B2B,VIMALA CK | subhisha madhu,High,Sector: IT/ITeS; Industry: Enterprise Infrastructure; Technology: Mobile Apps | Web technologies
818,CAVZON PRIVATE LIMITED,"Kollam, Kerala",https://startups.startupmission.in/startups/0MAEV,https://www.cavzon.com/,IT/ITeS,Enterprise Applications,Web technologies,B2B | B2C,,High,Sector: IT/ITeS; Industry: Enterprise Applications; Technology: Web technologies
821,CBUY FINTECH PRIVATE LIMITED,"Kannur, Kerala",https://startups.startupmission.in/startups/ZEbYK,https://www.cbuy.org/home,"Banking, Financial Services and Insurance",FinTech,Mobile Apps | Web technologies,B2B | B2C | Platform,Elan Georgin Martin | Laiju K George,High,Industry: FinTech; Technology: Mobile Apps | Web technologies
822,CCPEEPS TECHNOLOGIES PRIVATE LIMITED,"Alappuzha, Kerala",https://startups.startupmission.in/startups/pvymz,https://theccpeeps.com,IT/ITeS,Enterprise Applications,AI / ML | Big data | Web technologies,B2B | B2G | SaaS,IJAB M RAHMAN | ABHIJITH N,High,Sector: IT/ITeS; Industry: Enterprise Applications; Technology: AI / ML | Big data | Web technologies
824,CEED EDU SOLUTIONS PRIVATE LIMITED,"Kasaragod, Kerala",https://startups.startupmission.in/startups/pbVKG,https://www.ceedinternational.org/,Education,EdTech,Internet of Things (IoT),B2C,SHARAFUDHEEN M K | AHAMMED HASIF CHAKKIPARAMBAN,Medium,Industry: EdTech; Technology: Internet of Things (IoT)
825,CEIR GLOBAL PRIVATE LIMITED,"Thiruvananthapuram, Kerala",https://startups.startupmission.in/startups/0BVGw,https://ceirglobal.com/,Education,EdTech,Web technologies,B2C,,High,Industry: EdTech; Technology: Web technologies
827,CELEBEES TECHNOLOGIES PRIVATE LIMITED,"Ernakulam, Kerala",https://startups.startupmission.in/startups/pvQN0,https://www.celebees.com/,IT/ITeS,Consumer Apps,Web technologies,B2C,Sunitha Faizal | Mohammed Nizam | Faizal M Khalid,High,Sector: IT/ITeS; Industry: Consumer Apps; Technology: Web technologies
828,CELEBRATE LEARNING PRIVATE LIMITED,"Thrissur, Kerala",https://startups.startupmission.in/startups/pv5l0,https://docemy.com/,Education,EdTech,Web technologies | Mobile Apps,B2C,Dr Nishanth B Singh,High,Industry: EdTech; Technology: Web technologies | Mobile Apps
834,CENFIX SOFTWARE PRIVATE LIMITED,"Kozhikode, Kerala",https://startups.startupmission.in/startups/pzgqv,https://cenfix.in/,IT/ITeS,Consumer Apps,Mobile Apps | Web technologies,B2B | B2C,VIPIN CHEREEKANDY | AREEKKANATU NITHA,High,Sector: IT/ITeS; Industry: Consumer Apps; Technology: Mobile Apps | Web technologies
836,CENTGRADE LABS PRIVATE LIMITED,"Malappuram, Kerala",https://startups.startupmission.in/startups/pYeNp,https://www.centgradelabs.com,Education,EdTech,Augmented Reality (AR) | Mobile Apps,B2C,,High,Industry: EdTech; Technology: Augmented Reality (AR) | Mobile Apps
837,CENTRE C EDTECH PRIVATE LIMITED,"Thiruvananthapuram, Kerala",https://startups.startupmission.in/startups/poYAZ,,Education,EdTech,Web technologies | Mobile Apps,Platform | B2C,,High,Industry: EdTech; Technology: Web technologies | Mobile Apps
838,CENTRE FOR INCLUSION STANDARDS AND PRACTICE PRIVATE LIMITED,"Idukki, Kerala",https://startups.startupmission.in/startups/0Wb2K,https://www.cispindia.com/,Other,Other,AI / ML | Big data | Internet of Things (IoT),B2B | B2C | SaaS,SHIBIN BINOY | SHINCY BINOY,Medium,Technology: AI / ML | Big data | Internet of Things (IoT); Business model: B2B | B2C | SaaS
840,CENTRRIC INNOVATIONS PRIVATE LIMITED,"Ernakulam, Kerala",https://startups.startupmission.in/startups/ZrYE8,https://centrric.com/,IT/ITeS,Enterprise Applications,Web technologies | Mobile Apps | AI / ML,B2B,SAHAD PAREED | ALTHAF KALARICKAL SHAPHY,High,Sector: IT/ITeS; Industry: Enterprise Applications; Technology: Web technologies | Mobile Apps | AI / ML
842,CEPHAS RESEARCH PRIVATE LIMITED,"Pathanamthitta, Kerala",https://startups.startupmission.in/startups/8Aej8,https://cephasresearch.com,IT/ITeS,Enterprise Applications,Blockchain,Platform,,High,Sector: IT/ITeS; Industry: Enterprise Applications; Technology: Blockchain
845,CEYMOX TECHNOLOGIES PRIVATE LIMITED,"Ernakulam, Kerala",https://startups.startupmission.in/startups/0MoAv,https://ceymox.com/,IT/ITeS,Mobile | Enterprise Applications,Mobile Apps | Web technologies | AI / ML,B2B | Platform | SaaS,KC Jagadeep,High,Sector: IT/ITeS; Industry: Mobile | Enterprise Applications; Technology: Mobile Apps | Web technologies | AI / ML
851,CHAMS PHYGITAL MEDIA PRIVATE LIMITED,"Ernakulam, Kerala",https://startups.startupmission.in/startups/8ArYZ,https://letsplayoutdoors.in/home,Media and Entertainment,AdTech,Web technologies,B2B,,Medium,Industry: AdTech; Technology: Web technologies
852,CHANGEMENT CAPACITY BUILDING PRIVATE LIMITED,"Thiruvananthapuram, Kerala",https://startups.startupmission.in/startups/ZNNKB,https://changemanagemententerprise.com/,Education,EdTech,AI / ML,B2G,Shobha Talaghatti | SANTOSH BABURAO TALGHATTI,High,Industry: EdTech; Technology: AI / ML
854,Channu's Solutions Private Limited,"Ernakulam, Kerala",https://startups.startupmission.in/startups/8x6j0,https://jobro.in,IT/ITeS,Consumer Apps,Web technologies | Mobile Apps,B2C | Platform | Freemium,Mohammed Rahil Sahashad | Ahamed Nihal Shanfar C,High,Sector: IT/ITeS; Industry: Consumer Apps; Technology: Web technologies | Mobile Apps
856,CHAPTER 1 ED TEC (OPC) PRIVATE LIMITED,"Thiruvananthapuram, Kerala",https://startups.startupmission.in/startups/05BoW,https://learnwithchapter1.com/,Education,EdTech,Web technologies,Freemium | B2C | D2C,REMYA GIRIJA,High,Industry: EdTech; Technology: Web technologies
857,CHARIS REMEDIES PRIVATE LIMITED,"Kottayam, Kerala",https://startups.startupmission.in/startups/0JJx0,https://www.charisremedies.com/,Healthcare,Healthcare IT,Mobile Apps | Manufacturing,B2C,,High,Industry: Healthcare IT; Technology: Mobile Apps | Manufacturing
861,CHERAI HOSPITALITY PRIVATE LIMITED,"Ernakulam, Kerala",https://startups.startupmission.in/startups/0Gw50,https://www.cheraihospitality.com,IT/ITeS,Enterprise Infrastructure,Web technologies,B2C | B2B,,High,Sector: IT/ITeS; Industry: Enterprise Infrastructure; Technology: Web technologies
865,CHIRAD TECHNOLOGIES LLP,"Ernakulam, Kerala",https://startups.startupmission.in/startups/plM6o,https://chirad.co/,IT/ITeS,Enterprise Applications,Web technologies,Freemium,Anandhakrishnan V S | Malavika Narayanan | BIJOY KARIYATTI SIJO,High,Sector: IT/ITeS; Industry: Enterprise Applications; Technology: Web technologies
866,CHIRAMEL VENTURES PRIVATE LIMITED,"Ernakulam, Kerala",https://startups.startupmission.in/startups/ZNNJL,https://www.chiramelventures.com/,Media and Entertainment,AdTech,Web technologies,B2B | B2C,JOY CHIRAMEL PAUL | HENNAMARY JOSE,Medium,Industry: AdTech; Technology: Web technologies
867,CHIRI LABS PRIVATE LIMITED,"Ernakulam, Kerala",https://startups.startupmission.in/startups/0WjmZ,https://www.chiri.in,IT/ITeS,Consumer Apps,Web technologies,B2B,,High,Sector: IT/ITeS; Industry: Consumer Apps; Technology: Web technologies
868,CHISQUARE LABS PRIVATE LIMITED,"Thrissur, Kerala",https://startups.startupmission.in/startups/0GBjZ,https://www.chisquarelabs.com/,Healthcare,Healthcare IT,AI / ML | Web technologies,B2B | B2C,,High,Industry: Healthcare IT; Technology: AI / ML | Web technologies
869,CHOFLUID PRIVATE LIMITED,"Thiruvananthapuram, Kerala",https://startups.startupmission.in/startups/Z3e37,https://www.chofluid.com,Media and Entertainment,Social Media,Web technologies,B2B | SaaS,SHINOMOL PALATHANATH MUHAMMED | SHAHNAZ BASHEER,High,Industry: Social Media; Technology: Web technologies; Business model: B2B | SaaS
870,CHOICEMED HEALTHCARE SOLUTIONS PRIVATE LIMITED,"Ernakulam, Kerala",https://startups.startupmission.in/startups/pyvd8,,Healthcare,Assistive Tech,Web technologies,B2C,,High,Industry: Assistive Tech; Technology: Web technologies
872,CHROMA CREATIVE PRIVATE LIMITED,"Ernakulam, Kerala",https://startups.startupmission.in/startups/0BGk3,https://www.chromacreativeagency.com,IT/ITeS | Healthcare,Enterprise Applications | Fitness & Wellness,Web technologies | Mobile Apps,SaaS | B2C,Amal C S | Akhil Ashok,High,Sector: IT/ITeS | Healthcare; Industry: Enterprise Applications | Fitness & Wellness; Technology: Web technologies | Mobile Apps
873,Chukkukappy Creatives Llp,"Ernakulam, Kerala",https://startups.startupmission.in/startups/plnXo,http://chukkukappy.com,Healthcare,Healthcare IT,Internet of Things (IoT) | Virtual Reality (VR),Platform,NISAR MUHAMMED ABDULLA | MITHRA MURALEEKRISHNAN,High,Industry: Healthcare IT; Technology: Internet of Things (IoT) | Virtual Reality (VR)
875,CIBERA DEFENCE PRIVATE LIMITED,"Thiruvananthapuram, Kerala",https://startups.startupmission.in/startups/8nVEx,https://cdc-on.in/,Other,Other,Internet of Things (IoT) | Cyber Security,B2B | D2C | B2G,Pradeep Ravi | Krishna Lal Ramchandran Nair,Medium,Technology: Internet of Things (IoT) | Cyber Security
876,CINEMACLUBBY BUSINESS SOLUTIONS PRIVATE LIMITED,"Alappuzha, Kerala",https://startups.startupmission.in/startups/Z9gmp,https://www.cinemaclubby.com,Media and Entertainment,Social Media,Web technologies,B2B | B2C,,Medium,Industry: Social Media; Technology: Web technologies
878,CINESENTINEL PRIVATE LIMITED,"Kollam, Kerala",https://startups.startupmission.in/startups/07XKm,https://sites.google.com/view/cinesentinel/home,Media and Entertainment,AdTech,AI / ML | Security & Surveillance Technology,B2B,VISHNU V | DEEPTHI VINODKUMAR,Medium,Industry: AdTech; Technology: AI / ML | Security & Surveillance Technology
882,CITIZEN DIGITAL FOUNDATION,"Thiruvananthapuram, Kerala",https://startups.startupmission.in/startups/poj30,https://www.citizendigitalfoundation.org,Education,EdTech,Web technologies,B2C,,High,Industry: EdTech; Technology: Web technologies
883,CITSA TECHNOLOGIES PRIVATE LIMITED,"Thiruvananthapuram, Kerala",https://startups.startupmission.in/startups/0PwoZ,https://citsat.com,IT/ITeS,Enterprise Infrastructure,Security & Surveillance Technology | Cyber Security | Display Technology,B2B | B2C | D2C,PEEYUSHA | Sreekumar P M | Parasaran PM,High,Sector: IT/ITeS; Industry: Enterprise Infrastructure; Technology: Security & Surveillance Technology | Cyber Security | Display Technology
885,Civilianz,"Thiruvananthapuram, Kerala",https://startups.startupmission.in/startups/Z3NJ8,https://www.civilianz.com,Education,EdTech,Mobile Apps,B2C,,High,Industry: EdTech; Technology: Mobile Apps
887,CIVRA TECH PRIVATE LIMITED,"Kozhikode, Kerala",https://startups.startupmission.in/startups/05Wno,https://civra.co.in/,Retail,Real Estate Tech / Prop Tech,Web technologies | Mobile Apps,SaaS,Vivek Das | Rizwin Noushad,Medium,Technology: Web technologies | Mobile Apps; Business model: SaaS
888,Clan Leo Private Limited,"Ernakulam, Kerala",https://startups.startupmission.in/startups/Z1mm5,https://www.clanleo.com/,IT/ITeS,Mobile,Mobile Apps,Freemium | B2B | B2C,SREEKANTH S | Anitha T.R,High,Sector: IT/ITeS; Industry: Mobile; Technology: Mobile Apps
889,CLAP,"Ernakulam, Kerala",https://startups.startupmission.in/startups/Z91PZ,Http://getclap.in,Media and Entertainment,Social Media,Web technologies,Platform,,High,Industry: Social Media; Technology: Web technologies
890,CLAPS LEARN EDTECH LLP,"Kozhikode, Kerala",https://startups.startupmission.in/startups/Zdla4,https://clapslearn.com,Education,EdTech,Mobile Apps,Platform | B2C,MUFSIR MP | Rishad V | Fazil T | Amnas Ahamed KT,High,Industry: EdTech; Technology: Mobile Apps
892,CLAZZO INNOVATIONS LLP,"Malappuram, Kerala",https://startups.startupmission.in/startups/0JGgp,https://www.clazzo.in,Media and Entertainment,AdTech,Web technologies,B2B,,Medium,Industry: AdTech; Technology: Web technologies
893,CLEAN CIRCLE PRIVATE LIMITED,"Ernakulam, Kerala",https://startups.startupmission.in/startups/ZD2wp,https://www.cleancircle.earth/,IT/ITeS,Consumer Apps,Web technologies,B2B,,High,Sector: IT/ITeS; Industry: Consumer Apps; Technology: Web technologies
896,CLEAREYE.AI PRIVATE LIMITED,"Thiruvananthapuram, Kerala",https://startups.startupmission.in/startups/p6bdp,https://www.aiware.ai,IT/ITeS,Enterprise Applications,AI / ML | Web technologies,B2B | B2C,,High,Sector: IT/ITeS; Industry: Enterprise Applications; Technology: AI / ML | Web technologies
897,CLEARPROMPT PRIVATE LIMITED,"Ernakulam, Kerala",https://startups.startupmission.in/startups/07WAx,https://clearprompt.dev/,IT/ITeS,Enterprise Applications,AI / ML | Big data | Web technologies,B2B | Freemium | Marketplace,VISHNUDAS VASUDEVAN | ANITHA KESAVAN,High,Sector: IT/ITeS; Industry: Enterprise Applications; Technology: AI / ML | Big data | Web technologies
900,CLEVERX HEALTHCARE PRIVATE LIMITED,"Alappuzha, Kerala",https://startups.startupmission.in/startups/0Wb5B,https://cleverx.in/,Healthcare,Healthcare IT,AI / ML | Mobile Apps | Web technologies,B2B | B2C,SHABU KHAN HABEEB | SHEEJA ABDUL BEEVI,High,Industry: Healthcare IT; Technology: AI / ML | Mobile Apps | Web technologies
902,CLICKO PHONETICS LAB PRIVATE LIMITED,"Ernakulam, Kerala",https://startups.startupmission.in/startups/p6WNj,https://www.phoneticslab.in/,Education,EdTech,AI / ML,B2C | B2G | B2B,Jose Varghese Mundencherry | Josna Varghese Mundencherry,High,Industry: EdTech; Technology: AI / ML
903,CLICKTOINDIA DIGISOLUTIONS PRIVATE LIMITED,"Palakkad, Kerala",https://startups.startupmission.in/startups/pvdvZ,http://clicktoindia.in,IT/ITeS,Consumer Apps,Web technologies,B2B | B2C,PRAVEEN K S,High,Sector: IT/ITeS; Industry: Consumer Apps; Technology: Web technologies
904,CLIMAI CLEANTECH PRIVATE LIMITED,"Thiruvananthapuram, Kerala",https://startups.startupmission.in/startups/pzgwQ,https://www.solyield.com/,Energy,Renewable Energy,AI / ML | Big data | Internet of Things (IoT),B2B | SaaS | Platform,Siva Harsh S,Medium,Technology: AI / ML | Big data | Internet of Things (IoT); Business model: B2B | SaaS | Platform
907,CLINARE TECHNOLOGIES PRIVATE LIMITED,"Ernakulam, Kerala",https://startups.startupmission.in/startups/pzglq,https://clinare.com,Healthcare,Healthcare IT,Web technologies,SaaS,MILHA THESNI PAUL | JINTU VINCENT KANAKKASSERY VINCENT,High,Industry: Healthcare IT; Technology: Web technologies; Business model: SaaS
908,CLINEXIZ CLINICAL RESEARCH SERVICES PRIVATE LIMITED,"Kozhikode, Kerala",https://startups.startupmission.in/startups/0JrmK,https://clinexiz.com/,Healthcare,Healthcare IT,AI / ML | Biotechnology | Web technologies,B2B | SaaS | Platform,PRATHAP VASU C | Anusree P Dev,High,Industry: Healthcare IT; Technology: AI / ML | Biotechnology | Web technologies; Business model: B2B | SaaS | Platform
910,CLL ACADEMY PRIVATE LIMITED,"Ernakulam, Kerala",https://startups.startupmission.in/startups/ZNM5W,https://www.academycll.com,Education,EdTech,Internet of Things (IoT) | Big data | Web technologies,Platform,AJITHAKUMARI M M | ABHILASH CHANDRAN,High,Industry: EdTech; Technology: Internet of Things (IoT) | Big data | Web technologies
912,CLOCKHASH TECHNOLOGIES LLP,"Ernakulam, Kerala",https://startups.startupmission.in/startups/8n1WJ,https://clockhash.com/your_trusted_cloud_solutions_partner,IT/ITeS,Enterprise Applications,AI / ML | Security & Surveillance Technology | Web technologies,Platform | Marketplace | SaaS,JOSE MAPRANATHUKARAN OUSEPH | THOMAS THANKACHAN,High,Sector: IT/ITeS; Industry: Enterprise Applications; Technology: AI / ML | Security & Surveillance Technology | Web technologies
913,CLOCKWELL INTERNATIONAL LLP,"Malappuram, Kerala",https://startups.startupmission.in/startups/Z1zjb,https://www.clockwell.in/,Other,Other,Web technologies,B2B | B2C,MOHAMMED SONU AFNAN P K | Muhammed Shaheel V V,Medium,Technology: Web technologies
914,CLOODOT PRIVATE LIMITED,"Thrissur, Kerala",https://startups.startupmission.in/startups/pvQQ0,https://www.cloodot.com,IT/ITeS,Enterprise Applications,Web technologies,B2B | B2C,,High,Sector: IT/ITeS; Industry: Enterprise Applications; Technology: Web technologies
915,CLOOTRACK SOFTWARE LABS PRIVATE LIMITED,"Ernakulam, Kerala",https://startups.startupmission.in/startups/4Z2k0,https://www.clootrack.com,IT/ITeS,Enterprise Applications,AI / ML,B2B | B2C | Platform,,High,Sector: IT/ITeS; Industry: Enterprise Applications; Technology: AI / ML
916,CLOUD ONE BUSINESS SOLUTIONS PRIVATE LIMITED,"Kozhikode, Kerala",https://startups.startupmission.in/startups/Z2rdZ,http://cloudonebs.com/,Healthcare,Healthcare IT,Web technologies,B2B | B2C,VELUPPAL MIDHUN KUMAR | ANJALI EDAKKANDY,High,Industry: Healthcare IT; Technology: Web technologies
917,CLOUDEX369 IT SOLUTIONS PRIVATE LIMITED,"Malappuram, Kerala",https://startups.startupmission.in/startups/ZNNbv,https://cloudex369.com,IT/ITeS,Enterprise Infrastructure,Web technologies,B2B | B2C,Kishor KS | Nowshad MU,High,Sector: IT/ITeS; Industry: Enterprise Infrastructure; Technology: Web technologies
919,CLOUDGM MARKETING PRIVATE LIMITED,"Pathanamthitta, Kerala",https://startups.startupmission.in/startups/0GER8,https://www.cloudgm.com,IT/ITeS,Consumer Apps,Web technologies,B2B | B2C | B2G,,High,Sector: IT/ITeS; Industry: Consumer Apps; Technology: Web technologies
920,CLOUDHOUSE TECHNOLOGIES PRIVATE LIMITED,"Thrissur, Kerala",https://startups.startupmission.in/startups/ZdrwQ,https://cloudhousetechnologies.com,IT/ITeS,Enterprise Applications,Web technologies,B2B | B2C,VIJAYRAJ AMMANCHERY RAJEEV | SREEKUTTY VENGATTU SREEKUMAR | Aswin Mohanan,High,Sector: IT/ITeS; Industry: Enterprise Applications; Technology: Web technologies
921,CLOUDSIX INFOSYSTEMS PRIVATE LIMITED,"Ernakulam, Kerala",https://startups.startupmission.in/startups/pmBqW,https://cloud6.co.in/,IT/ITeS,Consumer Apps,Web technologies,B2B | B2C,,High,Sector: IT/ITeS; Industry: Consumer Apps; Technology: Web technologies
922,CLOUDSTACKLE SOLUTIONS LLP,"Kozhikode, Kerala",https://startups.startupmission.in/startups/Z3e9M,https://finanxerai.com/,IT/ITeS,Consumer Apps,AI / ML | Mobile Apps | Web technologies,B2B | B2C,Muhammed Anas K | Hijas Ansif KP,High,Sector: IT/ITeS; Industry: Consumer Apps; Technology: AI / ML | Mobile Apps | Web technologies
924,CLOWDERIN LLP,"Kollam, Kerala",https://startups.startupmission.in/startups/0P6K8,https://clowderin.com,Education,EdTech,Web technologies | Mobile Apps,B2C | Platform,,High,Industry: EdTech; Technology: Web technologies | Mobile Apps
925,CLUBALPHA TECHNOLOGIES PRIVATE LIMITED,"Palakkad, Kerala",https://startups.startupmission.in/startups/pYnj8,https://www.cynapse.co.in,"Banking, Financial Services and Insurance",FinTech,Web technologies | Mobile Apps,B2C | D2C | Marketplace,,High,Industry: FinTech; Technology: Web technologies | Mobile Apps
927,CLUFOX TECH SOLUTIONS PRIVATE LIMITED,"Thiruvananthapuram, Kerala",https://startups.startupmission.in/startups/0J6y0,https://www.clufox.com/,IT/ITeS,Enterprise Applications,Web technologies | Mobile Apps,B2B | B2C | Platform,,High,Sector: IT/ITeS; Industry: Enterprise Applications; Technology: Web technologies | Mobile Apps
929,COAB SOLUTIONS PRIVATE LIMITED,"Ernakulam, Kerala",https://startups.startupmission.in/startups/8xr77,https://coab.club/,IT/ITeS,Enterprise Applications,Web technologies | Internet of Things (IoT) | Geographic Information Systems | Mobile Apps,B2B,SAVAD M V | AMALA P P,High,Sector: IT/ITeS; Industry: Enterprise Applications; Technology: Web technologies | Internet of Things (IoT) | Geographic Information Systems | Mobile Apps
931,COCHIN STERILISATION SERVICES PRIVATE LIMITED,"Thrissur, Kerala",https://startups.startupmission.in/startups/pbnwn,,Other,Other,Web technologies | Biotechnology | Internet of Things (IoT),B2B | B2C,BALAKRISHNAN PRATAP NELLIPARAMBIL | Deepak,Medium,Technology: Web technologies | Biotechnology | Internet of Things (IoT)
934,COCRI TECHNOLOGIES PRIVATE LIMITED,"Ernakulam, Kerala",https://startups.startupmission.in/startups/0POWw,https://www.cocri.online,Media and Entertainment,AdTech,Web technologies | Mobile Apps,B2B | Platform,NIKHIL JAMES | Delna O P,High,Industry: AdTech; Technology: Web technologies | Mobile Apps
936,CODEACE IT SOLUTIONS LLP,"Kozhikode, Kerala",https://startups.startupmission.in/startups/0JW6p,https://www.codeace.com,Media and Entertainment,AdTech,Web technologies,B2B,,Medium,Industry: AdTech; Technology: Web technologies
937,CODECARROTS TECHNOLOGIES LLP,"Ernakulam, Kerala",https://startups.startupmission.in/startups/0JNjy,https://codecarrots.com,Other,Other,Mobile Apps | Web technologies,B2C | B2B,MANU S | SREEKA CHANDRAN,Medium,Technology: Mobile Apps | Web technologies
938,CODECAT TECHNOLOGIES PRIVATE LIMITED,"Ernakulam, Kerala",https://startups.startupmission.in/startups/ZDx5x,https://www.codecattech.com,IT/ITeS,Consumer Apps,Mobile Apps | Internet of Things (IoT) | AI / ML,B2C | Platform,Rindo Randolph Michael,High,Sector: IT/ITeS; Industry: Consumer Apps; Technology: Mobile Apps | Internet of Things (IoT) | AI / ML
941,CODEMPULI LLP,"Ernakulam, Kerala",https://startups.startupmission.in/startups/05WzW,https://www.codempuli.com,IT/ITeS,Enterprise Applications,Mobile Apps,SaaS,Shilpa Antony,High,Sector: IT/ITeS; Industry: Enterprise Applications; Technology: Mobile Apps
942,CODEOFDUTY INNOVATIONS PRIVATE LIMITED,"Thiruvananthapuram, Kerala",https://startups.startupmission.in/startups/0GO50,https://ryng.in/,IT/ITeS,Enterprise Applications,Web technologies,B2B,Sanju Mathew | Benjamin Mathews Abraham,High,Sector: IT/ITeS; Industry: Enterprise Applications; Technology: Web technologies
943,CODESCRIBO TECHNOLOGIES PRIVATE LIMITED,"Alappuzha, Kerala",https://startups.startupmission.in/startups/poQrz,https://codescribo.com/overview#overview-box,IT/ITeS,Enterprise Applications,Web technologies,B2B | B2C,PRATHEESH MONEY,High,Sector: IT/ITeS; Industry: Enterprise Applications; Technology: Web technologies
944,CODEZEP TECHNOLOGIES PRIVATE LIMITED,"Ernakulam, Kerala",https://startups.startupmission.in/startups/8KmGl,https://zep360.com/,IT/ITeS,Enterprise Applications,Web technologies | Mobile Apps | AI / ML,SaaS | B2B | Platform,DEEPU SASIKUMAR | FELIX GEORGE IRUMBEN,High,Sector: IT/ITeS; Industry: Enterprise Applications; Technology: Web technologies | Mobile Apps | AI / ML
946,CODINGO PRIVATE LIMITED,"Thiruvananthapuram, Kerala",https://startups.startupmission.in/startups/0eEM0,http://www.codingo.co/,IT/ITeS,Enterprise Applications,Web technologies | Mobile Apps,B2B | SaaS | Platform,MINHAJ ABDURAHEEM E | PALLAVI DINESH | SUBHASH CHEERAKUZHIYIL,High,Sector: IT/ITeS; Industry: Enterprise Applications; Technology: Web technologies | Mobile Apps
947,Codsair Technologies Llp,"Kozhikode, Kerala",https://startups.startupmission.in/startups/8AGWx,https://www.codsairtechnologies.com,Healthcare,Healthcare IT,Web technologies | Mobile Apps,B2B | B2C,,High,Industry: Healthcare IT; Technology: Web technologies | Mobile Apps
948,CODX SYSTEMS,"Ernakulam, Kerala",https://startups.startupmission.in/startups/Zdr4Q,https://codxsystems.in/,Electronics and Communication,Manufacturing,Robotics | Sensors | AI / ML,B2B,Akshay Kannan | Olickal Noble Jacob | Adhithya R,Medium,Technology: Robotics | Sensors | AI / ML
954,COFSO TECHNOLOGIES LLP,"Palakkad, Kerala",https://startups.startupmission.in/startups/0e5yj,https://cofso.in/,IT/ITeS,Mobile,Web technologies | Mobile Apps,B2C | Platform | SaaS,ANOOB ANANDAKRISHNAN | VINOOB ANANTHAKRISHNAN,High,Sector: IT/ITeS; Industry: Mobile; Technology: Web technologies | Mobile Apps
955,COGNIFLUENZ DEEPTECH PRIVATE LIMITED,"Thiruvananthapuram, Kerala",https://startups.startupmission.in/startups/0MoDv,https://www.cognifluenz.com,Mobility,Mobility,AI / ML | Drones | Robotics,B2B | SaaS,Rajeev Kumaraswamy | Leena Leela Krishnankutty,Medium,Technology: AI / ML | Drones | Robotics; Business model: B2B | SaaS
956,COGNIOR LLP,"Alappuzha, Kerala",https://startups.startupmission.in/startups/Z9Qar,https://www.cognior.com/,IT/ITeS,Enterprise Infrastructure,AI / ML,B2B,SRINIVASAN DEEPIKA | RAVINDRAN RAKESH,High,Sector: IT/ITeS; Industry: Enterprise Infrastructure; Technology: AI / ML
957,COGNITA CYBERNETICS PRIVATE LIMITED,"Ernakulam, Kerala",https://startups.startupmission.in/startups/0GJGM,https://www.cognita.org.in/,IT/ITeS,Enterprise Applications,AI / ML | Cyber Security | Web technologies,SaaS | B2C | B2G,ANEESH KATTUNGAL ASHOKAN | GREESHMA,High,Sector: IT/ITeS; Industry: Enterprise Applications; Technology: AI / ML | Cyber Security | Web technologies
958,COGNITIVE APPLICATIONS PRIVATE LIMITED,"Ernakulam, Kerala",https://startups.startupmission.in/startups/8gEm0,https://comp360.biz/,IT/ITeS,Enterprise Applications,Web technologies,B2B | B2C,,High,Sector: IT/ITeS; Industry: Enterprise Applications; Technology: Web technologies
959,COGNOSIN PRIVATE LIMITED,"Thiruvananthapuram, Kerala",https://startups.startupmission.in/startups/8K130,http://www.cognosin.com/,IT/ITeS,Consumer Apps,AI / ML | Big data,B2B,Vikram Das,High,Sector: IT/ITeS; Industry: Consumer Apps; Technology: AI / ML | Big data
960,COINEDONE TECHNOLOGIES PRIVATE LIMITED,"Ernakulam, Kerala",https://startups.startupmission.in/startups/ZrwN0,https://www.helpaccess.io,IT/ITeS,Enterprise Applications,Web technologies,B2B | B2C,,High,Sector: IT/ITeS; Industry: Enterprise Applications; Technology: Web technologies
961,COLLABO DIGITAL NETWORK PRIVATE LIMITED,"Thrissur, Kerala",https://startups.startupmission.in/startups/0GO7M,https://www.shespace.in/,Education | IT/ITeS,EdTech | Enterprise Applications,Mobile Apps | AI / ML | Web technologies,Platform | SaaS,akhil j plackal | cigi george | plackal varghese jijo,High,Sector: Education | IT/ITeS; Industry: EdTech | Enterprise Applications; Technology: Mobile Apps | AI / ML | Web technologies
965,COLUMBUS EDUPARK PRIVATE LIMITED,"Ernakulam, Kerala",https://startups.startupmission.in/startups/ZOmqx,https://www.columbuslearning.org/,Education,EdTech,Web technologies | Display Technology,Platform | B2C,KOZHIKKOTTUTHARAYIL ULAHANNAN | . GIJEESH CHACKO,High,Industry: EdTech; Technology: Web technologies | Display Technology
966,COMBUS EDU SOLUTIONS LLP,"Malappuram, Kerala",https://startups.startupmission.in/startups/pkJGn,https://www.combus.in/,Education,EdTech,Web technologies | Mobile Apps | AI / ML,B2B | B2C | SaaS,Mohammed Mukthar E | Mushsthaque Ali Ahamed C P | Sajid M,High,Industry: EdTech; Technology: Web technologies | Mobile Apps | AI / ML; Business model: B2B | B2C | SaaS
967,COMFINITY TECHNOLOGIES PRIVATE LIMITED,"Palakkad, Kerala",https://startups.startupmission.in/startups/8XwYD,https://www.comfinityindia.com,Other,Other,AI / ML | Big data | Blockchain,B2B | B2C | Platform,Ajay Krishna K | Sooraj Sudevan,Medium,Technology: AI / ML | Big data | Blockchain
968,COMFORZ TECHNOLOGIES PRIVATE LIMITED,"Ernakulam, Kerala",https://startups.startupmission.in/startups/pyjrA,https://www.comforztech.online/,IT/ITeS,Consumer Apps,Web technologies,B2C,PRINCE JOSE FRANCIS | BOBY VARGHESE | Neethu Kiran,High,Sector: IT/ITeS; Industry: Consumer Apps; Technology: Web technologies
969,COMPASS TECH ENTERPRISES,"Thrissur, Kerala",https://startups.startupmission.in/startups/Z3VBr,https://www.compasstech.in/,Energy | IT/ITeS | Electronics and Communication,Clean Energy | Enterprise Infrastructure | Enterprise Applications | Manufacturing | Telecom,Sustainable Construction | Internet of Things (IoT) | Security & Surveillance Technology,B2B | B2C,Madhav Krishna K | Kells Seemon | Bimal K W,High,Sector: Energy | IT/ITeS | Electronics and Communication; Industry: Clean Energy | Enterprise Infrastructure | Enterprise Applications | Manufacturing | Telecom; Technology: Sustainable Construction | Internet of Things (IoT) | Security & Surveillance Technology
970,COMPETITIVE CRACKER PRIVATE LIMITED,"Ernakulam, Kerala",https://startups.startupmission.in/startups/0PEop,https://competitivecracker.com/,Education,EdTech,Web technologies,B2C,Ashamol PS | Bineesh Kumar PK | Abhilash PS,High,Industry: EdTech; Technology: Web technologies
972,COMPLY ARK SOLUTIONS PRIVATE LIMITED,"Ernakulam, Kerala",https://startups.startupmission.in/startups/pYxmQ,https://www.complyark.com/,IT/ITeS,Enterprise Applications,Web technologies | AI / ML,B2B,Navaneeth SS | Suresh KM,High,Sector: IT/ITeS; Industry: Enterprise Applications; Technology: Web technologies | AI / ML
973,COMPREHEALTH TECHNOLOGIES PRIVATE LIMITED,"Ernakulam, Kerala",https://startups.startupmission.in/startups/0wXgp,https://www.comprehealth.com,Healthcare,Healthcare IT,Web technologies | Mobile Apps,B2C,,High,Industry: Healthcare IT; Technology: Web technologies | Mobile Apps
974,COMPUTING FREEDOM COLLECTIVE PRIVATE LIMITED,"Idukki, Kerala",https://startups.startupmission.in/startups/Z9nv0,https://cfc.net.in,IT/ITeS,Enterprise Applications,Web technologies | Geographic Information Systems,SaaS,Jithin Thankachan | Sachin Gracious,High,Sector: IT/ITeS; Industry: Enterprise Applications; Technology: Web technologies | Geographic Information Systems
975,COMPUTRON SKILLSPARK PRIVATE LIMITED,"Ernakulam, Kerala",https://startups.startupmission.in/startups/8RDlB,https://computronsolutions.com/,Education,EdTech,AI / ML | Cyber Security | Internet of Things (IoT),B2B | B2C,Meena Vasudevan | SHAKIR ABDUL KHARIM,High,Industry: EdTech; Technology: AI / ML | Cyber Security | Internet of Things (IoT)
977,CONCEPT HUNT EDUCATION PRIVATE LIMITED,"Kollam, Kerala",https://startups.startupmission.in/startups/8RwJZ,https://www.tellaclasses.com/,Education,EdTech,Web technologies,B2C | B2B | Platform,,High,Industry: EdTech; Technology: Web technologies
978,Concepts Map Llp,"Ernakulam, Kerala",https://startups.startupmission.in/startups/041V3,https://www.conceptsmap.com,IT/ITeS,Enterprise Applications,Web technologies,B2B | B2C,,High,Sector: IT/ITeS; Industry: Enterprise Applications; Technology: Web technologies
980,CONECXIA ENTERPRISES LLP,"Kozhikode, Kerala",https://startups.startupmission.in/startups/Z3ea2,https://www.workwalaa.com/,IT/ITeS,Mobile,Mobile Apps,B2C,MOHAMMED NIHAL MUNDOLI | SIVADASAN NAIR SIDDHARTH | FARHAN KODITHODIKA,High,Sector: IT/ITeS; Industry: Mobile; Technology: Mobile Apps
981,CONFIANZA STRUCTURES PRIVATE LIMITED,"Thiruvananthapuram, Kerala",https://startups.startupmission.in/startups/plM1o,https://confianzastr.com/,IT/ITeS,Enterprise Infrastructure,Virtual Reality (VR) | 3D Printing | Sustainable Construction,B2B,SASEENDRA KURUP VASANTHAM AJIN | Bella Bose,High,Sector: IT/ITeS; Industry: Enterprise Infrastructure; Technology: Virtual Reality (VR) | 3D Printing | Sustainable Construction
983,CONNECT INN TECHNOLOGIES PRIVATE LIMITED,"Pathanamthitta, Kerala",https://startups.startupmission.in/startups/8Krmp,https://www.connectinn.in,IT/ITeS,Consumer Apps,Web technologies,B2B | B2C,,High,Sector: IT/ITeS; Industry: Consumer Apps; Technology: Web technologies
986,CONNECTSTREAM (OPC) PRIVATE LIMITED,"Ernakulam, Kerala",https://startups.startupmission.in/startups/poQQz,https://connectstream.io/,IT/ITeS,Enterprise Applications,AI / ML | Web technologies,B2B | B2C | Freemium,SHAHILA K,High,Sector: IT/ITeS; Industry: Enterprise Applications; Technology: AI / ML | Web technologies
987,CONNEKX PRIVATE LIMITED,"Thiruvananthapuram, Kerala",https://startups.startupmission.in/startups/8n12d,https://www.connekx.com/,IT/ITeS,Enterprise Applications,Mobile Apps,B2B | B2C,Krishnakumar Narayanan Nair | Vijayakumar Thankamany Sooraj,High,Sector: IT/ITeS; Industry: Enterprise Applications; Technology: Mobile Apps
989,CONQZEN EDU TECH PRIVATE LIMITED,"Thiruvananthapuram, Kerala",https://startups.startupmission.in/startups/plnMO,https://conqzenias.com/,Education,EdTech,AI / ML | Mobile Apps,B2C,,High,Industry: EdTech; Technology: AI / ML | Mobile Apps
990,Conroot Tech Private Limited,"Ernakulam, Kerala",https://startups.startupmission.in/startups/py69d,https://freeicons.io/,Retail | IT/ITeS,Retail | Consumer Apps | Enterprise Applications,Web technologies,B2C | Platform | B2B,,High,Sector: Retail | IT/ITeS; Industry: Retail | Consumer Apps | Enterprise Applications; Technology: Web technologies
992,CONSOUL ASSOCIATES LLP,"Ernakulam, Kerala",https://startups.startupmission.in/startups/0GMR8,https://www.archihelp.consoulassociates.com/,IT/ITeS,Enterprise Applications,Web technologies,B2B | B2C | Platform,Roy John | NISHA K R,High,Sector: IT/ITeS; Industry: Enterprise Applications; Technology: Web technologies
993,CONSULTCALIVE PRIVATE LIMITED,"Thiruvananthapuram, Kerala",https://startups.startupmission.in/startups/ZNka0,https://consultcalive.com,IT/ITeS,Enterprise Applications,Web technologies | AI / ML,B2B | B2C | Platform,,High,Sector: IT/ITeS; Industry: Enterprise Applications; Technology: Web technologies | AI / ML
995,CONTACTOS PRIVATE LIMITED,"Ernakulam, Kerala",https://startups.startupmission.in/startups/pbVnO,https://contato.app/,IT/ITeS,Consumer Apps,Mobile Apps | Web technologies,SaaS | B2B | B2C,Abhilash Subashchandrababu | Suneeshkumar P O,High,Sector: IT/ITeS; Industry: Consumer Apps; Technology: Mobile Apps | Web technologies
997,CONVAI INNOVATIONS PRIVATE LIMITED,"Kasaragod, Kerala",https://startups.startupmission.in/startups/ZDwE8,https://convaiinnovations.com/,Healthcare,Healthcare IT,Virtual Reality (VR) | AI / ML | Mobile Apps,B2B,ANJALI MUKKUNNOTH | NANDAKISHOR MUKKUNNOTH | MUKKUNNOTH ARCHANA,High,Industry: Healthcare IT; Technology: Virtual Reality (VR) | AI / ML | Mobile Apps
998,CONVOLVE TECHNOLOGIES,"Ernakulam, Kerala",https://startups.startupmission.in/startups/Z3q2p,https://convolvetechnologies.com/,IT/ITeS,Enterprise Applications,Web technologies | Mobile Apps,B2B,Manoj C M | Bibin Bhanujan | Necer Ashraf,High,Sector: IT/ITeS; Industry: Enterprise Applications; Technology: Web technologies | Mobile Apps
