id,company_name,location,ksum_url,website,sector,industry,technology,business_model,founders,priority
3,2HATS LOGIC SOLUTIONS PRIVATE LIMITED,"Ernakulam, Kerala",https://startups.startupmission.in/startups/pmJe8,https://www.2hatslogic.com/,IT/ITeS,Enterprise Applications,Web technologies,B2B | SaaS,Indrajith IV | Aneesh Sreedharan,A
4,360MARKETING SCHOOL PRIVATE LIMITED,"Malappuram, Kerala",https://startups.startupmission.in/startups/8n66W,https://360marketing.school/,Education,EdTech,AI / ML | Mobile Apps | Web technologies,B2B | B2C,AFTHAB RAHMAN,A
10,60PLUS VENTURES PRIVATE LIMITED,"Ernakulam, Kerala",https://startups.startupmission.in/startups/8qPWE,http://www.seniorshive.com/,Education,EdTech,Mobile Apps,B2C | Platform,SIVAKUMARAN NAIR MADHAV | MADHAVANNAIR SUMATHY,A
12,A I N MED-FARM PRIVATE LIMITED,"Wayanad, Kerala",https://startups.startupmission.in/startups/Z1VWb,https://ainmedfarm.my.canva.site/a-i-n-med-farm-pvt-ltd,Education | Agriculture and Life Sciences | Healthcare,EdTech | Agri Tech | Healthcare IT | Pharma,Augmented Reality (AR) | AI / ML | Virtual Reality (VR) | Robotics | Internet of Things (IoT) | Security & Surveillance Technology | Sensors | Web technologies | Biotechnology | Nanotechnology,B2G | B2C | D2C | B2B,Cherukuri Ambica | Dr Syed ilias Basha,A
15,A&J Creative Solutions,"Wayanad, Kerala",https://startups.startupmission.in/startups/0JRGy,https://www.aandjcreativesolutions.com,IT/ITeS,Enterprise Applications,Mobile Apps | AI / ML,B2C | Freemium,Ansar Thajudeen | K.J.Jithesh,A
16,A2Z ALPHABETSOLUTIONZ PRIVATE LIMITED,"Thiruvananthapuram, Kerala",https://startups.startupmission.in/startups/py61O,https://a2zalphabetsolutionz.com/,IT/ITeS,Enterprise Infrastructure,Web technologies | Mobile Apps,B2B,SHAFIK SAHIB MEERA | NIDHU SHAHEED SHAREEFA,A
19,AAA SOFTWARE SOLUTION PRIVATE LIMITED,"Thiruvananthapuram, Kerala",https://startups.startupmission.in/startups/8R5jp,https://aaasoftwaresolution.com/,IT/ITeS,Enterprise Applications,Web technologies,B2B,,A
21,AALMAAV VENTURES PRIVATE LIMITED,"Ernakulam, Kerala",https://startups.startupmission.in/startups/plnRO,https://www.adamsdoc.in/,Healthcare,Healthcare IT,AI / ML | Big data | Mobile Apps,B2C | Marketplace | Platform,ANSON JOSEPH | AIVIN ALEX PHILIP,A
22,AAM HEALTH NEEDS PRIVATE LIMITED,"Thrissur, Kerala",https://startups.startupmission.in/startups/ZNNnN,https://www.aamhealth.com/,Healthcare,Healthcare IT,Internet of Things (IoT) | AI / ML | Mobile Apps,Platform | B2C | Freemium,Hafid Haneefa,A
24,AARAFLOW PRIVATE LIMITED,"Thiruvananthapuram, Kerala",https://startups.startupmission.in/startups/pyjAg,https://www.aaraflow.com/,IT/ITeS,Enterprise Applications,Web technologies | AI / ML,B2C | B2B,Partha Sankar R P S | Gowtham T P,A
29,AASK EDUTECH PRIVATE LIMITED,"Ernakulam, Kerala",https://startups.startupmission.in/startups/0w1G8,https://aask.training,Education,EdTech,Web technologies,B2B | B2C,,A
31,AAYACARE PRIVATE LIMITED,"Malappuram, Kerala",https://startups.startupmission.in/startups/pzgWV,https://aayacare.com,Healthcare,Healthcare IT,Mobile Apps,B2C | Platform,VAISHNAV CHEMBAKAN | ARUN SATHYAN,A
36,ABIBIN ACADEMY LLP,"Kozhikode, Kerala",https://startups.startupmission.in/startups/Z1VoA,https://www.abibinacademy.com,IT/ITeS,Enterprise Applications,AI / ML | Big data | Web technologies,D2C | B2B | Freemium,THALAKKALA VALAPPIL JASNA | SNEJA BINOY,A
37,ABIX GLOBAL PRIVATE LIMITED,"Kozhikode, Kerala",https://startups.startupmission.in/startups/Zrg90,https://www.medq.app,Healthcare,Healthcare IT,Web technologies | Mobile Apps,B2C | B2B,SHAMNA K | ADISH CHAKYERY,A
44,ABSOLUTE MIND PRIVATE LIMITED,"Kozhikode, Kerala",https://startups.startupmission.in/startups/8grAp,http://mindgurulive.com/,Healthcare,Healthcare IT,Mobile Apps | Web technologies,B2C,,A
46,ACADEMY OF MEDIA AND DESIGN LLP,"Palakkad, Kerala",https://startups.startupmission.in/startups/8q4Bp,https://www.amd.edu.in,Education,EdTech,Web technologies,B2C,,A
47,ACCELMOVE DYNAMICS PRIVATE LIMITED,"Thiruvananthapuram, Kerala",https://startups.startupmission.in/startups/ZEElZ,https://accelmove.com/,Education,EdTech,Robotics | Web technologies,B2C,,A
48,ACCENDON TECHNOLOGIES PRIVATE LIMITED,"Ernakulam, Kerala",https://startups.startupmission.in/startups/pynv8,http://accendon.com/wellness,Healthcare,Healthcare IT,Mobile Apps | AI / ML | Big data,B2B | D2C,Renjith PR | DIVYA J,A
49,ACCESS HOME LAB SOLUTIONS LLP,"Thrissur, Kerala",https://startups.startupmission.in/startups/p6rrV,https://www.accesslabz.com/,Healthcare,Healthcare IT,Web technologies,B2C,Dr. John Paul | Dr. Fazil Abubakar,A
51,ACCEVION PRIVATE LIMITED,"Kozhikode, Kerala",https://startups.startupmission.in/startups/pm3D1,https://accevion.com/,IT/ITeS,Enterprise Applications,Internet of Things (IoT) | Mobile Apps | Web technologies,B2C | B2B | SaaS,JIMNA CHULLIYIL | ASWIN LAL CHAITHRAM,A
54,ACCOVET INFOTECH PRIVATE LIMITED,"Thiruvananthapuram, Kerala",https://startups.startupmission.in/startups/Z3OxZ,https://www.accovet.com/,IT/ITeS,Consumer Apps,Web technologies,B2C | B2B | Marketplace,Arundas | Remya Rema | Ambu Senan,A
57,ACCUCERTS TECHNOLOGIES PRIVATE LIMITED,"Thiruvananthapuram, Kerala",https://startups.startupmission.in/startups/0W7l0,https://accucerts.io/,IT/ITeS,Enterprise Applications,Blockchain | Web technologies,B2B | B2C | Platform,,A
59,ACETROOP CREATIONS LLP,"Ernakulam, Kerala",https://startups.startupmission.in/startups/pzQY0,https://www.smartsixer.com,Education,EdTech,Web technologies,B2C,,A
60,ACEWARE FINTECH SERVICES PRIVATE LIMITED,"Ernakulam, Kerala",https://startups.startupmission.in/startups/ZdX4Z,https://www.acemoney.com,"Banking, Financial Services and Insurance",FinTech,Web technologies | AI / ML | Cyber Security,B2B | B2C | B2G,Nimisha J Vadakkan | Jubin J Kurichiyil,A
62,Acmaey Accounting Solutions Private Limited,"Thiruvananthapuram, Kerala",https://startups.startupmission.in/startups/p6rgE,https://accotick.com/,"Banking, Financial Services and Insurance",FinTech,Web technologies | Mobile Apps,SaaS,REJEESH KUMAR T,A
63,ACODEZ EDUCATIONAL & CONSULTING SOLUTIONS PRIVATE LIMITED,"Kozhikode, Kerala",https://startups.startupmission.in/startups/0e5vG,https://avivdigital.in/,Education,EdTech,Web technologies,B2C,Rithesh N | John Paul Manjaly | Vipin Kumar Nayar,A
65,Acowale Technologies Private Limited,"Idukki, Kerala",https://startups.startupmission.in/startups/041bv,https://www.acowale.com,IT/ITeS | Retail,Enterprise Applications | Retail,AI / ML | Web technologies | Big data,B2B | SaaS | Freemium | B2C | Platform | Marketplace,Crisbin Joseph Mathew,A
66,ACQODIS TECHNOLOGIES LLP,"Ernakulam, Kerala",https://startups.startupmission.in/startups/ZrkGE,https://www.acqodis.com,IT/ITeS,Enterprise Applications,Web technologies,B2B,BINOLIN PHILIP | NITHEESH GEORGE,A
67,ACTAI TECHNOLOGIES PRIVATE LIMITED,"Malappuram, Kerala",https://startups.startupmission.in/startups/0MJdV,https://actaitech.com/,IT/ITeS,Enterprise Applications,Web technologies | Mobile Apps | AI / ML,B2B,JAMSHIDA K | ANWAR SADATH,A
69,ACTIONCLUB,"Thrissur, Kerala",https://startups.startupmission.in/startups/ZEmj2,https://actionclubapp.com,IT/ITeS,Consumer Apps,Mobile Apps,Marketplace,Jovish Jose | Rini Joseph,A
70,ACTIVELOGICA LIFESCIENCE INNOVATIONS PRIVATE LIMITED,"Ernakulam, Kerala",https://startups.startupmission.in/startups/8AWl0,https://www.activelogica.com,Healthcare,Healthcare IT,Web technologies | Mobile Apps,B2B,Jayan Jacob Meledom,A
74,AD HOC HEALTHCARE SUPPLY AND SERVICES PRIVATE LIMITED,"Kottayam, Kerala",https://startups.startupmission.in/startups/8gAA0,http://www.adhochealthcare.com/,Healthcare,Healthcare IT,Mobile Apps,B2C | B2B,,A
81,ADDMIGO PRIVATE LIMITED,"Wayanad, Kerala",https://startups.startupmission.in/startups/0417L,https://addmigo.com/,Education,EdTech,Mobile Apps | Web technologies | AI / ML,Platform,ATHUL PARAKKUNNATH | MUHAMMED SHAHEER KAVUNGAL,A
82,ADDONEZ MARKETPLACE LLP,"Ernakulam, Kerala",https://startups.startupmission.in/startups/Z9Qbr,https://addonez.com/,IT/ITeS,Enterprise Infrastructure,Web technologies | AI / ML | Blockchain,B2B | B2C | B2G,SHIBU DANIEL | SIVARAMAN SHEELA DEVI,A
83,ADDUS DYNAMICS LLP,"Ernakulam, Kerala",https://startups.startupmission.in/startups/ZDxE2,https://addus-three.vercel.app/,IT/ITeS,Enterprise Infrastructure,AI / ML | Mobile Apps | Web technologies,SaaS | Platform | Marketplace,MOHAMMED JIYADH KP | SAJAN SUNNY,A
84,ADEXORB TECHNOLOGIES PRIVATE LIMITED,"Pathanamthitta, Kerala",https://startups.startupmission.in/startups/ZdYkX,https://adexorb.com,IT/ITeS,Enterprise Applications,AI / ML | Web technologies,SaaS,Prasanth G Kumar | P K Gopinathan,A
85,ADHI VEDA PHARMACEUTICAL PRIVATE LIMITED,"Ernakulam, Kerala",https://startups.startupmission.in/startups/0e5Qj,http://www.adhimeds.com/,IT/ITeS,Consumer Apps,Mobile Apps | Web technologies,B2C | Marketplace | Platform,ANOOP G A | RESHMA HAREENDRAN,A
90,ADHWAITHA WEB CONSULTANCY SERVICES PRIVATE LIMITED,"Thrissur, Kerala",https://startups.startupmission.in/startups/pvmx0,https://www.adhwaitha.com/,IT/ITeS,Mobile,Mobile Apps | Web technologies,B2C,,A
92,ADIDHI HOSPITALITY SOLUTIONS PRIVATE LIMITED,"Kannur, Kerala",https://startups.startupmission.in/startups/Zdav0,https://www.adidhi.com,IT/ITeS,Enterprise Applications,Web technologies,B2B | B2C | Platform,,A
94,ADIVINAR CATALYST IT SOLUTIONS LLP,"Ernakulam, Kerala",https://startups.startupmission.in/startups/8xrRb,https://adivinartec.com/,IT/ITeS,Enterprise Applications,AI / ML,B2B,SUNITHA SHAJAHAN SHAHABAS | EBIN BABUJI,A
95,ADMAR VENTURES (OPC) PRIVATE LIMITED,"Kozhikode, Kerala",https://startups.startupmission.in/startups/0JRvN,https://edguide.co.in/,Education,EdTech,Web technologies | Augmented Reality (AR),B2C,Niyas K.V,A
101,ADSTORY COMMUNICATIONS,"Thrissur, Kerala",https://startups.startupmission.in/startups/Zrjkw,https://www.adstory.in/,IT/ITeS,Enterprise Applications,AI / ML | Web technologies,B2B | B2C,ROHITH N L | Krishnaprasad PP,A
102,ADSUM CONSULTANCY PRIVATE LIMITED,"Ernakulam, Kerala",https://startups.startupmission.in/startups/8KK38,https://www.graduator.org/,Education,EdTech,Web technologies,B2C,ASHAD VALAPPIL EKKOORATH | ANSHID | ASHIQ PERINCHERY MUHAMMED,A
105,ADVONIT TECHNOLOGIES PRIVATE LIMITED,"Ernakulam, Kerala",https://startups.startupmission.in/startups/Z9BbQ,https://advonit.com/,IT/ITeS,Enterprise Applications,Web technologies | Mobile Apps,B2B | SaaS,JOHN THOMAS VECHURATH | MANZOOR ALI KALIPARAMBIL ALI,A
108,ADZIS SOFTWARE PRIVATE LIMITED,"Thiruvananthapuram, Kerala",https://startups.startupmission.in/startups/0eBGp,https://adzis.com,IT/ITeS,Consumer Apps,Web technologies | AI / ML,B2B | B2C | Platform,,A
110,Aegous Healthcare Private Limited,"Wayanad, Kerala",https://startups.startupmission.in/startups/pvVDY,https://www.aegous.in,Healthcare,Healthcare IT,Web technologies,B2B | B2C,,A
111,AEIOU EDU INNOVATIONS PRIVATE LIMITED,"Ernakulam, Kerala",https://startups.startupmission.in/startups/04A2p,https://www.myindianyoga.com,Education,EdTech,Web technologies,B2C,,A
113,Aerobits Biotech Private Limited,"Ernakulam, Kerala",https://startups.startupmission.in/startups/07m7x,https://aerobits.in/biotech,Healthcare,Healthcare IT | Assistive Tech,Mobile Apps | Manufacturing | Robotics,B2C | B2B,,A
115,AEROBIX ACTIVE PRIVATE LIMITED,"Malappuram, Kerala",https://startups.startupmission.in/startups/0JRJk,http://aerobix.in/,Healthcare,Healthcare IT,Mobile Apps | Web technologies,B2C | Platform,MUHAMMAD FAVAS M,A
119,AEROMAN TECHNOLOGIES PRIVATE LIMITED,"Thrissur, Kerala",https://startups.startupmission.in/startups/pm31k,https://www.aerolab.in/,Education,EdTech,Robotics | Internet of Things (IoT) | AI / ML,D2C | B2C,SANAL KUMAR PULPARAMBIL,A
121,AEROVANTIX SYSTEMS PRIVATE LIMITED,"Kottayam, Kerala",https://startups.startupmission.in/startups/8Kmzm,,IT/ITeS | Aerospace and Defense,Enterprise Infrastructure | Space,AI / ML | Drones | Internet of Things (IoT),B2B | B2C,CHINNU C RAJ | ARJUN C RAJ,A
125,AETH ANALYTICA PRIVATE LIMITED,"Kozhikode, Kerala",https://startups.startupmission.in/startups/Q0B3p,https://aethanalytica.com/,IT/ITeS,Enterprise Applications,Mobile Apps | Web technologies,B2B,HARIKUMAR KATHIYATIL THEKKAYIL | NANCY VARGHESE,A
126,Aev Learning Solutions Private Limited,"Thrissur, Kerala",https://startups.startupmission.in/startups/pzgmD,https://www.aevlearning.com,Education,EdTech,Web technologies,B2C,,A
129,Afath Technologies Private Limited,"Thrissur, Kerala",https://startups.startupmission.in/startups/Z1mrb,https://afath.com,IT/ITeS,Enterprise Infrastructure,Web technologies,B2B | B2C,,A
131,AFFI EDUCATIONS LLP,"Kozhikode, Kerala",https://startups.startupmission.in/startups/pbgNG,https://bizcorn.in/,Education,EdTech,Mobile Apps | Web technologies,B2C | B2B,,A
132,AFFORDMATE PRIVATE LIMITED,"Malappuram, Kerala",https://startups.startupmission.in/startups/Z9WRv,https://www.affordmate.com/,IT/ITeS,Enterprise Applications,Web technologies | Mobile Apps,B2B | B2C | Platform,ABILASH THADATHIL SUBRAMANIAN | BINOY KODAKKAT BALACHANDRAN,A
133,AGASTYX LABS LLP,"Ernakulam, Kerala",https://startups.startupmission.in/startups/05BNe,https://agastyx.com/the-lab/,Consumer Goods | IT/ITeS | Electronics and Communication,Consumer Electronics | Enterprise Applications | Manufacturing,Robotics | Internet of Things (IoT) | AI / ML,B2B | B2C | Platform,Chithira Mohan Das | ANOOP BABU,A
135,AGENTICNEX AI PRIVATE LIMITED,"Kottayam, Kerala",https://startups.startupmission.in/startups/0erqP,https://agenticnex.com,IT/ITeS,Enterprise Infrastructure,AI / ML | Augmented Reality (AR) | Internet of Things (IoT),B2B,Steve Sony | Nicey Jose | Sony Lazarus,A
136,AGENTICX KNOWLEDGE SOLUTIONS LLP,"Kollam, Kerala",https://startups.startupmission.in/startups/pY1kj,https://www.agenticx.co.in/,Education,EdTech,AI / ML | Big data | Cyber Security,B2C | B2B,Anju Muraleedharan | Muraleedharan Nanoo,A
140,AGILEINFO TECHYTERN SOLUTIONS LLP,"Thiruvananthapuram, Kerala",https://startups.startupmission.in/startups/8nVVx,https://agileinfoz.com/,Agriculture and Life Sciences | Education,Agri Tech | EdTech,AI / ML | Security & Surveillance Technology | Internet of Things (IoT) | Web technologies | Mobile Apps,B2B | B2G | B2C | Freemium | Platform,SHABNA B S,A
163,AHOPE SOLUTIONS PRIVATE LIMITED,"Thiruvananthapuram, Kerala",https://startups.startupmission.in/startups/poXQV,https://ahopesolutions.com/,"Banking, Financial Services and Insurance",FinTech,Web technologies,B2B,Sanjay Abraham | AJIT GEORGE MATHAI,A
166,AI PORTA TECHNOLOGY LLP,"Ernakulam, Kerala",https://startups.startupmission.in/startups/pvDxz,https://www.aixperia.com,IT/ITeS,Enterprise Infrastructure,AI / ML | Manufacturing | Augmented Reality (AR),Platform | B2B | B2C,Jackson Jacob | Midhun Mathew,A
167,AI-FYNEXT INNOVATIONS PRIVATE LIMITED,"Kasaragod, Kerala",https://startups.startupmission.in/startups/Z2938,https://.rateup.app,Education,EdTech,Mobile Apps | Web technologies,B2B,Abhilash Sathyan | Jithu Joy | Shidhin RK,A
169,AIBLOCKS INDIA PRIVATE LIMITED,"Thiruvananthapuram, Kerala",https://startups.startupmission.in/startups/py9Ap,https://www.aiblocks.in,IT/ITeS,Enterprise Applications,AI / ML | Web technologies,B2B | B2C | Platform,,A
171,AIERA SOLUTIONS PRIVATE LIMITED,"Ernakulam, Kerala",https://startups.startupmission.in/startups/8nDd0,http://grunelectrotech.com/,IT/ITeS,Enterprise Applications,Web technologies,B2B | B2C,,A
172,AIFER EDUCATION PRIVATE LIMITED,"Kozhikode, Kerala",https://startups.startupmission.in/startups/poXLQ,https://www.aifer.in/,Education,EdTech,Web technologies,B2C,ANEES POOVATHI | MOHAMED BINSHAD K,A
173,AIGOSYS INNOVATION PRIVATE LIMITED,"Malappuram, Kerala",https://startups.startupmission.in/startups/0MowJ,https://aigosys.com,IT/ITeS,Enterprise Applications,AI / ML | Internet of Things (IoT) | Web technologies,SaaS | B2B | B2G,Mohamed Navas Vazhappully | Shamla,A
174,AIKYAM MEDICAL CONSULTANCY SERVICES PRIVATE LIMITED,"Ernakulam, Kerala",https://startups.startupmission.in/startups/0wKvL,https://uplivo.org/,Healthcare,Healthcare IT,AI / ML | Mobile Apps | Web technologies,B2C,ADITHYA ARAVIND | GAURI MANOJKUMAR KRISHNA,A
177,AINDRIYA AI AND DATA LABS PRIVATE LIMITED,"Ernakulam, Kerala",https://startups.startupmission.in/startups/pvywk,https://aindriya.co.in,IT/ITeS,Enterprise Applications,AI / ML,SaaS,ANTONY JOSHY | JAYAKUMAR JYOTHIS,A
179,AINSURTECH PRIVATE LIMITED,"Thiruvananthapuram, Kerala",https://startups.startupmission.in/startups/poE3Z,https://www.ainsurtek.com,"Banking, Financial Services and Insurance | IT/ITeS",FinTech | Enterprise Applications,Web technologies | AI / ML,B2B | B2C | Platform,RAJ KUMAR RANGASWAMY,A
181,AIOEAM CORPGLOBAL PRIVATE LIMITED,"Kollam, Kerala",https://startups.startupmission.in/startups/0WYP8,https://aioeamcorpglobal.com/,IT/ITeS,Enterprise Applications,Web technologies | Mobile Apps,B2B | B2C | Platform,,A
183,AIPOPULI TECHNOLOGIES PRIVATE LIMITED,"Thiruvananthapuram, Kerala",https://startups.startupmission.in/startups/pvVRr,https://aipopuli.com/,IT/ITeS,Enterprise Applications,Web technologies | AI / ML,B2B,DEEPAK JAYARAMDAS | MANOJ MOHANANNAIR SASIKALA,A
184,AIRAVAT CREATIONS PRIVATE LIMITED,"Thiruvananthapuram, Kerala",https://startups.startupmission.in/startups/0MJRv,https://admissionbid.com/,Education,EdTech,AI / ML,Marketplace | B2B | B2C,ABHINAV A | JAYASREE SASIDHARAN NAIR BABY,A
186,AIREALM TECHNOLOGIES PRIVATE LIMITED,"Ernakulam, Kerala",https://startups.startupmission.in/startups/Z9Q16,https://nyayasathi.com/,IT/ITeS,Mobile,AI / ML | Web technologies,B2B | B2C,Reshma Nambiar | Jeffy John,A
188,AIRIZZ CONSULTANCY SERVICES PRIVATE LIMITED,"Ernakulam, Kerala",https://startups.startupmission.in/startups/p6WAy,https://airizz.co/,IT/ITeS,Enterprise Applications,AI / ML | Web technologies,SaaS,MUTHARASU SANKARAMUKUNTHAN | Praveen Prabhakar,A
191,Airvox Technologies Private Limited,"Thrissur, Kerala",https://startups.startupmission.in/startups/05Dle,https://www.thrillark.com,IT/ITeS,Consumer Apps,Web technologies,B2C,Firoz Musthafa | Fazil Parakkat,A
192,AISHU'S ACADEMY PRIVATE LIMITED,"Thiruvananthapuram, Kerala",https://startups.startupmission.in/startups/07ox0,https://www.aishusacademy.com/,Education,EdTech,Web technologies,B2C | B2B,,A
194,AIWHIZ SOLUTIONS PRIVATE LIMITED,"Ernakulam, Kerala",https://startups.startupmission.in/startups/pzgra,https://aiwhiz.co/,IT/ITeS,Enterprise Applications,AI / ML | Web technologies | Big data,B2B | B2C | Platform,Smithish Jose | LEENA BABU MUKKADA,A
195,AIXE LABS PRIVATE LIMITED,"Ernakulam, Kerala",https://startups.startupmission.in/startups/pmA71,https://www.artograph.ai/,Healthcare,Healthcare IT,AI / ML | Internet of Things (IoT),SaaS | B2B,REJIN JOSE K | K SRIKANTH,A
196,AIXPANZA PRIVATE LIMITED,"Thiruvananthapuram, Kerala",https://startups.startupmission.in/startups/0WbEP,http://www.aixpanza.in/AiDentalCare/,Healthcare,Healthcare IT,Mobile Apps | AI / ML | Web technologies,B2B | B2C,Razi Farook | Nifra Roshin N R,A
198,AJCS SKILL ACADEMY PRIVATE LIMITED,"Ernakulam, Kerala",https://startups.startupmission.in/startups/0JNOe,https://www.ajcsskillacademy.com,Education,EdTech,Augmented Reality (AR) | Virtual Reality (VR),B2C | Platform | B2B,STANLEY CHACKO | JOSEMON M B | ASWINI SUSAN GEORGE,A
199,AJTECH ADVANCED INNOVATIONS PRIVATE LIMITED,"Malappuram, Kerala",https://startups.startupmission.in/startups/0Gew8,https://www.ajtech.in,IT/ITeS,Enterprise Applications,Web technologies,B2B | B2C,,A
200,AJU ED SOLUTIONS LLP,"Thiruvananthapuram, Kerala",https://startups.startupmission.in/startups/8q6YP,https://www.ajuedsolutions.com/,IT/ITeS | Education | Media and Entertainment,Enterprise Applications | EdTech | Enterprise Infrastructure | AdTech,Web technologies | AI / ML | Cyber Security | Robotics | Internet of Things (IoT),B2B | B2C | D2C,Renjith Rajendran | AJU JS | ANU JS,A
201,AJUS PLAYS PRIVATE LIMITED,"Ernakulam, Kerala",https://startups.startupmission.in/startups/8n63x,https://www.ajusplays.com,Media and Entertainment,AdTech,Web technologies | Mobile Apps,Platform,AJESH CHANDRAN | VIJAYAN KARIPPAL KALAMPALLY,A
203,AKAM MIND CARE PRIVATE LIMITED,"Palakkad, Kerala",https://startups.startupmission.in/startups/0Mo1d,https://akammindcare.com/,Healthcare,Healthcare IT,Mobile Apps,B2C,MOHAMMED NIHAL | MUBARIS MOHAMMED,A
208,AL TEZZAI LLP,"Kannur, Kerala",https://startups.startupmission.in/startups/0POEw,https://altezzai.com,IT/ITeS,Enterprise Applications | Consumer Apps,Security & Surveillance Technology | Web technologies | Cyber Security | Mobile Apps,B2G | Platform | Marketplace | Freemium | B2C,Ishaque Risan P | Aswin K,A
209,AL WISDOM EDUCATION LLP,"Kozhikode, Kerala",https://startups.startupmission.in/startups/0w32J,https://alwisdom.com/,Education,EdTech,Mobile Apps,B2C | Platform | B2B,SHAREEJ MANDADI | PAZHAYILLATH MASHHOOD,A
211,ALBEDO EDUCATOR PRIVATE LIMITED,"Malappuram, Kerala",https://startups.startupmission.in/startups/0BwB3,https://albedoedu.com/,Education,EdTech,Mobile Apps,B2C,RAMEES ANAKKACHERI,A
212,ALBETECH SOFTWARE SOLUTIONS LLP,"Kollam, Kerala",https://startups.startupmission.in/startups/0w3ve,https://albetech.in/,IT/ITeS,Enterprise Applications,AI / ML | Web technologies | Augmented Reality (AR),B2B | Freemium | B2C,Orestes Albert | Sreekutty S,A
214,ALCHEMY IBS PRIVATE LIMITED,"Thiruvananthapuram, Kerala",https://startups.startupmission.in/startups/0Wxy9,https://alchemyibs.com/,Education,EdTech,Web technologies | Mobile Apps,B2C | Platform,Abhimanue V S,A
215,Alders Quess Llp,"Kozhikode, Kerala",https://startups.startupmission.in/startups/8LovQ,https://www.queschat.com,Education,EdTech,Web technologies,B2C,,A
216,ALENIST TECH PRIVATE LIMITED,"Ernakulam, Kerala",https://startups.startupmission.in/startups/8XwKm,http://www.lawyerlinked.com/,IT/ITeS,Mobile,Mobile Apps,B2B,Abilash Babu | Alen arakkal | Adam Gil Christ Joy,A
217,Alentador Customer Dienste Private Limited,"Thiruvananthapuram, Kerala",https://startups.startupmission.in/startups/Z2z9k,https://alentador.in,IT/ITeS,Consumer Apps,Web technologies,B2B | B2C,,A
221,Algobiz Innovations Llp,"Malappuram, Kerala",https://startups.startupmission.in/startups/pvVOv,https://algobiz.in/,Education,EdTech,Mobile Apps,B2C,,A
222,ALGOL SOFT,"Thiruvananthapuram, Kerala",https://startups.startupmission.in/startups/pv9Q0,https://www.algols.in,IT/ITeS,Enterprise Applications,Web technologies,B2B | B2C | Platform,,A
223,ALGONOTS INNOVATIONS PRIVATE LIMITED,"Thiruvananthapuram, Kerala",https://startups.startupmission.in/startups/0WbbP,https://www.algonots.com/,IT/ITeS,Enterprise Applications,AI / ML | Blockchain | Web technologies,B2B | B2C,Akshaya TR | Anil Antony,A
232,ALIZON SCHOOL OF MEDICAL & DIGITAL INTELLIGENCE LLP,"Thiruvananthapuram, Kerala",https://startups.startupmission.in/startups/Z9Qyz,https://alizongov.com/,Healthcare | Education,Healthcare IT | EdTech,AI / ML | Mobile Apps | Web technologies | Geographic Information Systems | Robotics,B2B | B2C | B2G,Preetha Dharmadha | Abijeeth Tiwari Ani,A
234,ALKABYTES SOFTWARE PRIVATE LIMITED,"Malappuram, Kerala",https://startups.startupmission.in/startups/05J5p,https://www.alkabytes.com,IT/ITeS,Enterprise Applications,Web technologies,SaaS,,A
235,ALL IN ZONE PRIVATE LIMITED,"Ernakulam, Kerala",https://startups.startupmission.in/startups/pmaWp,https://aiz.one,IT/ITeS,Consumer Apps | Enterprise Infrastructure,AI / ML | Big data | Web technologies | Mobile Apps | Smart Home,B2B | B2C | Platform | SaaS,PATHROSE NITHIN,A
239,ALLPAY SERVICES PRIVATE LIMITED,"Pathanamthitta, Kerala",https://startups.startupmission.in/startups/pzlVZ,https://www.all-pay.in,IT/ITeS,Enterprise Applications,Web technologies,B2B,,A
242,ALLYYC BIZ SOLUTIONS PRIVATE LIMITED,"Ernakulam, Kerala",https://startups.startupmission.in/startups/8RPl0,https://www.allyyc.com,IT/ITeS,Mobile,Mobile Apps | Web technologies,B2B | B2C,,A
244,ALOGA INFOTECH INDIA PRIVATE LIMITED,"Ernakulam, Kerala",https://startups.startupmission.in/startups/8xO3x,https://www.aloga.org,Media and Entertainment,Social Media,Mobile Apps,Platform,NALAMVADUKAL RAVI ASHWIN | RAJEESH | SINI ALEYAMMA VARGHE,A
245,ALONS ADVANCED TECHNOLOGIES PRIVATE LIMITED,"Ernakulam, Kerala",https://startups.startupmission.in/startups/ZO3Qj,https://alonstech.com,IT/ITeS,Enterprise Applications,AI / ML | Web technologies,B2B | B2C | Platform,Saneesh Alon Rajan | Indira,A
246,ALORA INTERNATIONAL PRIVATE LIMITED,"Kannur, Kerala",https://startups.startupmission.in/startups/pYxOW,http://www.alorainternational.in/,Healthcare,Healthcare IT,Mobile Apps,B2C | B2B,MARIYAMMA ERAVIKULANGARA KURIA | AMAL SHAJU,A
247,ALP TURNKEY SOLUTIONS PRIVATE LIMITED,"Thiruvananthapuram, Kerala",https://startups.startupmission.in/startups/8q4lp,http://alp-ts.com/,Energy | Climate | IT/ITeS | Consumer Goods | Education,Oil & Gas | Waste Management | Enterprise Applications | FMCG | EdTech,Web technologies | Mobile Apps | Cyber Security,B2B | B2G | B2C | SaaS,Agilesh S,A
249,ALPHA CLASSROOMS,"Thiruvananthapuram, Kerala",https://startups.startupmission.in/startups/Zj3Br,https://www.alphaclassrooms.com,Education,EdTech,3D Printing | Web technologies,B2B,Nithin B R | Yadu K Nair,A
250,ALPHA DROP VENTURES PRIVATE LIMITED,"Ernakulam, Kerala",https://startups.startupmission.in/startups/pvykR,https://alphadropventures.com,IT/ITeS,Consumer Apps,Blockchain | Internet of Things (IoT) | Mobile Apps,Platform | B2C | D2C,Muhammad Sabith | Aysha Palayullaparambath,A
251,ALPHABOT SYSTEMS,"Thrissur, Kerala",https://startups.startupmission.in/startups/0Pw7Z,http://alphabotsystems.com,Education,EdTech,Web technologies,B2C | Platform,,A
257,ALTAIRE INSIGHTS TECHNOLOGIES PRIVATE LIMITED,"Thiruvananthapuram, Kerala",https://startups.startupmission.in/startups/8RVB8,https://www.altaire-insights.com/,IT/ITeS,Enterprise Applications,Web technologies | AI / ML,B2B,Anuchandran C Nair | Anuchandran C,A
260,ALTIORA CAPITAL SOULTION PRIVATE LIMITED,"Ernakulam, Kerala",https://startups.startupmission.in/startups/0w3ke,https://paisaonclick.com/,"Banking, Financial Services and Insurance",FinTech,AI / ML | Blockchain,Marketplace | SaaS | B2B,AL AMEEN R | Bijin B James,A
263,ALWAYS BETTER SOLUTIONS PRIVATE LIMITED,"Kottayam, Kerala",https://startups.startupmission.in/startups/8gXYZ,https://seaa.co.in/,IT/ITeS,Enterprise Applications,Web technologies,B2C,,A
264,ALZONE SOFTWARE PRIVATE LIMITED,"Thiruvananthapuram, Kerala",https://startups.startupmission.in/startups/0Gx6p,https://www.alzonesoftware.com,IT/ITeS,Enterprise Applications,AI / ML | Web technologies | Big data,B2B,,A
267,AMBERPATH LLP,"Ernakulam, Kerala",https://startups.startupmission.in/startups/8xrk3,https://amberpath.in/,IT/ITeS,Enterprise Applications,Web technologies,Freemium | SaaS,SARANKUMAR T R | RAMSAD RASHEED,A
269,AMIGOSIA PRIVATE LIMITED,"Palakkad, Kerala",https://startups.startupmission.in/startups/8ANYZ,http://www.amigosia.com,IT/ITeS,Consumer Apps,Mobile Apps | Web technologies,B2C,Rashmi Arun | Arun NarayananKutty,A
270,Amisys Learning Private Limited,"Ernakulam, Kerala",https://startups.startupmission.in/startups/plnJB,https://www.amisyslearning.com/,Education,EdTech,Web technologies,B2B | B2C,AMAL SAJI,A
271,AMLA CONSULTANCY PRIVATE LIMITED,"Ernakulam, Kerala",https://startups.startupmission.in/startups/pvDrx,https://amlaconsultancy.com,Healthcare,Healthcare IT,AI / ML | Web technologies,B2B | B2C,Shanaz Bin Mohamed Abdul Latif | SAHIDA LATIFF,A
274,AMNOVA TECHNOLOGIES PRIVATE LIMITED,"Pathanamthitta, Kerala",https://startups.startupmission.in/startups/pyjxQ,https://www.amnova.ai/,IT/ITeS,Enterprise Applications,AI / ML | Big data | Web technologies,B2B | B2C | Platform,Shine Shankar | SHANTHARAMA SADASHIVA SHETTY,A
276,AMR INNOVATIONS PRIVATE LIMITED,"Ernakulam, Kerala",https://startups.startupmission.in/startups/pm3vk,https://www.amr-innovations.com,Media and Entertainment,Social Media,Mobile Apps | Web technologies,Freemium | Platform,Rajeef K B | Aneez Mohammed Rafeek,A
278,AMSTOR CONSULTANCY SERVICES PRIVATE LIMITED,"Thiruvananthapuram, Kerala",https://startups.startupmission.in/startups/pvVxQ,https://www.amstortech.com/,IT/ITeS | Healthcare,Enterprise Applications | Healthcare IT,Web technologies,B2B,Abraham Mathai | Sony Sam Oommen,A
279,AMYNTOR TECH SOLUTIONS PRIVATE LIMITED,"Thiruvananthapuram, Kerala",https://startups.startupmission.in/startups/0wYJ8,https://amyntortech.com/,IT/ITeS,Enterprise Infrastructure,Cyber Security | AI / ML | Web technologies,B2C | B2B | SaaS,Abhilash | Kavitha,A
281,ANA INFOTAINMENT PRIVATE LIMITED,"Ernakulam, Kerala",https://startups.startupmission.in/startups/0wNeZ,https://anainfotainment.com,Education,EdTech,Augmented Reality (AR) | Virtual Reality (VR),Platform,,A
282,ANAKTRA PRIVATE LIMITED,"Kottayam, Kerala",https://startups.startupmission.in/startups/pvyXv,https://anaktra.com,Education,EdTech,AI / ML | Web technologies,B2B | B2C,Jens Mathew | Jes Thomas Mathew,A
284,ANANTHAM ONLINE PRIVATE LIMITED,"Ernakulam, Kerala",https://startups.startupmission.in/startups/ZjBbZ,https://www.anantham.online,IT/ITeS,Enterprise Applications | Mobile,Web technologies | Mobile Apps,B2B | Platform | SaaS,Neethu Rajasekharan | Arun Ganesh U R,A
286,ANF INFINITY VENTURES PRIVATE LIMITED,"Kozhikode, Kerala",https://startups.startupmission.in/startups/pYxXO,http://hotochat.in/,IT/ITeS,Enterprise Applications,Web technologies,SaaS | B2B | D2C,ANSHAHAN RAHMAN P K | MOHAMMED FASIL KARUPPAM VEETIL,A
290,ANGLE-BELEARN EDUCATION PRIVATE LIMITED,"Kozhikode, Kerala",https://startups.startupmission.in/startups/pzOBa,https://anglebelearn.com/,Education,EdTech,Web technologies,B2C,NAVAJYOTH | ALSHADAN TC | Ashique Muhammed,A
294,ANKAARA FASHION PRIVATE LIMITED,"Thrissur, Kerala",https://startups.startupmission.in/startups/8AQo7,https://ankaarafashion.com/,IT/ITeS,Consumer Apps,Augmented Reality (AR) | Mobile Apps,B2C | B2B,ANAGHA DAS | ANIRUDH S KUMAR,A
300,ANTHEM CONSULTANCY LLP,"Kozhikode, Kerala",https://startups.startupmission.in/startups/ZrPOE,http://anthemconsultancy.com/,IT/ITeS,Enterprise Applications,Web technologies | Mobile Apps,B2B | B2C | B2G,Valsaraj Nambarambath | Aswani Nambarambath,A
301,ANTHORA CREATIVE PRIVATE LIMITED,"Kozhikode, Kerala",https://startups.startupmission.in/startups/pkJzw,https://sostorytelling.com/,Education,EdTech,AI / ML | Augmented Reality (AR) | Virtual Reality (VR),B2C,VARUN ARU KANDATHIL | MADHU ARU KANDATHIL,A
302,ANTZMEDIA DIGITAL SOLUTIONS PRIVATE LIMITED,"Ernakulam, Kerala",https://startups.startupmission.in/startups/Z3eE2,https://antzmedia.com,IT/ITeS,Consumer Apps,Mobile Apps,B2C,Jeena A Jayan | Akhilraj Rajendra | SIJU SUGATHAN,A
304,ANUKRITI AI PRIVATE LIMITED,"Kollam, Kerala",https://startups.startupmission.in/startups/ZdYo9,https://www.anukritiai.com,Healthcare,Healthcare IT,AI / ML | Biotechnology | Big data,SaaS | B2B,JOHAN GEORGE | ATUL ALEXANDER VAIDIAN | AAGNEYE SYAMKUMAR | ABHIMANYU R B,A
307,APENIR INNOVATIONS PRIVATE LIMITED,"Ernakulam, Kerala",https://startups.startupmission.in/startups/8A1re,https://www.apenir.com/,Healthcare,Healthcare IT,Internet of Things (IoT) | AI / ML | Mobile Apps,B2C | B2B | Platform,JERIN JOSE | JOEL THOMAS,A
308,APES AI INDIA PRIVATE LIMITED,"Malappuram, Kerala",https://startups.startupmission.in/startups/8n15N,https://www.apesai.in,IT/ITeS | Healthcare,Enterprise Infrastructure | Enterprise Applications | Healthcare IT,AI / ML | Internet of Things (IoT) | Security & Surveillance Technology | Web technologies,B2B | Freemium | SaaS,Shamsudheen,A
310,APEXDELTA VENTURES PRIVATE LIMITED,"Palakkad, Kerala",https://startups.startupmission.in/startups/07Wbe,https://www.apexdeltaventures.com,"Banking, Financial Services and Insurance",FinTech,AI / ML | Mobile Apps | Web technologies,B2C | B2B | SaaS,RAHUL C,A
313,APOTHECARY HEALTH TECH SOLUTIONS PRIVATE LIMITED,"Ernakulam, Kerala",https://startups.startupmission.in/startups/0w3xJ,http://www.theapothecary.co.in,Healthcare,Healthcare IT,Augmented Reality (AR) | AI / ML | Internet of Things (IoT),B2B,Hyder shehin sha T A | Nadeem Sha Hamzhath T A | Muneeb Majeed Abdula,A
317,APPFIDE PRIVATE LIMITED,"Ernakulam, Kerala",https://startups.startupmission.in/startups/0Wxoa,https://appfide.com,IT/ITeS,Consumer Apps,Mobile Apps | AI / ML,Freemium | D2C,Dhipin K Das | Aimy Mary K X,A
318,APPFINITY SOLUTIONS PRIVATE LIMITED,"Thrissur, Kerala",https://startups.startupmission.in/startups/0GvzZ,http://appfinity.co.in/,IT/ITeS,Enterprise Applications,Web technologies,B2B | B2C,,A
319,APPLIED CENTER FOR ACADEMIC DEVELOPMENT AND INNOVATION LLP,"Thrissur, Kerala",https://startups.startupmission.in/startups/ZdYVY,https://aibuilderindia.acadai.in/,IT/ITeS,Enterprise Applications,AI / ML,B2B | SaaS,Abhijith K | Vismaya A,A
320,APPLIED ELECTRONICS AND ROBOTICS LABORATORY LLP,"Kannur, Kerala",https://startups.startupmission.in/startups/07W4G,https://aerl.space,IT/ITeS,Consumer Apps,AI / ML,B2C,,A
321,APPSAAS AI TECHNOLOGIES PRIVATE LIMITED,"Thiruvananthapuram, Kerala",https://startups.startupmission.in/startups/8XwD4,https://appsaasai.com/,IT/ITeS,Enterprise Applications,Web technologies | AI / ML | Mobile Apps,SaaS | B2B | B2C,JANISA | ABDUL MUHAIMIN,A
324,APRO IT SOLUTIONS PRIVATE LIMITED,"Thrissur, Kerala",https://startups.startupmission.in/startups/Za26x,https://aproitsolutions.com/,IT/ITeS,Enterprise Applications,Web technologies | Mobile Apps,B2B,Ajil Siva | Rohith Robin,A
326,APTIBO SOLUTIONS PRIVATE LIMITED,"Kannur, Kerala",https://startups.startupmission.in/startups/pyr7g,https://aptibo.com,IT/ITeS,Enterprise Applications,AI / ML | Internet of Things (IoT) | Web technologies,B2B | B2C | SaaS,LAL SOORAJ C B | ABDULLA KARIYIL THARACHANDY | JITHIN GOPI NATH,A
328,APTIVORA GLOBAL SOLUTIONS PRIVATE LIMITED,"Thrissur, Kerala",https://startups.startupmission.in/startups/0MoNV,http://www.aptivoraglobalsolutions.com,Education,EdTech,AI / ML | Mobile Apps | Web technologies,B2C | Marketplace | Platform,SONIA V V | REJIN VARGHESE | SREELEKHA KANNANGATH,A
329,APTO INNOVATIONS PRIVATE LIMITED,"Kozhikode, Kerala",https://startups.startupmission.in/startups/pkwXL,https://www.apto.live/,IT/ITeS,Enterprise Applications,Web technologies | Mobile Apps,B2B | B2C | Platform,NELLENGARA ANJALI | CHEMBAKASSERI PREMANATHAN | SREEJITH CHEMBAKASSERI,A
336,ARAMAIA INTERNATIONAL RESIDENTIAL SCHOOLPRIVATE LIMITED,"Wayanad, Kerala",https://startups.startupmission.in/startups/0JrGY,https://aramaiaschool.com/,Education,EdTech,AI / ML,B2C,SHINTA PIOUS | VIPIN JOSE,A
337,ARAMIS IMAGING LLP,"Thiruvananthapuram, Kerala",https://startups.startupmission.in/startups/ZaXR8,https://aramis.ai,Healthcare,Healthcare IT,AI / ML | Big data | Web technologies,B2B | B2C,ANIL PRAHLADAN | Ajith Joy K,A
338,ARAXION LABS PRIVATE LIMITED,"Kozhikode, Kerala",https://startups.startupmission.in/startups/pQ1Qp,https://araxion.com,Education,EdTech,Mobile Apps | Web technologies,B2B | B2C,,A
346,ARCOGNIS TECHNOLOGIES PRIVATE LIMITED,"Ernakulam, Kerala",https://startups.startupmission.in/startups/pY1dO,https://arcognis.com/about,IT/ITeS,Enterprise Applications,Cyber Security | Mobile Apps | Web technologies,B2B,SAMEENA K H | THARISH P T,A
349,ARGONITE INNOVATIONS PRIVATE LIMITED,"Malappuram, Kerala",https://startups.startupmission.in/startups/poQGx,https://www.enrols.in,Education,EdTech,Mobile Apps | AI / ML | Web technologies,Platform | Marketplace | B2B,SHINAS AHMED CHEVIDIKKUNNAN | SAJJAD HUSAIN | MUHAMMED NIYAS PV,A
351,ARISTO JUSTINIAN LEGALTECH PRIVATE LIMITED,"Kollam, Kerala",https://startups.startupmission.in/startups/8RA2J,https://aristoj.com,IT/ITeS,Enterprise Applications,AI / ML | Blockchain | Web technologies,B2B | D2C | SaaS,Jubairia Aziz,A
352,ARIVAN LEARNING RESEARCH & DEVELOPEMENT (OPC) PRIVATE LIMITED,"Malappuram, Kerala",https://startups.startupmission.in/startups/0w3d1,https://www.arivanlearning.com/,Education,EdTech,Mobile Apps,Platform,NAVEENRAJ NATARAJAN,A
353,ARJ INFOTECH PRIVATE LIMITED,"Kozhikode, Kerala",https://startups.startupmission.in/startups/8qLBp,http://infonlive.com/,IT/ITeS,Consumer Apps,Web technologies,B2C,,A
354,Arkellis Technologies Private Limited,"Ernakulam, Kerala",https://startups.startupmission.in/startups/8Loex,https://arkellis.com,IT/ITeS,Enterprise Applications,Augmented Reality (AR) | Virtual Reality (VR) | Manufacturing,B2B | SaaS | Platform,Abilash C Ashok | Asokan V K,A
356,ARKIZARD ENTERPRISES PRIVATE LIMITED,"Kollam, Kerala",https://startups.startupmission.in/startups/0PO2o,https://www.arkizard.com/,IT/ITeS,Enterprise Applications,AI / ML | Web technologies,B2B | SaaS,JOMON JOY | ANURUDH ANILKUMAR SUNITHA RAJI | MUHAMMED ASHIR,A
359,Armino Technologies Private Limited,"Kozhikode, Kerala",https://startups.startupmission.in/startups/py6x5,https://armino.in/,IT/ITeS,Enterprise Applications,Mobile Apps,B2B,Soumini Balakrishnan Sanukrish | Shankaran Hariprasad | Narayanan Pilathottathil Soora | Somasundaran Mitun | Kizhakkekkara Jithesh,A
361,AROUNDBEE PRIVATE LIMITED,"Kannur, Kerala",https://startups.startupmission.in/startups/8LqJa,https://aroundbee.com,IT/ITeS,Consumer Apps,Mobile Apps | Geographic Information Systems | AI / ML,B2C | Freemium,PALORA ATHEEV RAJA | PALORA AKSHITH RAJA,A
362,ARRIVU ED-TECH LLP,"Kottayam, Kerala",https://startups.startupmission.in/startups/0wNOZ,https://arrivu.wixsite.com/mysite-1,Education,EdTech,Mobile Apps | Web technologies,B2C,,A
363,ARSVITAE INFOTECH PRIVATE LIMITED,"Ernakulam, Kerala",https://startups.startupmission.in/startups/ZjGPG,https://arsvitaeinfotech.com/,Media and Entertainment,Social Media,Web technologies,B2B | B2C | Platform,ALFIN JOHN | CHAKOLA DAVID PAUL,A
364,ART OF AI ACADEMY PRIVATE LIMITED,"Kozhikode, Kerala",https://startups.startupmission.in/startups/0POJN,https://artofaiacademy.com,Education,EdTech,AI / ML,B2C,,A
365,ARTICBOT PRIVATE LIMITED,"Kannur, Kerala",https://startups.startupmission.in/startups/VplBZ,https://www.articbot.com/,IT/ITeS,Enterprise Applications,Web technologies,B2C,,A
367,ARTISTIC MEDIA SOLUTIONS PRIVATE LIMITED,"Ernakulam, Kerala",https://startups.startupmission.in/startups/Z9Wrm,http://www.moviecritic.in/,Media and Entertainment,Social Media,Web technologies | Mobile Apps,Platform,AMAL ZAMAN | SUJAS ALI,A
369,ARTOB AI PRIVATE LIMITED,"Kozhikode, Kerala",https://startups.startupmission.in/startups/8xOlR,https://artobai.com/,IT/ITeS,Enterprise Infrastructure,Web technologies,B2C | B2B,RASHEELA | MOOSA FAWAS C,A
370,Artsuite Private Limited,"Ernakulam, Kerala",https://startups.startupmission.in/startups/8n1GN,https://www.linkdot.xyz/,IT/ITeS,Consumer Apps,Blockchain | Web technologies,Marketplace | Platform,VIJIN GOVIND | AADARSH KS,A
372,ARVENSION TECHNOLOGIES LLP,"Thiruvananthapuram, Kerala",https://startups.startupmission.in/startups/poAOZ,http://www.arvension.in,IT/ITeS,Enterprise Applications,Web technologies,B2B | B2C,ARUN UL | Abhi Asok,A
373,ARXEC SYSTEMS LLP,"Ernakulam, Kerala",https://startups.startupmission.in/startups/0Pgzo,https://arxec.systems,IT/ITeS,Enterprise Applications | Enterprise Infrastructure,Web technologies | Cyber Security,B2B,Amalekh Biju,A
381,ASCEDU SMARTCLASSON LLP,"Kozhikode, Kerala",https://startups.startupmission.in/startups/0POkq,https://www.smartclasson.com,Education,EdTech,Web technologies | AI / ML | Internet of Things (IoT),SaaS | B2B | B2C,Anoopsha Chonari | Hussain C,A
382,ASCENDIO GLOBAL LLP,"Thiruvananthapuram, Kerala",https://startups.startupmission.in/startups/Z1zXx,http://www.ascendio.in/,Education,EdTech,Mobile Apps | Web technologies | Cyber Security,SaaS | B2B | B2C,S J JITHIN | GOUTHAM M DEV,A
383,ASCENT PLUS BUSINESS SOLUTIONS LLP,"Alappuzha, Kerala",https://startups.startupmission.in/startups/pyjOv,https://www.ascentplus.net,IT/ITeS,Enterprise Applications,Web technologies,B2B | B2C | SaaS,RAJESH N.S | SUNITHA M NAIR | VISAKH R,A
384,ASCIMOV TECHNOLOGIES PRIVATE LIMITED,"Ernakulam, Kerala",https://startups.startupmission.in/startups/07Xx3,http://ascimov.com/,IT/ITeS,Enterprise Applications,AI / ML,B2B,AMAL SHYJO | IFSIN ABDULLAH | MATHEW VARGHESE PAUL VARGHESE | ANDREWS PAUL,A
387,ASHER DIGITAL STORE LLP,"Ernakulam, Kerala",https://startups.startupmission.in/startups/Z9QAE,https://www.zaubacorp.com/company/ASHER-DIGITAL-STORE-LLP/AAU-6333,IT/ITeS,Enterprise Applications,Web technologies,B2C,DEEPTHI | JOBIN PADINJATH GEORGE,A
390,ASHWIN BAVANI INITIATIVES PRIVATE LIMITED,"Thiruvananthapuram, Kerala",https://startups.startupmission.in/startups/pYzA8,https://www.onne.world,IT/ITeS,Enterprise Applications,Web technologies | Mobile Apps,B2B | B2C | Platform,,A
393,ASM ERP SOFTWARES PRIVATE LIMITED,"Alappuzha, Kerala",https://startups.startupmission.in/startups/0JNgy,https://www.youtube.com/watch?v=Hl1kOUZucj8,IT/ITeS,Enterprise Applications,Web technologies,B2B,Mridul Ashok | Sharon Ann Varghese,A
394,ASMANTEC,"Thiruvananthapuram, Kerala",https://startups.startupmission.in/startups/0MxXZ,http://www.asmantec.in,Agriculture and Life Sciences | IT/ITeS,Agri Tech | Enterprise Infrastructure | Enterprise Applications,Web technologies,Marketplace | B2B | B2C,Sereena Beegum | Afsal M | Munavar Nahas,A
396,ASPIRA ONE PERCENT PRIVATE LIMITED,"Kozhikode, Kerala",https://startups.startupmission.in/startups/pmAXk,https://onepercentabroad.com/,Education,EdTech,AI / ML | Web technologies,B2C | Freemium | SaaS,MUHAMMED AL IRSHAD M U,A
397,ASPIREJO HR SOLUTIONS LLP,"Ernakulam, Kerala",https://startups.startupmission.in/startups/ZjYx8,http://www.aspiregroup.in,IT/ITeS,Enterprise Applications,Web technologies,B2B | B2C | Platform,,A
399,ASPIROM TECHNOLOGIES PRIVATE LIMITED,"Kollam, Kerala",https://startups.startupmission.in/startups/8n1NW,https://www.aspiromtechnologies.com/,IT/ITeS,Enterprise Applications,Mobile Apps | Web technologies,B2B | B2C | Platform,Hareez Rahim | Anas MuhammedKunju,A
401,ASSISTIVED INTELLIGENCE PRIVATE LIMITED,"Thiruvananthapuram, Kerala",https://startups.startupmission.in/startups/pkYLZ,https://www.assistivedintelligence.in,Healthcare,Healthcare IT,Web technologies,B2C,,A
405,ASTIND INFOTECH PRIVATE LIMITED,"Thiruvananthapuram, Kerala",https://startups.startupmission.in/startups/Z2z4G,https://www.Astind.com,IT/ITeS,Enterprise Applications,Web technologies,B2B | B2C,Mohammed Ismail Shiras | Saumya Shiras,A
406,ASTOUNDIS INNOVATIONS PRIVATE LIMITED,"Ernakulam, Kerala",https://startups.startupmission.in/startups/pzdaZ,https://www.kidvestor.in,Education,EdTech,Mobile Apps | Web technologies,B2C,,A
407,ASTREK INNOVATIONS PRIVATE LIMITED,"Ernakulam, Kerala",https://startups.startupmission.in/startups/05DQZ,https://www.astrekinnovations.com,Healthcare,Assistive Tech,Robotics | AI / ML | Manufacturing,B2B,Jithin Vidya Ajith | Robin Kanattu Thomas,A
411,ATBIS DATA TECHNOLOGIES PRIVATE LIMITED,"Kozhikode, Kerala",https://startups.startupmission.in/startups/ZNaL8,https://www.aibi.co.in/,IT/ITeS,Enterprise Applications,Web technologies,B2B | B2C,,A
413,ATEES INDUSTRIAL TRAINING PRIVATE LIMITED,"Thrissur, Kerala",https://startups.startupmission.in/startups/ZrP73,https://atees.org/,Education,EdTech,Web technologies | AI / ML | Mobile Apps,B2C | B2B,NAEEM IBRAHIM | ANEESH,A
416,ATHENA ERUDITION,"Ernakulam, Kerala",https://startups.startupmission.in/startups/ZN5dv,https://athenaerudition.com/,Education,EdTech,Web technologies,B2C,ASIF NADHEER,A
434,AUITO PRIVATE LIMITED,"Kannur, Kerala",https://startups.startupmission.in/startups/0PAvK,https://timelineservices.life/,IT/ITeS,Consumer Apps,Web technologies,B2B | B2C,AMAL BABU | SARATH SASEENDRAN,A
437,AUREON PRIVATE LIMITED,"Thiruvananthapuram, Kerala",https://startups.startupmission.in/startups/Z9BxP,https://aureonindia.com,Media and Entertainment,Social Media,Mobile Apps,Platform,ASHISH BINDUKUMARI CHRISTHUDAS | GOKUL S PILLAI | ARUN KUMAR ROSHCHANDRAKUMAR,A
439,AUROGALE TECHNOLOGIES PRIVATE LIMITED,"Ernakulam, Kerala",https://startups.startupmission.in/startups/8X7VK,https://www.aurogale.com/,IT/ITeS,Enterprise Applications,AI / ML,SaaS | B2B | B2G,Venugopalan M K | Akhil M V,A
442,AUTOBAE TECHNOLOGIES PRIVATE LIMITED,"Ernakulam, Kerala",https://startups.startupmission.in/startups/8VRq8,https://www.carbae.in/,IT/ITeS,Enterprise Applications,Web technologies | Mobile Apps,Marketplace | B2B | SaaS,Aslamudheen TK,A
443,AUTOBONICS PRIVATE LIMITED,"Malappuram, Kerala",https://startups.startupmission.in/startups/pl558,https://autobonics.com/,Education,EdTech,3D Printing | AI / ML | Robotics | Internet of Things (IoT),B2B | B2C,SHAHIR ABDULLA | S M MUHAMMED AZHAR,A
444,AUTOCHAT LLP,"Pathanamthitta, Kerala",https://startups.startupmission.in/startups/Zrjwz,https://createautochat.com/,IT/ITeS,Enterprise Applications,AI / ML | Web technologies,SaaS,Sherly Reji | Reji Raju,A
451,AUTUMNROOMS TECHNOLOGIES PRIVATE LIMITED,"Ernakulam, Kerala",https://startups.startupmission.in/startups/8AQPx,https://autumnrooms.com/,IT/ITeS,Enterprise Applications,Web technologies,B2C,Mohammed Rafique,A
455,Avasarshala,"Ernakulam, Kerala",https://startups.startupmission.in/startups/0JaKZ,https://www.avasarshala.com,Education,EdTech,Mobile Apps | Web technologies,B2B | B2C,Ashwathy Venugopal | Sandeep Satheesan,A
457,AVES SCHOOL OF ARTS PRIVATE LIMITED,"Kollam, Kerala",https://startups.startupmission.in/startups/pymdp,https://www.imagiobox.com,Education,EdTech,Web technologies | Mobile Apps,B2C,Shylaja Kumari | Needhu Krishnan,A
461,AVIO CONCEPTS LLP,"Kollam, Kerala",https://startups.startupmission.in/startups/Z1meW,https://www.godaddy.com/en-in,IT/ITeS,Enterprise Applications,AI / ML | Blockchain | Web technologies,B2B,Azeez Kunju Safeer | AYSHA ISMAIL,A
464,AVM FUTUREFORGE PRIVATE LIMITED,"Ernakulam, Kerala",https://startups.startupmission.in/startups/8Lq5K,https://www.beubay.com/login,IT/ITeS,Enterprise Applications,Mobile Apps,SaaS,VISHNU PRAKASH M | ALAN BIJU,A
465,AWESCRIPTS LLP,"Kottayam, Kerala",https://startups.startupmission.in/startups/Z1VmA,https://www.awescripts.com,IT/ITeS,Enterprise Applications,AI / ML | Web technologies | Big data,B2G | SaaS | B2C,Akhila D | Nikhil John,A
466,AXEN SOFTWARE PRIVATE LIMITED,"Thiruvananthapuram, Kerala",https://startups.startupmission.in/startups/8q6PZ,https://www.axensoft.com,Retail | IT/ITeS,Retail | Consumer Apps,Mobile Apps | Web technologies,B2C | Marketplace | Freemium | B2B,Praveen S S | Pranav S S | Prabin S S,A
468,AXL LABS PRIVATE LIMITED,"Thiruvananthapuram, Kerala",https://startups.startupmission.in/startups/0eeLj,https://axllabs.in/,IT/ITeS,Enterprise Applications,AI / ML | Robotics | Mobile Apps,Platform | B2B | SaaS,Jyothish Ram JN | Aswin PN | Akshay Prasad SS | Karthikeyan N,A
469,AXL SOFTWARE SOLUTIONS PRIVATE LIMITED,"Ernakulam, Kerala",https://startups.startupmission.in/startups/8AG3e,https://www.axlsoftwares.com,IT/ITeS,Enterprise Applications,Web technologies,B2B | B2C | Platform,,A
471,AXNOL DIGITAL SOLUTIONS PRIVATE LIMITED,"Thiruvananthapuram, Kerala",https://startups.startupmission.in/startups/pbM40,http://axnoldigitalsolutions.com/,IT/ITeS,Enterprise Applications,Web technologies | Mobile Apps,SaaS,Unnikrishnan K C,A
472,AXOBIS TECHNOLOGIES PRIVATE LIMITED,"Kozhikode, Kerala",https://startups.startupmission.in/startups/0BEvZ,https://www.axobis.com/,IT/ITeS,Enterprise Applications,Web technologies | Mobile Apps | Internet of Things (IoT),B2B | SaaS,Manoj Varghese | Fasi P P,A
477,AYMER & CO SOLUTIONS PRIVATE LIMITED,"Malappuram, Kerala",https://startups.startupmission.in/startups/8qrje,https://www.ealzo.com,Healthcare,Healthcare IT,Mobile Apps | Web technologies,B2C | B2B,SALIH AN | FAVAS A N,A
480,AZHIKODE BUSINESS SOLUTIONS PRIVATE LIMITED,"Kannur, Kerala",https://startups.startupmission.in/startups/pmwYZ,https://www.finedeal.co.in,IT/ITeS,Consumer Apps,Mobile Apps | Web technologies,B2B | B2C,,A
482,AZKENA TECHNOLOGIES PRIVATE LIMITED,"Ernakulam, Kerala",https://startups.startupmission.in/startups/pbgWn,https://www.Azkenatech.com,IT/ITeS,Enterprise Applications,Web technologies,B2B | B2G | B2C,CLARA CROWLY,A
483,B Jelt Technologies Private Limited,"Ernakulam, Kerala",https://startups.startupmission.in/startups/ZrPdb,https://b-jelt.com/,IT/ITeS,Enterprise Applications,Web technologies | Mobile Apps,B2C,TOMS KOLANJIKOMBIL GEORGE | NIMISHA SARA GEORGE | JOBIN JOSE | LIJO GEORGE | RAMYA THEKKE KAMBRATH | JOBY THOMAS | JINTO GEORGE | MARY LISSA KOSHY,A
488,BABYLONIA AGSYS PRIVATE LIMITED,"Kozhikode, Kerala",https://startups.startupmission.in/startups/0MonM,https://www.babylonia.ag/,Climate | Agriculture and Life Sciences | Consumer Goods | Education | IT/ITeS,Climate tech | Agri Tech | Consumer Goods | Life Sciences | Agriculture | EdTech | Consumer Apps,AI / ML | Internet of Things (IoT) | Smart Home | Biotechnology | Sustainable Construction | Web technologies | Mobile Apps | Manufacturing,B2B | D2C | B2C | SaaS | Platform | B2G,Akansha Agarwal | Akkandy Nadoolayil Shahir | Farzeen Ahammed Ponmadath,A
491,BALG TECHNOLOGIES PRIVATE LIMITED,"Thiruvananthapuram, Kerala",https://startups.startupmission.in/startups/8RNRG,https://balg.in,Healthcare,Healthcare IT,Web technologies,SaaS,BALAJI KRISHNA,A
496,BANCWISE TECHNOLOGIES LLP,"Thrissur, Kerala",https://startups.startupmission.in/startups/Z1VEN,http://www.flashfund.in,"Banking, Financial Services and Insurance",FinTech,Mobile Apps | Web technologies,B2B | SaaS | Platform,SIJO PAUL E | JOJI P SUNNY,A
497,BANIHAL TECHNOLOGIES LLP,"Kozhikode, Kerala",https://startups.startupmission.in/startups/pQoJZ,https://banihaltechnologies.com,IT/ITeS,Enterprise Infrastructure,Cyber Security | Mobile Apps | Security & Surveillance Technology,B2C,Subind Kottakkatte | Ligin,A
498,BANNOVI TECHNOLOGIES PRIVATE LIMITED,"Thiruvananthapuram, Kerala",https://startups.startupmission.in/startups/07Wl3,https://www.bannovi.com/,IT/ITeS,Consumer Apps,AI / ML | Geographic Information Systems | Mobile Apps | Web technologies,Platform | Marketplace | SaaS,PRINCE MOHAN | DENNY KURIAKOSE,A
501,BASE OF STARS TECHNOLOGIES LLP,"Kozhikode, Kerala",https://startups.startupmission.in/startups/p6dzV,https://www.baseofstars.com,IT/ITeS,Enterprise Applications,AI / ML | Big data | Web technologies,B2B,AMNAS AHAMED K T | ABDULLA RASHID M,A
502,BASELINET PRIVATE LIMITED,"Ernakulam, Kerala",https://startups.startupmission.in/startups/Z3grZ,http://baselinet.com/,IT/ITeS,Enterprise Applications,Mobile Apps | Web technologies,B2B | Marketplace | Freemium,Haneefa T P,A
504,BASSAM INFOTECH LLP,"Kozhikode, Kerala",https://startups.startupmission.in/startups/0BevZ,https://www.bassaminfotech.com/,IT/ITeS,Enterprise Applications,Manufacturing | Mobile Apps | Web technologies,B2C | B2B,AMINA HARSHAD | ABDUL BASITH ALI,A
507,BAVANS SOFTWARE PUBLISHING LLP,"Ernakulam, Kerala",https://startups.startupmission.in/startups/0MJPk,https://bavans.net/,Education,EdTech,AI / ML,B2C,PARAMESWARAN VIJAYAKUMAR | SWATHYMOL PARAMBATHERIL SALILAKUMAR,A
508,BAYESIAN WAYS LLP,"Thiruvananthapuram, Kerala",https://startups.startupmission.in/startups/Z2oV0,http://bayesian.in,IT/ITeS,Enterprise Applications,AI / ML | Big data | Internet of Things (IoT),B2B,Rajesh Rajesh | Kiran Vinayan,A
512,BDECR SYSTEMS INDIA PRIVATE LIMITED,"Malappuram, Kerala",https://startups.startupmission.in/startups/Z3V5B,https://www.startupindia.gov.in,IT/ITeS,Enterprise Applications,Web technologies | Big data | Blockchain,B2C | Platform | B2B,UPPATHIL CHATHOTH UMMU SALMA | UPPATTIL CHATHOTH MOHAMMED RIS,A
514,BEACN SOCIAL ENTERTAINMENT PRIVATE LIMITED,"Ernakulam, Kerala",https://startups.startupmission.in/startups/ZrP4N,https://beacn.social/,IT/ITeS,Consumer Apps,AI / ML | Web technologies | Mobile Apps,Platform,Abhishek Mammen Thomas | Joel Joseph Vilan,A
515,BEAGLE CYBER INNOVATIONS PRIVATE LIMITED,"Thiruvananthapuram, Kerala",https://startups.startupmission.in/startups/05150,https://beaglesecurity.com,IT/ITeS,Enterprise Applications,Cyber Security | Internet of Things (IoT) | AI / ML,B2B | B2C,Rejah Rehim,A
517,BEANORBIT INTERNATIONAL LLP,"Ernakulam, Kerala",https://startups.startupmission.in/startups/ZaV2m,https://beanorbit.com/,IT/ITeS,Enterprise Applications | Mobile,Mobile Apps | AI / ML | Web technologies,SaaS | B2B | B2G,AFSUL RAHMAN ULLATTIL | PRIYA CHENTHAMARAKSHAN | Ajaymon k s,A
518,BEAT EDU CENTER OF EXCELLENCE PRIVATE LIMITED,"Kozhikode, Kerala",https://startups.startupmission.in/startups/ZOXRg,https://beateducations.com,Education,EdTech,AI / ML | Big data | Drones,B2C,MOHAMMED MUKTHAR ERANHIKATH | MUSHTHAQUE ALI AHAMED CHALI PA,A
521,BEDEZI STARTUPS PRIVATE LIMITED,"Pathanamthitta, Kerala",https://startups.startupmission.in/startups/ZrB3Z,https://www.bedezi-startups.com/,IT/ITeS,Enterprise Applications,Mobile Apps | Web technologies,B2B | B2C,,A
522,BEELYN LLP,"Ernakulam, Kerala",https://startups.startupmission.in/startups/8LqrO,https://www.hivenow.in/,IT/ITeS,Consumer Apps,Internet of Things (IoT),B2C | B2B,Tejas Christopher,A
525,BEEYEMHEALTH AT 999 PRIVATE LIMITED,"Ernakulam, Kerala",https://startups.startupmission.in/startups/0JNey,https://www.healthat999.com/,Healthcare,Healthcare IT,AI / ML | Internet of Things (IoT) | Mobile Apps,Marketplace | D2C | B2C,Bijesh Muthirakkal,A
527,BEGIN4 SOLUTIONS,"Thiruvananthapuram, Kerala",https://startups.startupmission.in/startups/pmBkj,https://www.begin4solutions.com,IT/ITeS,Enterprise Infrastructure,Internet of Things (IoT) | Mobile Apps | Web technologies,B2B | B2C | B2G,Banisha Babu K | Badush Babu K,A
529,Behind The Scene Apps,"Thiruvananthapuram, Kerala",https://startups.startupmission.in/startups/poXWO,https://www.behindthescene.app,IT/ITeS,Mobile,Mobile Apps,SaaS,Renjith S R | Shameer Sharafudeen,A
530,BEINEX CONSULTING PRIVATE LIMITED,"Kottayam, Kerala",https://startups.startupmission.in/startups/p61B0,https://www.beinex.com/,IT/ITeS,Enterprise Applications,AI / ML,B2B | B2C,,A
531,BELFORT OUTSOURCING LIMITED LIABILITY PARTNERSHIP,"Palakkad, Kerala",https://startups.startupmission.in/startups/8VYqp,http://belfort.in/index.php,IT/ITeS,Enterprise Applications,Web technologies,B2B | B2C,,A
536,Benagon Technologies Private Limited,"Idukki, Kerala",https://startups.startupmission.in/startups/8Logr,https://www.benagon.com,Healthcare,Healthcare IT,Web technologies | Big data,B2B,,A
537,BENDITA BIONICS PRIVATE LIMITED,"Idukki, Kerala",https://startups.startupmission.in/startups/pQQop,https://bendita.in/,Healthcare,Assistive Tech,3D Printing | AI / ML | Robotics,B2B,ROVER C JOSEPH | Ashik Ansary Madukoliparambil,A
542,BENTURA TECHNOLOGIES PRIVATE LIMITED,"Ernakulam, Kerala",https://startups.startupmission.in/startups/8X54Z,https://www.benturatechnologies.com,IT/ITeS,Enterprise Applications,Web technologies,B2B | B2C,,A
543,BEPACE INTELLIGENCE PRIVATE LIMITED,"Thiruvananthapuram, Kerala",https://startups.startupmission.in/startups/0WXPp,http://pacehitech.com,IT/ITeS,Consumer Apps,Web technologies,B2B | B2C,,A
546,BETATASK PRIVATE LIMITED,"Kollam, Kerala",https://startups.startupmission.in/startups/8AKm0,https://task19.com/,IT/ITeS,Consumer Apps,Mobile Apps | Web technologies,SaaS | B2B | B2C,AFSAL ABDUL KABEER | HAREES HANEEFA | FAIZAL HANEEFA,A
547,BETSER LIFE PRIVATE LIMITED,"Thiruvananthapuram, Kerala",https://startups.startupmission.in/startups/8Xkwm,https://www.betserlife.com,Healthcare,Healthcare IT,Web technologies | Mobile Apps,B2C | Platform,,A
550,BETTERONICS ALPHA PRIVATE LIMITED,"Thiruvananthapuram, Kerala",https://startups.startupmission.in/startups/0GOWw,https://www.betteronicsalpha.com,IT/ITeS,Consumer Apps | Enterprise Applications,AI / ML | Web technologies,B2B | B2C | Platform,,A
551,BETTERSHARK PRIVATE LIMITED,"Kozhikode, Kerala",https://startups.startupmission.in/startups/ZdDYZ,https://bettershark.com,IT/ITeS,Consumer Apps,Web technologies,B2B | B2C | Marketplace,,A
553,BEYOND CLOSINGGAP PRIVATE LIMITED,"Thiruvananthapuram, Kerala",https://startups.startupmission.in/startups/8KxYm,http://www.theclosinggap.net,IT/ITeS,Enterprise Applications,AI / ML | Web technologies | Virtual Reality (VR),B2B | Platform | B2C,JUBY ROBERT | HYCINTH NOEL FRANCIS NOEL | SUJA SURESH,A
554,Beyond Syllabus Pvt Ltd,"Ernakulam, Kerala",https://startups.startupmission.in/startups/07Pmp,https://www.miworld.co.in,Education,EdTech,Web technologies,Platform,,A
561,BHEEMVERSE INNOVATION PRIVATE LIMITED,"Ernakulam, Kerala",https://startups.startupmission.in/startups/ZjqMx,https://bheemverse.com,IT/ITeS,Enterprise Applications,AI / ML,B2B | B2C,SUNDEEP BHUVANENDRAN KULATHUMK | JOSEPH GEORGE,A
568,BIGBILL TECHNO DESIGNS PRIVATE LIMITED,"Ernakulam, Kerala",https://startups.startupmission.in/startups/pQyLQ,https://bigskymobileimaging.com/,IT/ITeS,Enterprise Infrastructure,AI / ML | Big data | Web technologies,B2B,REVATHY GOPAKUMAR GEETHAKUMARI | GOPAL SUNIL KUMAR,A
569,BIGDATES AI SOFTWARES PRIVATE LIMITED,"Ernakulam, Kerala",https://startups.startupmission.in/startups/Z2PAz,https://bigdates.ai/home,IT/ITeS,Consumer Apps,AI / ML | Web technologies,B2C | Freemium | Platform,KOTTIKKAL SEKHARAN AKHIL,A
572,BIGLEARNING EDU TECH PRIVATE LIMITED,"Pathanamthitta, Kerala",https://startups.startupmission.in/startups/pYgxN,https://biglearning.co.in,Education,EdTech,Web technologies,B2C,,A
574,BIGONE TECHNOLOGIES LLP,"Thrissur, Kerala",https://startups.startupmission.in/startups/04lxx,https://bigone.tech,IT/ITeS,Enterprise Applications,AI / ML | Web technologies,B2B,Abhinand Gokhala K | Gokhala K K,A
579,BILLMYKART TECHNOLOGIES PRIVATE LIMITED,"Kozhikode, Kerala",https://startups.startupmission.in/startups/8gbQ1,https://billmykart.com,IT/ITeS,Enterprise Applications,AI / ML | Mobile Apps | Web technologies,B2B,Nancy Varghese | Harikumar K T,A
582,BINALYTO DATA SERVICES PRIVATE LIMITED,"Kozhikode, Kerala",https://startups.startupmission.in/startups/pvVkp,http://www.binalyto.com,IT/ITeS,Enterprise Applications,Web technologies,B2C,ANAS MADAPPALLY | DIVYA S,A
584,BINOVATION TECHNOLOGIES PRIVATE LIMITED,"Ernakulam, Kerala",https://startups.startupmission.in/startups/p6raE,http://bizupapp.com/,IT/ITeS,Enterprise Applications,Mobile Apps,B2B,HABEEBA KURUKKAN PEEDIKAYIL | THLIKKARAN PUTTATHIRA VALAPPIL,A
589,BIOBYTE INFORMATICS PRIVATE LIMITED,"Ernakulam, Kerala",https://startups.startupmission.in/startups/8RD9x,https://www.biobyteglobal.com/,Healthcare,Healthcare IT,AI / ML | Big data,B2B | B2C | SaaS,ANAND JUDE CHRIPURAM | ABRAHAM SUDHI SIMON,A
592,Biomart Sustainable Projects Private Limited,"Ernakulam, Kerala",https://startups.startupmission.in/startups/8KQew,https://biomartsustainable.com,Climate | IT/ITeS,Waste Management | Consumer Apps,Sustainable Construction | AI / ML | Mobile Apps | Big data,B2B | Freemium | B2C,Ravikrishnan Kakkirikkan | Ritwik Ravikrishnan | Kakkirikkan Karayi Samal | Aswathi Sasidharan,A
605,BIPHA OMNITECH PRIVATE LIMITED,"Kottayam, Kerala",https://startups.startupmission.in/startups/0GjXZ,https://www.bipha.com,Healthcare,Healthcare IT,Web technologies | Mobile Apps,B2C,,A
608,BISTUX SOLUTIONS PRIVATE LIMITED,"Kozhikode, Kerala",https://startups.startupmission.in/startups/0PODW,https://ainvox.com,IT/ITeS,Enterprise Applications,AI / ML,B2B | B2C,PUTHANKARA SADIQUE ALI | MUBASHIRA THRICKULATH,A
611,BITSLEDGER INDIA PRIVATE LIMITED,"Ernakulam, Kerala",https://startups.startupmission.in/startups/8Xoyp,https://bitsledger.com,"Banking, Financial Services and Insurance",FinTech,Web technologies,B2B,,A
616,BIZCORN STARTUP CONSULTANCY LLP,"Kozhikode, Kerala",https://startups.startupmission.in/startups/Za2zR,https://bizcorn.in/,Education,EdTech,Mobile Apps,B2C,VIDHUNLAL MADATHILTHODI,A
617,BIZLEAF TECHNOLOGIES,"Pathanamthitta, Kerala",https://startups.startupmission.in/startups/Z9K6p,https://www.bizleaftechnologies.com,IT/ITeS,Enterprise Applications,Web technologies,B2B | B2C | Platform,,A
618,BIZLIN TECHNOLOGIES LLP,"Alappuzha, Kerala",https://startups.startupmission.in/startups/Z9BM6,https://bizlin.tech,IT/ITeS,Consumer Apps,AI / ML | Web technologies | Mobile Apps,B2B | SaaS | Platform,GILSON GILBERT,A
621,BIZTROCRAT BUSINESS & TRADES PRIVATE LIMITED,"Ernakulam, Kerala",https://startups.startupmission.in/startups/ZdgG8,https://www.wati.live,IT/ITeS,Enterprise Applications,Web technologies,B2B | B2C | Marketplace | Platform,Johny Antony,A
624,BIZZDECK LLP,"Ernakulam, Kerala",https://startups.startupmission.in/startups/Z9BgQ,https://bizzdeck.com/,IT/ITeS,Enterprise Applications,AI / ML | Mobile Apps | Big data,B2B,Mohammed Rafath TP | Fida,A
625,BLACK STONE CUBE (OPC) PRIVATE LIMITED,"Kozhikode, Kerala",https://startups.startupmission.in/startups/pzGB8,http://blackstonecube.com,Healthcare,Healthcare IT,Web technologies | Mobile Apps,B2B,Mujeeb Rahman,A
627,BLACKPIE TECHNOLOGIES PRIVATE LIMITED,"Malappuram, Kerala",https://startups.startupmission.in/startups/pvyyQ,https://blackpie.co,Education,EdTech,AI / ML,B2C,Nimil Salam Mundodan | Razil Salam Mundodan,A
628,BLACKWINGS INNOVATIONS PRIVATE LIMITED,"Ernakulam, Kerala",https://startups.startupmission.in/startups/Z9QmP,https://blackwings.in/,IT/ITeS,Consumer Apps,Mobile Apps | Web technologies,B2B | B2C | SaaS,SAGEESH THACHUKUZHIYIL KUNJU | VALIYA PARAMBIL VIPIN | Aneesh Krishna,A
629,BLACKWOOD DYNAMICS (OPC) PRIVATE LIMITED,"Ernakulam, Kerala",https://startups.startupmission.in/startups/0Pdw0,https://blackwooddynamics.tech,IT/ITeS,Enterprise Applications,Web technologies,B2B | B2C,Joel Varghese,A
630,BLENDED EDTECH PRIVATE LIMITED,"Kozhikode, Kerala",https://startups.startupmission.in/startups/07YA8,https://www.blend-ed.com,Education,EdTech,Mobile Apps | Web technologies,B2B | SaaS | Platform,Puthenveetil Primshad | Nadheem Abdulla,A
631,BLESSED MARY INSTITUTE PRIVATE LIMITED,"Malappuram, Kerala",https://startups.startupmission.in/startups/0PO7W,http://blessedmaryinstitute.in,Education,EdTech,AI / ML | Web technologies,B2C | B2B,Jo Thomas Chennamparambil,A
634,BLOCKBUSTER TECHNOLOGIES PRIVATE LIMITED,"Ernakulam, Kerala",https://startups.startupmission.in/startups/ZDVEp,https://smartbasket.ai/,"Banking, Financial Services and Insurance",FinTech,AI / ML,B2C,Nikhil Dharman | Thoppilthodi Raheem Shamsudheen,A
635,BLOOMBERG RESEARCH INSTITUTE OF DIGITAL COMMUNICATION PRIVATE LIMITED,"Malappuram, Kerala",https://startups.startupmission.in/startups/ZdlM4,https://bloombergintl.com/,Education,EdTech,Web technologies | Robotics | Manufacturing | Internet of Things (IoT),B2C | B2B | Platform,NOUSHAD PATHIYIL | SHAHALATH KALATHIL THODI,A
636,BLOOMBLOOM DREAMBIZ PRIVATE LIMITED,"Thiruvananthapuram, Kerala",https://startups.startupmission.in/startups/ZNNMN,https://www.bloombloom.co,Education,EdTech,Web technologies,B2C,,A
637,BLOQ QUANTUM PRIVATE LIMITED,"Kollam, Kerala",https://startups.startupmission.in/startups/8VGVE,https://www.bloq.in/,IT/ITeS,Enterprise Applications,Quantum Computing,B2B | Platform | SaaS,Sreekuttan Lalymol Sukesh | Jay Patel,A
639,Bloxeed Techlabs. LLP,"Malappuram, Kerala",https://startups.startupmission.in/startups/0wgKG,https://www.bloxeed.com,"Banking, Financial Services and Insurance | IT/ITeS",FinTech | Enterprise Applications,AI / ML | Blockchain | Big data | Mobile Apps | Web technologies,B2C | Marketplace | Platform | SaaS | B2B | B2G,Vazhappully House | Shamla,A
645,BLUELOTUZ AI PRIVATE LIMITED,"Palakkad, Kerala",https://startups.startupmission.in/startups/0er5m,https://finskil.org/,Education,EdTech,AI / ML,B2C | B2B,Rajeev Ramanath Hariharan | Shobha K H,A
647,BLUESTRIX SOLUTIONS PRIVATE LIMITED,"Thiruvananthapuram, Kerala",https://startups.startupmission.in/startups/ZaVer,http://bluestrix.in/,IT/ITeS,Enterprise Applications,Augmented Reality (AR) | Robotics | AI / ML,B2B | B2G | Marketplace,Chinnu Chandran | petreshia gladston gomez,A
648,BLUETIMBRE MUSIC PRIVATE LIMITED,"Ernakulam, Kerala",https://startups.startupmission.in/startups/pYxGj,https://www.musicpandit.com/,Education,EdTech,Web technologies,B2C,Serah John | Sherin Winstent,A
649,BLULINES EDUCATIONAL SERVICES PRIVATE LIMITED,"Malappuram, Kerala",https://startups.startupmission.in/startups/8XwkK,https://www.linkedin.com,Education,EdTech,Mobile Apps,B2C,MUHAMED NISAMUDDEEN | DANIYA AHAMED,A
650,BLURD TECHNOLOGIES PRIVATE LIMITED,"Thrissur, Kerala",https://startups.startupmission.in/startups/Z1VAb,https://3dn.app/,IT/ITeS,Consumer Apps,Internet of Things (IoT) | AI / ML,B2B | B2C | SaaS,Hari Krishna somanadhan | VISAKH P,A
656,Bochdale Solutions Private Limited,"Thiruvananthapuram, Kerala",https://startups.startupmission.in/startups/8VDlq,https://bochdale.com,IT/ITeS,Enterprise Applications,AI / ML | Mobile Apps | Web technologies,B2B,Ajith vijayan,A
658,BODHWI TECHNOLOGIES PRIVATE LIMITED,"Ernakulam, Kerala",https://startups.startupmission.in/startups/8XJY0,http://findmyhostel.in,IT/ITeS | Retail,Consumer Apps | Real Estate Tech / Prop Tech,Web technologies | Mobile Apps,B2B | B2C,Hanzal Salim | Shiyas,A
663,BOHEMIAN LIFESTYLE INDIA PRIVATE LIMITED,"Thiruvananthapuram, Kerala",https://startups.startupmission.in/startups/ZD7Ya,https://borntoimagine.com/,Education,EdTech,Web technologies,D2C,Ajith Kumar,A
665,BONVOICE SOLUTIONS PRIVATE LIMITED,"Ernakulam, Kerala",https://startups.startupmission.in/startups/0JNPg,https://bonvoice.com/,IT/ITeS,Enterprise Applications,Web technologies,B2B | Platform,GIS GEORGE | FEROZ MUJEEB REHMAN,A
667,BOOK YOUR HOSPITAL BYSTANDER,"Ernakulam, Kerala",https://startups.startupmission.in/startups/07XRM,https://bookyourhospitalbystander.com/,Healthcare,Healthcare IT,Mobile Apps | Web technologies,B2C | B2B,ACHSAY MARY ALEXANDER | RUPEN PHILIPOSE,A
669,BOOKBARB BUSINESS PRIVATE LIMITED,"Kannur, Kerala",https://startups.startupmission.in/startups/Z1mRK,https://bookbarb.online,IT/ITeS,Consumer Apps,Mobile Apps,B2B | B2C | Platform,SHEROZ PAKKAR MOOPPAN | CHULLIYODAN PATTUVAMVALAPPIL M,A
671,Bornbix Technologies Private Limited,"Thiruvananthapuram, Kerala",https://startups.startupmission.in/startups/07mwe,https://www.wekeralam.com,IT/ITeS,Consumer Apps,Web technologies,Marketplace | Freemium,NANDINI ANILKUMAR | VISAKH SHAJI,A
672,BOSON INFO TECH PRIVATE LIMITED,"Kannur, Kerala",https://startups.startupmission.in/startups/8gRBJ,https://bosoninfotech.com,IT/ITeS,Enterprise Applications,Mobile Apps | Web technologies,B2B | B2C | SaaS,GINCY VARGHESE | SHAJI ALEX,A
673,BOTANGELOS LLP,"Kozhikode, Kerala",https://startups.startupmission.in/startups/pQOvX,https://botangelos.com/,IT/ITeS,Enterprise Applications,AI / ML,B2B,Mary | Kokul Jose,A
680,BPAX Technologies LLP,"Kozhikode, Kerala",https://startups.startupmission.in/startups/pQOno,https://www.bpax.in,IT/ITeS,Enterprise Applications,Web technologies,B2B,Rayhan Abdul Rahiman | Sabarinath Vylassery,A
685,BRAINBRIX AI PRIVATE LIMITED,"Thrissur, Kerala",https://startups.startupmission.in/startups/ZrkB5,https://brainbrix.in/,Education,EdTech,AI / ML,B2C | B2B,Gobish Gopalakrishnan | Gayathri Krishnan,A
686,BRAINSIL ED TECH PRIVATE LIMITED,"Kannur, Kerala",https://startups.startupmission.in/startups/pvDwr,https://brainsil.com/,Education,EdTech,Mobile Apps,D2C | Freemium | Platform,Gokul P,A
687,BRAINWIRE MEDI TECHNOLOGIES PRIVATE LIMITED,"Ernakulam, Kerala",https://startups.startupmission.in/startups/pkk3Q,https://basicresponders.com/,Healthcare,Healthcare IT,Virtual Reality (VR) | Web technologies | Mobile Apps,B2B | B2C,KIRAN NADUVATHEZHATHUCHIRAYIL | Manzoor Ali Zayed,A
689,BRAND MASTERS INDIA PRIVATE LIMITED,"Ernakulam, Kerala",https://startups.startupmission.in/startups/Z2WMG,https://brandmasters.world,IT/ITeS,Enterprise Infrastructure,AI / ML,B2B,Misbah Salam | Raneesha Misbah Salam,A
692,BRANDLABZ DIGITAL SOLUTIONS PRIVATE LIMITED,"Kottayam, Kerala",https://startups.startupmission.in/startups/0MVMp,https://www.brandLabz.in,IT/ITeS,Enterprise Applications,Mobile Apps | Web technologies,B2B,Saralamani | Sooraj B,A
693,BREAKNCO GLOBAL PRIVATE LIMITED,"Ernakulam, Kerala",https://startups.startupmission.in/startups/0erNr,https://www.breaknco.com,IT/ITeS,Enterprise Applications,AI / ML,B2B,Shalini Bhuvanendranathan Nair | Joseph Tharakan Francis,A
695,BREEZE BRAIN TECHNOLOGIES PRIVATE LIMITED,"Thiruvananthapuram, Kerala",https://startups.startupmission.in/startups/0Wx74,https://www.breezebrain.com/,Education,EdTech,Web technologies,B2C,Vijith B Nair,A
698,BRICON TECHNOLOGIES PRIVATE LIMITED,"Ernakulam, Kerala",https://startups.startupmission.in/startups/ZD7Kx,http://www.brictechnologies.com,IT/ITeS,Enterprise Applications,Mobile Apps | Web technologies,B2B,Anandu P A,A
699,BRIDGEON SOLUTIONS LLP,"Malappuram, Kerala",https://startups.startupmission.in/startups/pzO3Q,https://bridgeon.in/,Education,EdTech,Web technologies,B2C,,A
704,BRIGHTFORGE SOLUTIONS AND TECHNOLOGIES LLP,"Kollam, Kerala",https://startups.startupmission.in/startups/ZN51W,https://www.brightforgetechnologies.com/,IT/ITeS,Enterprise Infrastructure,AI / ML | Cyber Security,B2C | B2B | SaaS,Ajimsha M | Noorul Ameen N | Mohammed Fizal,A
707,BRILLPEPS LLP,"Alappuzha, Kerala",https://startups.startupmission.in/startups/Za2YR,http://www.brillpeps.com,IT/ITeS,Enterprise Applications,Mobile Apps,B2C | B2B | SaaS,JYODISH BALACHANDRA PANICKER | JAYAKUMAR BALACHANDRA PANICKER,A
708,BRITENX PRIVATE LIMITED,"Ernakulam, Kerala",https://startups.startupmission.in/startups/8KxKy,https://britenx.com/,IT/ITeS,Consumer Apps,AI / ML,B2C,Dilip K Gopal | Krishna C S,A
711,BROADBILL DYNAMICS PRIVATE LIMITED,"Kozhikode, Kerala",https://startups.startupmission.in/startups/8RA9M,https://supatutor.in/,Consumer Goods | Education,Consumer Electronics | EdTech,Semiconductors | Manufacturing | Mobile Apps | AI / ML | Web technologies,D2C | B2B | B2C | SaaS,MOHAMMED SHEFEEQ B | MUHAMMED RABIN | Ashique Muhammed A,A
713,BROROOT PRIVATE LIMITED,"Kozhikode, Kerala",https://startups.startupmission.in/startups/04lY3,https://brorootacademy.com/,Education,EdTech,Mobile Apps | Web technologies,B2C | B2B,,A
714,BRQ GLOB TECH PRIVATE LIMITED,"Kasaragod, Kerala",https://startups.startupmission.in/startups/ZDlvZ,http://www.brqassociates.in/,IT/ITeS,Enterprise Applications,Web technologies,B2B | B2C,AYSA | Aysath Rabiya,A
715,Bruvsha Llp,"Malappuram, Kerala",https://startups.startupmission.in/startups/0WPEm,https://www.bruvsha.com,IT/ITeS,Enterprise Applications,Web technologies,B2B | B2C,,A
716,BST SOFTWARE PRIVATE LIMITED,"Kottayam, Kerala",https://startups.startupmission.in/startups/poQL3,http://www.bstsoft.in,IT/ITeS,Enterprise Applications,Mobile Apps | Web technologies,B2B | B2C,BINO CHAKUPURAKAL | JESSY BINO,A
719,BUCLE TECHNOLOGIES PRIVATE LIMITED,"Thiruvananthapuram, Kerala",https://startups.startupmission.in/startups/8LbQ0,https://www.bucle.in,IT/ITeS,Consumer Apps,Mobile Apps,B2B | B2C,,A
720,BUDDHYANTRA LLP,"Kozhikode, Kerala",https://startups.startupmission.in/startups/ZEmOb,https://buddhyantra.com/,IT/ITeS,Enterprise Applications,Web technologies,B2B,MIDHUN GEETHA SOMANATHANPILLAI | ANUSREE RAJ JAYASREE SOUNDARAJ,A
721,BUDDIZ LEARNING SOLUTIONS PRIVATE LIMITED,"Alappuzha, Kerala",https://startups.startupmission.in/startups/plMGl,https://www.buddiz.ai,Education,EdTech,AI / ML,B2C | B2B,ANOOP SREERAJ | RENJITH ABRAHAM THOMAS | ABHILASH SREERAJ | SANJITH JACOB THOMAS,A
724,BUILD PATCH TECHNOLOGIES PRIVATE LIMITED,"Malappuram, Kerala",https://startups.startupmission.in/startups/0BwNO,https://www.buildpatch.com,IT/ITeS,Enterprise Applications,Web technologies | Mobile Apps,B2C | B2B,Shafin Muhammed | SHAS,A
726,BUILDING BLEND PRIVATE LIMITED,"Kollam, Kerala",https://startups.startupmission.in/startups/Zjx5p,https://buildingblend.com/,"Banking, Financial Services and Insurance | Other",FinTech | Other,Web technologies,Platform | Marketplace | B2C | B2B,,A
735,BUTOMY PRIVATE LIMITED,"Thiruvananthapuram, Kerala",https://startups.startupmission.in/startups/8xo3p,http://www.techbutomy.com,Food processing | IT/ITeS,Food & Food Tech | Enterprise Applications,Mobile Apps | Web technologies,B2B | B2C,MAMMUTTY P S | TOJO THOMAS,A
736,BUYEX FINTECH SOLUTIONS PRIVATE LIMITED,"Ernakulam, Kerala",https://startups.startupmission.in/startups/0JgYp,https://buyexchange.in,"Banking, Financial Services and Insurance",FinTech,Web technologies,B2B | B2C,Praveen R | Ratheesh PS | Mukhthadir PK,A
738,BUZCATCH PRIVATE LIMITED,"Kannur, Kerala",https://startups.startupmission.in/startups/0MmN0,http://buzcatch.com/,IT/ITeS,Enterprise Applications,Web technologies,B2B | B2C | D2C,SHEMINA ANISH | ANISH MATHEW,A
739,BUZY 2050 EDUTECH LLP,"Malappuram, Kerala",https://startups.startupmission.in/startups/Z2wd0,https://projectxedu.com/,Education,EdTech,Web technologies,B2C,Habeeb Rahman | Muhammed Shameem Elanthi,A
743,BYON CARE PRIVATE LIMITED,"Ernakulam, Kerala",https://startups.startupmission.in/startups/pbAB0,https://byoncare.com/,Healthcare,Healthcare IT,AI / ML | Mobile Apps | Big data,B2B | D2C | SaaS,Nebu Kallumpurathu Abraham | Kallumpurathu Abraham Abraham | Dr. Shine Philip | Dr. George Varghese,A
745,BYTE INFOTECH LLP,"Thiruvananthapuram, Kerala",https://startups.startupmission.in/startups/ZEbQK,https://byteinfotech.co/,IT/ITeS,Consumer Apps,AI / ML | Web technologies | Mobile Apps,SaaS | Platform,Akhil Bose | Sobin Benny | Aflah V P,A
748,BYTES DELIVERY LLP,"Malappuram, Kerala",https://startups.startupmission.in/startups/ZD55K,https://www.bytesonline.in,IT/ITeS,Consumer Apps,Mobile Apps,B2C,MOHAMMED AFRIN SALEEM K M | THAHA V P,A
749,BYTESTRONE INDIA PRIVATE LIMITED,"Ernakulam, Kerala",https://startups.startupmission.in/startups/04axp,https://www.bytestrone.com,IT/ITeS,Enterprise Applications,Web technologies | Mobile Apps | AI / ML,B2B | B2C,GOPAKUMAR KIZHAKKE VELLATTU | ANEESH KUNJUVEETTIL | JANSON JOSEPH CHACKO | SHAJU SUKUMARAN | JOVIN JOSEPH | THIPARAMBIL MOHAMMEDALIBAVA MO,A
750,BYTETALE CORP PRIVATE LIMITED,"Thiruvananthapuram, Kerala",https://startups.startupmission.in/startups/0Jrwk,https://udeoai.com/,IT/ITeS,Consumer Apps,AI / ML,B2C,Crispin Lawrence | Revamma,A
751,BYTEWAVE DIGITAL CONSULTANTS PRIVATE LIMITED,"Thiruvananthapuram, Kerala",https://startups.startupmission.in/startups/8qjEZ,https://www.bytewavedigital.com,"Banking, Financial Services and Insurance",FinTech,Web technologies | Big data | Cyber Security,B2B | Platform,,A
752,BYTSOLV DIGITAL TRANSFORMATIONS PRIVATE LIMITED,"Ernakulam, Kerala",https://startups.startupmission.in/startups/py6bW,https://bytsolv.com/,IT/ITeS,Enterprise Applications,Web technologies | Mobile Apps,B2B,Faris Mohamed | Ejas Muhammed,A
753,BZANALYTICS PRIVATE LIMITED,"Thiruvananthapuram, Kerala",https://startups.startupmission.in/startups/8KdnZ,https://www.bzanalytics.ai/,IT/ITeS,Enterprise Applications,Web technologies | AI / ML | Big data,B2B,SULTHANA SHAFI | SUBUHAN SHAFI,A
757,C-HUB CAREER DESIGNERS PRIVATE LIMITED,"Kozhikode, Kerala",https://startups.startupmission.in/startups/8VG35,https://www.definemycareer.com,Education,EdTech,AI / ML | Web technologies,B2B | B2C,AZEEB PARA KKANDI | MUHAMMED MUFLIH,A
761,C4CAREER LEARNING SOLUTIONS PRIVATE LIMITED,"Thiruvananthapuram, Kerala",https://startups.startupmission.in/startups/8xXQ8,https://c4career.in/,Education,EdTech,Web technologies | Mobile Apps,B2C,,A
765,CADMATE SOFTWARE LLP,"Pathanamthitta, Kerala",https://startups.startupmission.in/startups/0eqm0,https://www.cadmate.org,IT/ITeS,Enterprise Applications,Web technologies,B2C,,A
766,CADREAGO DE PRIVATE LIMITED,"Kasaragod, Kerala",https://startups.startupmission.in/startups/0JNa6,https://stocxer.in,"Banking, Financial Services and Insurance",FinTech,AI / ML | Big data | Web technologies,Freemium | B2B | B2C,YASHODHA | BINESH BALAN,A
767,CADXSTUDIO PRIVATE LIMITED,"Ernakulam, Kerala",https://startups.startupmission.in/startups/pm3Gj,https://cadxstudio.in/,IT/ITeS,Enterprise Applications,AI / ML,SaaS,John Santhosh | Praphul S Warrier,A
769,CAKESIFY SYSTEMS PRIVATE LIMITED,"Wayanad, Kerala",https://startups.startupmission.in/startups/Z1zbE,https://www.cakesify.com,IT/ITeS,Consumer Apps,AI / ML | Web technologies,B2B | Platform | SaaS,MARTIN MARAVATTICKAL | ANBURAJA MATHIMARAN,A
770,CAKIYO PRODUCTS PRIVATE LIMITED,"Kozhikode, Kerala",https://startups.startupmission.in/startups/0MooN,https://cakiyo.com,IT/ITeS,Consumer Apps,Web technologies | Mobile Apps,B2C | Marketplace,Nidhin K C | Raisal U | Shahin Ibrahim | Shameer Ibrahim | Shafeekh | Muhammed Shafi,A
771,CAKSU FOUNDATION,"Palakkad, Kerala",https://startups.startupmission.in/startups/ZD5bl,https://.caksu.in,Education,EdTech,AI / ML,B2B,ganarajan sivasubramanian | P A Sivasubramanian,A
773,CALICUT DIGITAL ACADEMY LLP,"Kozhikode, Kerala",https://startups.startupmission.in/startups/ZD7ml,https://calicutdigitalacademy.com/,Education,EdTech,Web technologies,B2C,Hudaif K V | Basant Meghna | dhanoop | nidasha riyaz | Nishant Krishnan KN,A
774,CALICZBEE SOLUTIONS PRIVATE LIMITED,"Kozhikode, Kerala",https://startups.startupmission.in/startups/ZEWxp,https://pillsbee.com/,Healthcare,Healthcare IT,AI / ML | Big data | Mobile Apps,B2B,Nidhun K | Abhijith E M | Mohamed Risvan V,A
775,CALINOVA AI ADVISORY PRIVATE LIMITED,"Kozhikode, Kerala",https://startups.startupmission.in/startups/0PgBK,https://calinova.ai/,IT/ITeS,Enterprise Applications,AI / ML,Platform,Nabeel Moosa | PALLI VEEDU JASEEM,A
776,CALINOVA INNOVATION PRIVATE LIMITED,"Kozhikode, Kerala",https://startups.startupmission.in/startups/p6djE,https://www.calinova.ai/,IT/ITeS,Enterprise Applications,AI / ML,SaaS,NABEEL MOOSA,A
777,CALLBELL PRIVATE LIMITED,"Thrissur, Kerala",https://startups.startupmission.in/startups/0BnA0,https://callbellsecurity.wordpress.com/,IT/ITeS,Enterprise Applications,AI / ML | Cyber Security | Web technologies,B2B | B2C | Platform,,A
780,CALPARTEC SOLUTIONS PRIVATE LIMITED,"Thrissur, Kerala",https://startups.startupmission.in/startups/pyNg8,https://www.calparglobal.com,IT/ITeS,Consumer Apps,Web technologies | AI / ML,B2C | B2B | Freemium,UMMER KK | BUSHARA,A
786,Candour Edutech Private Limited,"Ernakulam, Kerala",https://startups.startupmission.in/startups/poXAj,https://www.candourgroup.in,Education,EdTech,Web technologies,B2C,,A
787,CANFIT PRIVATE LIMITED,"Kasaragod, Kerala",https://startups.startupmission.in/startups/8KxX3,https://infocanfit.wixsite.com/canfit,Healthcare,Healthcare IT,AI / ML | Biotechnology | Quantum Computing,B2B | B2G | B2C,ABDUL HAKHEEM | Abdul azeez Mohammed Harshad,A
788,CANZA TECHNOLOGY CONSULTANTS PRIVATE LIMITED,"Thiruvananthapuram, Kerala",https://startups.startupmission.in/startups/Za2En,https://www.canzatech.com/,IT/ITeS,Enterprise Applications,Web technologies | Internet of Things (IoT) | Security & Surveillance Technology,B2B | D2C | Marketplace,NIMMY SYEDMOINUDEEN SHAMSHAD | ABDUL AZEEZ,A
789,Capablanca Chess School Private Limited,"Thiruvananthapuram, Kerala",https://startups.startupmission.in/startups/p6rmg,https://capablancachessschool.com/,Education,EdTech,Web technologies | Mobile Apps,B2B | B2C,VIJIN BABU S | SREERAM S T,A
798,CAREAYU PRIVATE LIMITED,"Pathanamthitta, Kerala",https://startups.startupmission.in/startups/pokxp,https://www.careayu.com,Healthcare,Healthcare IT,Web technologies | Mobile Apps,B2C | Platform,,A
799,CARECINE PRIVATE LIMITED,"Ernakulam, Kerala",https://startups.startupmission.in/startups/8KmNk,https://squivv.com/,IT/ITeS,Consumer Apps,Mobile Apps | AI / ML | Web technologies,Platform | B2B | Freemium,ADISH | SARATH M,A
800,CAREER GRIDS SERVICES PRIVATE LIMITED,"Ernakulam, Kerala",https://startups.startupmission.in/startups/0BGVv,https://healjobs.ai,Healthcare,Healthcare IT,Mobile Apps | Web technologies,Marketplace,ANANDH RAMAIAH,A
804,CAROL SOLUTIONS,"Ernakulam, Kerala",https://startups.startupmission.in/startups/ZEe7b,http://www.carolsolutions.com,IT/ITeS,Enterprise Applications,Web technologies,B2B,ANTONY V M | LISSAMMA U J,A
805,CARRDY TECHNOLOGIES PRIVATE LIMITED,"Ernakulam, Kerala",https://startups.startupmission.in/startups/pvybr,https://carrdy.com/,Education,EdTech,AI / ML,Freemium,Sachin P | C Prathapmohan Nair,A
806,CARRIMEN TECH SOLUTIONS PRIVATE LIMITED,"Ernakulam, Kerala",https://startups.startupmission.in/startups/0WP1P,https://carrimen.in/,IT/ITeS,Consumer Apps,Mobile Apps,B2B | B2C | Platform,muhammed razik h | farook sain ibrahim | afsal puthuparambil,A
807,CARTIFY LLP,"Alappuzha, Kerala",https://startups.startupmission.in/startups/8X7d4,,IT/ITeS,Enterprise Applications,Web technologies,Marketplace | Platform | SaaS,Stephan Saji Daniel Kizhakkada | SAJI DANIEL,A
811,CASBIRO SOLUTIONS PRIVATE LIMITED,"Ernakulam, Kerala",https://startups.startupmission.in/startups/0WxWP,https://casbiro.com/,Education,EdTech,Mobile Apps,B2C,Sakeer Ali | Nisar Ahammed | Mohamed Rafeeh Vallakkattil,A
812,CASCADE HEADWAY PRIVATE LIMITED,"Ernakulam, Kerala",https://startups.startupmission.in/startups/07mXD,https://www.cascadeheadway.com,IT/ITeS,Enterprise Applications,Web technologies,B2C,,A
817,CAVZ MEDIA PRIVATE LIMITED,"Kozhikode, Kerala",https://startups.startupmission.in/startups/04l1R,https://www.thecavz.com/,IT/ITeS,Enterprise Infrastructure,Mobile Apps | Web technologies,Platform | B2B,VIMALA CK | subhisha madhu,A
818,CAVZON PRIVATE LIMITED,"Kollam, Kerala",https://startups.startupmission.in/startups/0MAEV,https://www.cavzon.com/,IT/ITeS,Enterprise Applications,Web technologies,B2B | B2C,,A
821,CBUY FINTECH PRIVATE LIMITED,"Kannur, Kerala",https://startups.startupmission.in/startups/ZEbYK,https://www.cbuy.org/home,"Banking, Financial Services and Insurance",FinTech,Mobile Apps | Web technologies,B2B | B2C | Platform,Elan Georgin Martin | Laiju K George,A
822,CCPEEPS TECHNOLOGIES PRIVATE LIMITED,"Alappuzha, Kerala",https://startups.startupmission.in/startups/pvymz,https://theccpeeps.com,IT/ITeS,Enterprise Applications,AI / ML | Big data | Web technologies,B2B | B2G | SaaS,IJAB M RAHMAN | ABHIJITH N,A
825,CEIR GLOBAL PRIVATE LIMITED,"Thiruvananthapuram, Kerala",https://startups.startupmission.in/startups/0BVGw,https://ceirglobal.com/,Education,EdTech,Web technologies,B2C,,A
827,CELEBEES TECHNOLOGIES PRIVATE LIMITED,"Ernakulam, Kerala",https://startups.startupmission.in/startups/pvQN0,https://www.celebees.com/,IT/ITeS,Consumer Apps,Web technologies,B2C,Sunitha Faizal | Mohammed Nizam | Faizal M Khalid,A
828,CELEBRATE LEARNING PRIVATE LIMITED,"Thrissur, Kerala",https://startups.startupmission.in/startups/pv5l0,https://docemy.com/,Education,EdTech,Web technologies | Mobile Apps,B2C,Dr Nishanth B Singh,A
834,CENFIX SOFTWARE PRIVATE LIMITED,"Kozhikode, Kerala",https://startups.startupmission.in/startups/pzgqv,https://cenfix.in/,IT/ITeS,Consumer Apps,Mobile Apps | Web technologies,B2B | B2C,VIPIN CHEREEKANDY | AREEKKANATU NITHA,A
836,CENTGRADE LABS PRIVATE LIMITED,"Malappuram, Kerala",https://startups.startupmission.in/startups/pYeNp,https://www.centgradelabs.com,Education,EdTech,Augmented Reality (AR) | Mobile Apps,B2C,,A
837,CENTRE C EDTECH PRIVATE LIMITED,"Thiruvananthapuram, Kerala",https://startups.startupmission.in/startups/poYAZ,,Education,EdTech,Web technologies | Mobile Apps,Platform | B2C,,A
840,CENTRRIC INNOVATIONS PRIVATE LIMITED,"Ernakulam, Kerala",https://startups.startupmission.in/startups/ZrYE8,https://centrric.com/,IT/ITeS,Enterprise Applications,Web technologies | Mobile Apps | AI / ML,B2B,SAHAD PAREED | ALTHAF KALARICKAL SHAPHY,A
842,CEPHAS RESEARCH PRIVATE LIMITED,"Pathanamthitta, Kerala",https://startups.startupmission.in/startups/8Aej8,https://cephasresearch.com,IT/ITeS,Enterprise Applications,Blockchain,Platform,,A
845,CEYMOX TECHNOLOGIES PRIVATE LIMITED,"Ernakulam, Kerala",https://startups.startupmission.in/startups/0MoAv,https://ceymox.com/,IT/ITeS,Mobile | Enterprise Applications,Mobile Apps | Web technologies | AI / ML,B2B | Platform | SaaS,KC Jagadeep,A
852,CHANGEMENT CAPACITY BUILDING PRIVATE LIMITED,"Thiruvananthapuram, Kerala",https://startups.startupmission.in/startups/ZNNKB,https://changemanagemententerprise.com/,Education,EdTech,AI / ML,B2G,Shobha Talaghatti | SANTOSH BABURAO TALGHATTI,A
854,Channu's Solutions Private Limited,"Ernakulam, Kerala",https://startups.startupmission.in/startups/8x6j0,https://jobro.in,IT/ITeS,Consumer Apps,Web technologies | Mobile Apps,B2C | Platform | Freemium,Mohammed Rahil Sahashad | Ahamed Nihal Shanfar C,A
856,CHAPTER 1 ED TEC (OPC) PRIVATE LIMITED,"Thiruvananthapuram, Kerala",https://startups.startupmission.in/startups/05BoW,https://learnwithchapter1.com/,Education,EdTech,Web technologies,Freemium | B2C | D2C,REMYA GIRIJA,A
857,CHARIS REMEDIES PRIVATE LIMITED,"Kottayam, Kerala",https://startups.startupmission.in/startups/0JJx0,https://www.charisremedies.com/,Healthcare,Healthcare IT,Mobile Apps | Manufacturing,B2C,,A
861,CHERAI HOSPITALITY PRIVATE LIMITED,"Ernakulam, Kerala",https://startups.startupmission.in/startups/0Gw50,https://www.cheraihospitality.com,IT/ITeS,Enterprise Infrastructure,Web technologies,B2C | B2B,,A
865,CHIRAD TECHNOLOGIES LLP,"Ernakulam, Kerala",https://startups.startupmission.in/startups/plM6o,https://chirad.co/,IT/ITeS,Enterprise Applications,Web technologies,Freemium,Anandhakrishnan V S | Malavika Narayanan | BIJOY KARIYATTI SIJO,A
867,CHIRI LABS PRIVATE LIMITED,"Ernakulam, Kerala",https://startups.startupmission.in/startups/0WjmZ,https://www.chiri.in,IT/ITeS,Consumer Apps,Web technologies,B2B,,A
868,CHISQUARE LABS PRIVATE LIMITED,"Thrissur, Kerala",https://startups.startupmission.in/startups/0GBjZ,https://www.chisquarelabs.com/,Healthcare,Healthcare IT,AI / ML | Web technologies,B2B | B2C,,A
869,CHOFLUID PRIVATE LIMITED,"Thiruvananthapuram, Kerala",https://startups.startupmission.in/startups/Z3e37,https://www.chofluid.com,Media and Entertainment,Social Media,Web technologies,B2B | SaaS,SHINOMOL PALATHANATH MUHAMMED | SHAHNAZ BASHEER,A
870,CHOICEMED HEALTHCARE SOLUTIONS PRIVATE LIMITED,"Ernakulam, Kerala",https://startups.startupmission.in/startups/pyvd8,,Healthcare,Assistive Tech,Web technologies,B2C,,A
872,CHROMA CREATIVE PRIVATE LIMITED,"Ernakulam, Kerala",https://startups.startupmission.in/startups/0BGk3,https://www.chromacreativeagency.com,IT/ITeS | Healthcare,Enterprise Applications | Fitness & Wellness,Web technologies | Mobile Apps,SaaS | B2C,Amal C S | Akhil Ashok,A
873,Chukkukappy Creatives Llp,"Ernakulam, Kerala",https://startups.startupmission.in/startups/plnXo,http://chukkukappy.com,Healthcare,Healthcare IT,Internet of Things (IoT) | Virtual Reality (VR),Platform,NISAR MUHAMMED ABDULLA | MITHRA MURALEEKRISHNAN,A
882,CITIZEN DIGITAL FOUNDATION,"Thiruvananthapuram, Kerala",https://startups.startupmission.in/startups/poj30,https://www.citizendigitalfoundation.org,Education,EdTech,Web technologies,B2C,,A
883,CITSA TECHNOLOGIES PRIVATE LIMITED,"Thiruvananthapuram, Kerala",https://startups.startupmission.in/startups/0PwoZ,https://citsat.com,IT/ITeS,Enterprise Infrastructure,Security & Surveillance Technology | Cyber Security | Display Technology,B2B | B2C | D2C,PEEYUSHA | Sreekumar P M | Parasaran PM,A
885,Civilianz,"Thiruvananthapuram, Kerala",https://startups.startupmission.in/startups/Z3NJ8,https://www.civilianz.com,Education,EdTech,Mobile Apps,B2C,,A
888,Clan Leo Private Limited,"Ernakulam, Kerala",https://startups.startupmission.in/startups/Z1mm5,https://www.clanleo.com/,IT/ITeS,Mobile,Mobile Apps,Freemium | B2B | B2C,SREEKANTH S | Anitha T.R,A
889,CLAP,"Ernakulam, Kerala",https://startups.startupmission.in/startups/Z91PZ,Http://getclap.in,Media and Entertainment,Social Media,Web technologies,Platform,,A
890,CLAPS LEARN EDTECH LLP,"Kozhikode, Kerala",https://startups.startupmission.in/startups/Zdla4,https://clapslearn.com,Education,EdTech,Mobile Apps,Platform | B2C,MUFSIR MP | Rishad V | Fazil T | Amnas Ahamed KT,A
893,CLEAN CIRCLE PRIVATE LIMITED,"Ernakulam, Kerala",https://startups.startupmission.in/startups/ZD2wp,https://www.cleancircle.earth/,IT/ITeS,Consumer Apps,Web technologies,B2B,,A
896,CLEAREYE.AI PRIVATE LIMITED,"Thiruvananthapuram, Kerala",https://startups.startupmission.in/startups/p6bdp,https://www.aiware.ai,IT/ITeS,Enterprise Applications,AI / ML | Web technologies,B2B | B2C,,A
897,CLEARPROMPT PRIVATE LIMITED,"Ernakulam, Kerala",https://startups.startupmission.in/startups/07WAx,https://clearprompt.dev/,IT/ITeS,Enterprise Applications,AI / ML | Big data | Web technologies,B2B | Freemium | Marketplace,VISHNUDAS VASUDEVAN | ANITHA KESAVAN,A
900,CLEVERX HEALTHCARE PRIVATE LIMITED,"Alappuzha, Kerala",https://startups.startupmission.in/startups/0Wb5B,https://cleverx.in/,Healthcare,Healthcare IT,AI / ML | Mobile Apps | Web technologies,B2B | B2C,SHABU KHAN HABEEB | SHEEJA ABDUL BEEVI,A
902,CLICKO PHONETICS LAB PRIVATE LIMITED,"Ernakulam, Kerala",https://startups.startupmission.in/startups/p6WNj,https://www.phoneticslab.in/,Education,EdTech,AI / ML,B2C | B2G | B2B,Jose Varghese Mundencherry | Josna Varghese Mundencherry,A
903,CLICKTOINDIA DIGISOLUTIONS PRIVATE LIMITED,"Palakkad, Kerala",https://startups.startupmission.in/startups/pvdvZ,http://clicktoindia.in,IT/ITeS,Consumer Apps,Web technologies,B2B | B2C,PRAVEEN K S,A
907,CLINARE TECHNOLOGIES PRIVATE LIMITED,"Ernakulam, Kerala",https://startups.startupmission.in/startups/pzglq,https://clinare.com,Healthcare,Healthcare IT,Web technologies,SaaS,MILHA THESNI PAUL | JINTU VINCENT KANAKKASSERY VINCENT,A
908,CLINEXIZ CLINICAL RESEARCH SERVICES PRIVATE LIMITED,"Kozhikode, Kerala",https://startups.startupmission.in/startups/0JrmK,https://clinexiz.com/,Healthcare,Healthcare IT,AI / ML | Biotechnology | Web technologies,B2B | SaaS | Platform,PRATHAP VASU C | Anusree P Dev,A
910,CLL ACADEMY PRIVATE LIMITED,"Ernakulam, Kerala",https://startups.startupmission.in/startups/ZNM5W,https://www.academycll.com,Education,EdTech,Internet of Things (IoT) | Big data | Web technologies,Platform,AJITHAKUMARI M M | ABHILASH CHANDRAN,A
912,CLOCKHASH TECHNOLOGIES LLP,"Ernakulam, Kerala",https://startups.startupmission.in/startups/8n1WJ,https://clockhash.com/your_trusted_cloud_solutions_partner,IT/ITeS,Enterprise Applications,AI / ML | Security & Surveillance Technology | Web technologies,Platform | Marketplace | SaaS,JOSE MAPRANATHUKARAN OUSEPH | THOMAS THANKACHAN,A
914,CLOODOT PRIVATE LIMITED,"Thrissur, Kerala",https://startups.startupmission.in/startups/pvQQ0,https://www.cloodot.com,IT/ITeS,Enterprise Applications,Web technologies,B2B | B2C,,A
915,CLOOTRACK SOFTWARE LABS PRIVATE LIMITED,"Ernakulam, Kerala",https://startups.startupmission.in/startups/4Z2k0,https://www.clootrack.com,IT/ITeS,Enterprise Applications,AI / ML,B2B | B2C | Platform,,A
916,CLOUD ONE BUSINESS SOLUTIONS PRIVATE LIMITED,"Kozhikode, Kerala",https://startups.startupmission.in/startups/Z2rdZ,http://cloudonebs.com/,Healthcare,Healthcare IT,Web technologies,B2B | B2C,VELUPPAL MIDHUN KUMAR | ANJALI EDAKKANDY,A
917,CLOUDEX369 IT SOLUTIONS PRIVATE LIMITED,"Malappuram, Kerala",https://startups.startupmission.in/startups/ZNNbv,https://cloudex369.com,IT/ITeS,Enterprise Infrastructure,Web technologies,B2B | B2C,Kishor KS | Nowshad MU,A
919,CLOUDGM MARKETING PRIVATE LIMITED,"Pathanamthitta, Kerala",https://startups.startupmission.in/startups/0GER8,https://www.cloudgm.com,IT/ITeS,Consumer Apps,Web technologies,B2B | B2C | B2G,,A
920,CLOUDHOUSE TECHNOLOGIES PRIVATE LIMITED,"Thrissur, Kerala",https://startups.startupmission.in/startups/ZdrwQ,https://cloudhousetechnologies.com,IT/ITeS,Enterprise Applications,Web technologies,B2B | B2C,VIJAYRAJ AMMANCHERY RAJEEV | SREEKUTTY VENGATTU SREEKUMAR | Aswin Mohanan,A
921,CLOUDSIX INFOSYSTEMS PRIVATE LIMITED,"Ernakulam, Kerala",https://startups.startupmission.in/startups/pmBqW,https://cloud6.co.in/,IT/ITeS,Consumer Apps,Web technologies,B2B | B2C,,A
922,CLOUDSTACKLE SOLUTIONS LLP,"Kozhikode, Kerala",https://startups.startupmission.in/startups/Z3e9M,https://finanxerai.com/,IT/ITeS,Consumer Apps,AI / ML | Mobile Apps | Web technologies,B2B | B2C,Muhammed Anas K | Hijas Ansif KP,A
924,CLOWDERIN LLP,"Kollam, Kerala",https://startups.startupmission.in/startups/0P6K8,https://clowderin.com,Education,EdTech,Web technologies | Mobile Apps,B2C | Platform,,A
925,CLUBALPHA TECHNOLOGIES PRIVATE LIMITED,"Palakkad, Kerala",https://startups.startupmission.in/startups/pYnj8,https://www.cynapse.co.in,"Banking, Financial Services and Insurance",FinTech,Web technologies | Mobile Apps,B2C | D2C | Marketplace,,A
927,CLUFOX TECH SOLUTIONS PRIVATE LIMITED,"Thiruvananthapuram, Kerala",https://startups.startupmission.in/startups/0J6y0,https://www.clufox.com/,IT/ITeS,Enterprise Applications,Web technologies | Mobile Apps,B2B | B2C | Platform,,A
929,COAB SOLUTIONS PRIVATE LIMITED,"Ernakulam, Kerala",https://startups.startupmission.in/startups/8xr77,https://coab.club/,IT/ITeS,Enterprise Applications,Web technologies | Internet of Things (IoT) | Geographic Information Systems | Mobile Apps,B2B,SAVAD M V | AMALA P P,A
934,COCRI TECHNOLOGIES PRIVATE LIMITED,"Ernakulam, Kerala",https://startups.startupmission.in/startups/0POWw,https://www.cocri.online,Media and Entertainment,AdTech,Web technologies | Mobile Apps,B2B | Platform,NIKHIL JAMES | Delna O P,A
938,CODECAT TECHNOLOGIES PRIVATE LIMITED,"Ernakulam, Kerala",https://startups.startupmission.in/startups/ZDx5x,https://www.codecattech.com,IT/ITeS,Consumer Apps,Mobile Apps | Internet of Things (IoT) | AI / ML,B2C | Platform,Rindo Randolph Michael,A
941,CODEMPULI LLP,"Ernakulam, Kerala",https://startups.startupmission.in/startups/05WzW,https://www.codempuli.com,IT/ITeS,Enterprise Applications,Mobile Apps,SaaS,Shilpa Antony,A
942,CODEOFDUTY INNOVATIONS PRIVATE LIMITED,"Thiruvananthapuram, Kerala",https://startups.startupmission.in/startups/0GO50,https://ryng.in/,IT/ITeS,Enterprise Applications,Web technologies,B2B,Sanju Mathew | Benjamin Mathews Abraham,A
943,CODESCRIBO TECHNOLOGIES PRIVATE LIMITED,"Alappuzha, Kerala",https://startups.startupmission.in/startups/poQrz,https://codescribo.com/overview#overview-box,IT/ITeS,Enterprise Applications,Web technologies,B2B | B2C,PRATHEESH MONEY,A
944,CODEZEP TECHNOLOGIES PRIVATE LIMITED,"Ernakulam, Kerala",https://startups.startupmission.in/startups/8KmGl,https://zep360.com/,IT/ITeS,Enterprise Applications,Web technologies | Mobile Apps | AI / ML,SaaS | B2B | Platform,DEEPU SASIKUMAR | FELIX GEORGE IRUMBEN,A
946,CODINGO PRIVATE LIMITED,"Thiruvananthapuram, Kerala",https://startups.startupmission.in/startups/0eEM0,http://www.codingo.co/,IT/ITeS,Enterprise Applications,Web technologies | Mobile Apps,B2B | SaaS | Platform,MINHAJ ABDURAHEEM E | PALLAVI DINESH | SUBHASH CHEERAKUZHIYIL,A
947,Codsair Technologies Llp,"Kozhikode, Kerala",https://startups.startupmission.in/startups/8AGWx,https://www.codsairtechnologies.com,Healthcare,Healthcare IT,Web technologies | Mobile Apps,B2B | B2C,,A
954,COFSO TECHNOLOGIES LLP,"Palakkad, Kerala",https://startups.startupmission.in/startups/0e5yj,https://cofso.in/,IT/ITeS,Mobile,Web technologies | Mobile Apps,B2C | Platform | SaaS,ANOOB ANANDAKRISHNAN | VINOOB ANANTHAKRISHNAN,A
956,COGNIOR LLP,"Alappuzha, Kerala",https://startups.startupmission.in/startups/Z9Qar,https://www.cognior.com/,IT/ITeS,Enterprise Infrastructure,AI / ML,B2B,SRINIVASAN DEEPIKA | RAVINDRAN RAKESH,A
957,COGNITA CYBERNETICS PRIVATE LIMITED,"Ernakulam, Kerala",https://startups.startupmission.in/startups/0GJGM,https://www.cognita.org.in/,IT/ITeS,Enterprise Applications,AI / ML | Cyber Security | Web technologies,SaaS | B2C | B2G,ANEESH KATTUNGAL ASHOKAN | GREESHMA,A
958,COGNITIVE APPLICATIONS PRIVATE LIMITED,"Ernakulam, Kerala",https://startups.startupmission.in/startups/8gEm0,https://comp360.biz/,IT/ITeS,Enterprise Applications,Web technologies,B2B | B2C,,A
959,COGNOSIN PRIVATE LIMITED,"Thiruvananthapuram, Kerala",https://startups.startupmission.in/startups/8K130,http://www.cognosin.com/,IT/ITeS,Consumer Apps,AI / ML | Big data,B2B,Vikram Das,A
960,COINEDONE TECHNOLOGIES PRIVATE LIMITED,"Ernakulam, Kerala",https://startups.startupmission.in/startups/ZrwN0,https://www.helpaccess.io,IT/ITeS,Enterprise Applications,Web technologies,B2B | B2C,,A
961,COLLABO DIGITAL NETWORK PRIVATE LIMITED,"Thrissur, Kerala",https://startups.startupmission.in/startups/0GO7M,https://www.shespace.in/,Education | IT/ITeS,EdTech | Enterprise Applications,Mobile Apps | AI / ML | Web technologies,Platform | SaaS,akhil j plackal | cigi george | plackal varghese jijo,A
965,COLUMBUS EDUPARK PRIVATE LIMITED,"Ernakulam, Kerala",https://startups.startupmission.in/startups/ZOmqx,https://www.columbuslearning.org/,Education,EdTech,Web technologies | Display Technology,Platform | B2C,KOZHIKKOTTUTHARAYIL ULAHANNAN | . GIJEESH CHACKO,A
966,COMBUS EDU SOLUTIONS LLP,"Malappuram, Kerala",https://startups.startupmission.in/startups/pkJGn,https://www.combus.in/,Education,EdTech,Web technologies | Mobile Apps | AI / ML,B2B | B2C | SaaS,Mohammed Mukthar E | Mushsthaque Ali Ahamed C P | Sajid M,A
968,COMFORZ TECHNOLOGIES PRIVATE LIMITED,"Ernakulam, Kerala",https://startups.startupmission.in/startups/pyjrA,https://www.comforztech.online/,IT/ITeS,Consumer Apps,Web technologies,B2C,PRINCE JOSE FRANCIS | BOBY VARGHESE | Neethu Kiran,A
969,COMPASS TECH ENTERPRISES,"Thrissur, Kerala",https://startups.startupmission.in/startups/Z3VBr,https://www.compasstech.in/,Energy | IT/ITeS | Electronics and Communication,Clean Energy | Enterprise Infrastructure | Enterprise Applications | Manufacturing | Telecom,Sustainable Construction | Internet of Things (IoT) | Security & Surveillance Technology,B2B | B2C,Madhav Krishna K | Kells Seemon | Bimal K W,A
970,COMPETITIVE CRACKER PRIVATE LIMITED,"Ernakulam, Kerala",https://startups.startupmission.in/startups/0PEop,https://competitivecracker.com/,Education,EdTech,Web technologies,B2C,Ashamol PS | Bineesh Kumar PK | Abhilash PS,A
972,COMPLY ARK SOLUTIONS PRIVATE LIMITED,"Ernakulam, Kerala",https://startups.startupmission.in/startups/pYxmQ,https://www.complyark.com/,IT/ITeS,Enterprise Applications,Web technologies | AI / ML,B2B,Navaneeth SS | Suresh KM,A
973,COMPREHEALTH TECHNOLOGIES PRIVATE LIMITED,"Ernakulam, Kerala",https://startups.startupmission.in/startups/0wXgp,https://www.comprehealth.com,Healthcare,Healthcare IT,Web technologies | Mobile Apps,B2C,,A
974,COMPUTING FREEDOM COLLECTIVE PRIVATE LIMITED,"Idukki, Kerala",https://startups.startupmission.in/startups/Z9nv0,https://cfc.net.in,IT/ITeS,Enterprise Applications,Web technologies | Geographic Information Systems,SaaS,Jithin Thankachan | Sachin Gracious,A
975,COMPUTRON SKILLSPARK PRIVATE LIMITED,"Ernakulam, Kerala",https://startups.startupmission.in/startups/8RDlB,https://computronsolutions.com/,Education,EdTech,AI / ML | Cyber Security | Internet of Things (IoT),B2B | B2C,Meena Vasudevan | SHAKIR ABDUL KHARIM,A
977,CONCEPT HUNT EDUCATION PRIVATE LIMITED,"Kollam, Kerala",https://startups.startupmission.in/startups/8RwJZ,https://www.tellaclasses.com/,Education,EdTech,Web technologies,B2C | B2B | Platform,,A
978,Concepts Map Llp,"Ernakulam, Kerala",https://startups.startupmission.in/startups/041V3,https://www.conceptsmap.com,IT/ITeS,Enterprise Applications,Web technologies,B2B | B2C,,A
980,CONECXIA ENTERPRISES LLP,"Kozhikode, Kerala",https://startups.startupmission.in/startups/Z3ea2,https://www.workwalaa.com/,IT/ITeS,Mobile,Mobile Apps,B2C,MOHAMMED NIHAL MUNDOLI | SIVADASAN NAIR SIDDHARTH | FARHAN KODITHODIKA,A
981,CONFIANZA STRUCTURES PRIVATE LIMITED,"Thiruvananthapuram, Kerala",https://startups.startupmission.in/startups/plM1o,https://confianzastr.com/,IT/ITeS,Enterprise Infrastructure,Virtual Reality (VR) | 3D Printing | Sustainable Construction,B2B,SASEENDRA KURUP VASANTHAM AJIN | Bella Bose,A
983,CONNECT INN TECHNOLOGIES PRIVATE LIMITED,"Pathanamthitta, Kerala",https://startups.startupmission.in/startups/8Krmp,https://www.connectinn.in,IT/ITeS,Consumer Apps,Web technologies,B2B | B2C,,A
986,CONNECTSTREAM (OPC) PRIVATE LIMITED,"Ernakulam, Kerala",https://startups.startupmission.in/startups/poQQz,https://connectstream.io/,IT/ITeS,Enterprise Applications,AI / ML | Web technologies,B2B | B2C | Freemium,SHAHILA K,A
987,CONNEKX PRIVATE LIMITED,"Thiruvananthapuram, Kerala",https://startups.startupmission.in/startups/8n12d,https://www.connekx.com/,IT/ITeS,Enterprise Applications,Mobile Apps,B2B | B2C,Krishnakumar Narayanan Nair | Vijayakumar Thankamany Sooraj,A
989,CONQZEN EDU TECH PRIVATE LIMITED,"Thiruvananthapuram, Kerala",https://startups.startupmission.in/startups/plnMO,https://conqzenias.com/,Education,EdTech,AI / ML | Mobile Apps,B2C,,A
990,Conroot Tech Private Limited,"Ernakulam, Kerala",https://startups.startupmission.in/startups/py69d,https://freeicons.io/,Retail | IT/ITeS,Retail | Consumer Apps | Enterprise Applications,Web technologies,B2C | Platform | B2B,,A
992,CONSOUL ASSOCIATES LLP,"Ernakulam, Kerala",https://startups.startupmission.in/startups/0GMR8,https://www.archihelp.consoulassociates.com/,IT/ITeS,Enterprise Applications,Web technologies,B2B | B2C | Platform,Roy John | NISHA K R,A
993,CONSULTCALIVE PRIVATE LIMITED,"Thiruvananthapuram, Kerala",https://startups.startupmission.in/startups/ZNka0,https://consultcalive.com,IT/ITeS,Enterprise Applications,Web technologies | AI / ML,B2B | B2C | Platform,,A
995,CONTACTOS PRIVATE LIMITED,"Ernakulam, Kerala",https://startups.startupmission.in/startups/pbVnO,https://contato.app/,IT/ITeS,Consumer Apps,Mobile Apps | Web technologies,SaaS | B2B | B2C,Abhilash Subashchandrababu | Suneeshkumar P O,A
997,CONVAI INNOVATIONS PRIVATE LIMITED,"Kasaragod, Kerala",https://startups.startupmission.in/startups/ZDwE8,https://convaiinnovations.com/,Healthcare,Healthcare IT,Virtual Reality (VR) | AI / ML | Mobile Apps,B2B,ANJALI MUKKUNNOTH | NANDAKISHOR MUKKUNNOTH | MUKKUNNOTH ARCHANA,A
998,CONVOLVE TECHNOLOGIES,"Ernakulam, Kerala",https://startups.startupmission.in/startups/Z3q2p,https://convolvetechnologies.com/,IT/ITeS,Enterprise Applications,Web technologies | Mobile Apps,B2B,Manoj C M | Bibin Bhanujan | Necer Ashraf,A
9,4CHAMPZ INNOVATIVE PRIVATE LIMITED,"Kollam, Kerala",https://startups.startupmission.in/startups/8L515,https://4champz.com/,Other,Other,Mobile Apps | AI / ML,B2B | B2C | Platform,ASHIK K | KOMALAN V,A
11,70mm Media Village LLP,"Ernakulam, Kerala",https://startups.startupmission.in/startups/Z2znV,https://70mm.xyz/,Media and Entertainment,AdTech,Mobile Apps,B2B,Ajith Kunhunni | Elayi Shibina,B
28,Aasayaa Media Soultions,"Thiruvananthapuram, Kerala",https://startups.startupmission.in/startups/ZOmmb,https://aasayaa.com/,Media and Entertainment,AdTech,Web technologies,B2B,,B
42,ABROBS PRIVATE LIMITED,"Ernakulam, Kerala",https://startups.startupmission.in/startups/ZrkNe,https://abrobs.com/,Other,Other,AI / ML | Web technologies,B2B | SaaS,alwin mathew | mini jacob m,A
50,ACCESSIBILITY HUB PRIVATE LIMITED,"Thiruvananthapuram, Kerala",https://startups.startupmission.in/startups/8KmBG,https://accessibilityhub.in/,Other,Other,Manufacturing | Sustainable Construction | AI / ML,B2G | B2B | B2C,Vinayachandran B S | Jayakumar D,B
52,ACCGUY FINANCIAL SERVICES PRIVATE LIMITED,"Kottayam, Kerala",https://startups.startupmission.in/startups/poQYx,https://www.accguy.com/,"Banking, Financial Services and Insurance",Financial Services,Web technologies,D2C | B2B | Platform,REX GEORGE | GEORGE MATHEW,B
80,ADDAY CREATIVE LLP,"Ernakulam, Kerala",https://startups.startupmission.in/startups/0w3eo,https://www.adday.in,Media and Entertainment,AdTech,Web technologies,B2B | B2G,Abilash A K | Anoop K,B
91,ADHYAYA EDUCATIONAL SOLUTIONS PRIVATE LIMITED,"Alappuzha, Kerala",https://startups.startupmission.in/startups/8q6DE,https://share.google/HG0E3C7JK6A8D8ENk,Education,EdTech,Geographic Information Systems,B2B | B2C | Platform,ABIN S,B
98,ADOWINGS PRIVATE LIMITED,"Thiruvananthapuram, Kerala",https://startups.startupmission.in/startups/Z9QWQ,https://www.adowings.com/,Media and Entertainment,AdTech,Web technologies,B2B,DEVANAM PRIYA GOPALAKRISHNAN N | DHANYA KRISHNAN KUTTY KUTTY,B
99,ADPUMB PRIVATE LIMITED,"Malappuram, Kerala",https://startups.startupmission.in/startups/pbgVY,https://adpumb.com/,Media and Entertainment,AdTech,Web technologies,B2B,,B
100,ADSFLO WORLDWIDE PRIVATE LIMITED,"Ernakulam, Kerala",https://startups.startupmission.in/startups/Z3eax,https://www.adsfloworldwide.com/,Media and Entertainment,AdTech,Web technologies,B2B,KOLANGADA SREEDEVI JAYARAM NAD | MUNDACHALI SREEDEV,B
107,ADWAYGA PRIVATE LIMITED,"Thrissur, Kerala",https://startups.startupmission.in/startups/Z1VJW,https://www.adwayga.com/,Electronics and Communication,Telecom,Web technologies | Internet of Things (IoT),B2C | B2B,Lisha C D | Abhilash M P | Maya M.S.,B
122,AESA SPORTS AND ENTERTAINMENTS PRIVATE LIMITED,"Ernakulam, Kerala",https://startups.startupmission.in/startups/8qrrv,https://www.aesasports.in,Education | Healthcare,EdTech | Fitness & Wellness,Mobile Apps | Web technologies,B2B | B2C,Ashor Joseph M A | Rishu Rajesh,B
128,AEYEGLANCE PRIVATE LIMITED,"Thiruvananthapuram, Kerala",https://startups.startupmission.in/startups/0wK1e,,Energy,Oil & Gas,AI / ML,SaaS | Freemium,Maya B S | Malu B S,A
134,AGC ENFORCEMENT SERVICES PRIVATE LIMITED,"Kozhikode, Kerala",https://startups.startupmission.in/startups/Z9Q36,http://www.globalagc.com/,Other,Other,Mobile Apps | Cyber Security | Internet of Things (IoT),B2B | D2C,AJEESH NADUVILOTTIL | SARASWATHI,A
145,AGRI ASSIST INNOVATIONS LLP,"Thiruvananthapuram, Kerala",https://startups.startupmission.in/startups/8xjGm,https://www.agriassistinnovations.com,Agriculture and Life Sciences,Agri Tech,Geographic Information Systems | Mobile Apps | Internet of Things (IoT),B2C | Platform | SaaS,GIRISH KUMAR KRISHNAN GANGADHA | RAGINI RAJAMMA,A
168,AIBAK VENTURES PRIVATE LIMITED,"Malappuram, Kerala",https://startups.startupmission.in/startups/0JNEN,https://www.aibakventures.com/,Media and Entertainment | Retail,Events | Real Estate Tech / Prop Tech,Mobile Apps | Web technologies | AI / ML,B2B | B2C | SaaS,MOHAMMED RAFEEQUE ATHIKKADAN | MUHAMMED SWALIH PARUTHIKKUNNAN,A
182,AION CREATIVE WINGS LLP,"Kollam, Kerala",https://startups.startupmission.in/startups/pkP58,https://www.aioncw.com,Media and Entertainment,Social Media,Web technologies,Freemium,,B
204,AKATSA LLP,"Kannur, Kerala",https://startups.startupmission.in/startups/Zdl4Y,https://www.akatsa.in,Retail,Real Estate Tech / Prop Tech,Mobile Apps,Platform | D2C | Marketplace,Athul K | AKSHAY SADAN V P,B
205,AKINOZ DIGITAL MEDIA LLP,"Kozhikode, Kerala",https://startups.startupmission.in/startups/8Xw1z,https://akinoz.com/,Media and Entertainment,AdTech,Mobile Apps,B2B | B2C,SOURAV SREEKUMAR | AISWARYA MT,B
227,ALGORYTHAM TECHNOLOGIES PRIVATE LIMITED,"Ernakulam, Kerala",https://startups.startupmission.in/startups/8X7P1,https://algorytham.com/,Other,Other,AI / ML | Web technologies | Mobile Apps,Platform | SaaS | B2B,AADARSH RADHAKRISHNAN | SHAMILA ASHRAF | Anagha Thekke Edoli,A
233,ALJALEEDI TRADING LLP,"Thrissur, Kerala",https://startups.startupmission.in/startups/8XwGY,https://www.aljaleedi.com,Agriculture and Life Sciences,Agri Tech,Blockchain | AI / ML | Internet of Things (IoT),B2B | B2C | Platform,SAHITHA HUMAYUN KABEER | HUMAYUN KABEER,B
240,ALLSCOPE INDIA PRIVATE LIMITED,"Ernakulam, Kerala",https://startups.startupmission.in/startups/8qrVn,,Mobility,Mobility,Internet of Things (IoT) | Mobile Apps | Web technologies,B2B | Platform | SaaS,KUNNATH VENUGOPAL WELSHAD | ARYA KALAPURAYIL JAYAPRAKASH,A
253,ALPHANEX TECHNOLOGIES LLP,"Malappuram, Kerala",https://startups.startupmission.in/startups/0GJy5,https://alphanextechnologies.com/,Other,Other,Web technologies | Big data,B2B | B2C,MOHAMED RAFEEQUE | JUBAIR KAVILA VALAPPIL,B
259,ALTIBIX CODELAB PRIVATE LIMITED,"Kollam, Kerala",https://startups.startupmission.in/startups/0Jrr6,https://www.altibix.com,Media and Entertainment,AdTech,Mobile Apps | Web technologies,Marketplace | B2B | B2C,Abhay Sundar S | Hyfa N,B
272,AMLIRE PRIVATE LIMITED,"Ernakulam, Kerala",https://startups.startupmission.in/startups/Zdlm4,https://amlire.com/,Media and Entertainment,AdTech,Web technologies | Internet of Things (IoT),B2B,AMAL C SHAJI,B
306,AONZ AI TECHNOSYS SOLUTIONS PRIVATE LIMITED,"Ernakulam, Kerala",https://startups.startupmission.in/startups/8LqM5,https://aonz.in/,Other,Other,AI / ML,B2B | SaaS,MUHAMMED ANEES VADAKKEDATH,A
315,APP INTEGRITY PRIVATE LIMITED,"Thiruvananthapuram, Kerala",https://startups.startupmission.in/startups/8n6Pa,https://appintegrity.io,Other,Other,AI / ML | Mobile Apps,B2B | SaaS,PRAJITH PRABHAKAR | ANUP RAJAN | SIVAPRAKASAM KUMAR SANJAY | Midhun Kumar,A
322,APPSTRAY PRIVATE LIMITED,"Thiruvananthapuram, Kerala",https://startups.startupmission.in/startups/0PAAW,https://www.appstray.com,Media and Entertainment,AdTech,Web technologies,B2B | B2C,,B
344,ARCHISOFT IT SOLUTIONS PRIVATE LIMITED,"Malappuram, Kerala",https://startups.startupmission.in/startups/8VGNq,https://www.archisoft.in/,Other,Other,Web technologies | AI / ML | Mobile Apps,SaaS | Marketplace | B2B,SARATH KUMAR T R | ASHIDHA PALLATH JOSHY | Arjun J chaliyath,A
366,ARTIFEX STUDIOS PRIVATE LIMITED,"Alappuzha, Kerala",https://startups.startupmission.in/startups/0POPN,https://artifexstudios.in/,Media and Entertainment,AdTech,Mobile Apps,B2B,SREEHARI HARIKUMAR | ABHIJITH AJITH | AJI SAM,B
371,ARUNRAJKARTHA PRODUCTIONS PRIVATE LIMITED,"Ernakulam, Kerala",https://startups.startupmission.in/startups/ZaOnp,https://www.arkproductions.in/,Media and Entertainment,AdTech,Web technologies,B2B,Rajmohan Kartha K G | Rajmohan Kartha Arunraj,B
410,AT BOTS,"Kottayam, Kerala",https://startups.startupmission.in/startups/Z9Be6,https://atbots.net/,Other,Other,AI / ML | Drones | Robotics,B2B | SaaS | B2G,Abi Talib,A
412,Atbott Solutions,"Ernakulam, Kerala",https://startups.startupmission.in/startups/ZrP55,https://www.atbott.co,Media and Entertainment,AdTech,Web technologies,B2B,,B
415,ATHELSTAN TECHNOLABS PRIVATE LIMITED,"Ernakulam, Kerala",https://startups.startupmission.in/startups/Z1mgK,https://athelstantechnolabs.com,Media and Entertainment,AdTech,Web technologies,B2B,George Kurian Mathew,B
429,AUDENTO DIGITAL PRIVATE LIMITED,"Ernakulam, Kerala",https://startups.startupmission.in/startups/pzyQ0,https://www.audentodigital.com,Media and Entertainment,AdTech,Web technologies,B2B,,B
432,Augmenta Innovations Private Limited,"Ernakulam, Kerala",https://startups.startupmission.in/startups/0BVyB,https://www.bookappstore.com,Education,EdTech,Augmented Reality (AR) | Virtual Reality (VR),B2B | B2C,,B
436,AURAFINA TECHNOLOGIES PRIVATE LIMITED,"Ernakulam, Kerala",https://startups.startupmission.in/startups/0wRzZ,https://www.vidzers.com/,Media and Entertainment,Social Media,Mobile Apps | Web technologies,B2B,Rajesh Sukumaran | Ajith K George,B
448,AUTOMITHRA INDIA PRIVATE LIMITED,"Palakkad, Kerala",https://startups.startupmission.in/startups/8noxZ,https://www.nationads.in/,Media and Entertainment,AdTech,Web technologies,B2B,,B
454,AVARTA IT AND DESIGN SOLUTIONS PRIVATE LIMITED,"Pathanamthitta, Kerala",https://startups.startupmission.in/startups/0JNvY,https://avarta.in,Other,Other,AI / ML | Biotechnology | Drones,B2B | Platform,Radhika Prasad | Krishna Chandran,B
474,AYALSKILL PRIVATE LIMITED,"Thrissur, Kerala",https://startups.startupmission.in/startups/plk7B,https://ayalskill.com,Other,Other,Web technologies,B2B | B2C | Marketplace,METHIL VENUGOPALAN | MUTHIRAMPARAMBIL SARALA DEVI B,B
499,BANZAN VENTURES PRIVATE LIMITED,"Ernakulam, Kerala",https://startups.startupmission.in/startups/05Ko8,https://www.banzan.co/,Media and Entertainment,Gaming,Mobile Apps | Web technologies,B2C | B2B | Platform | SaaS,Mukesh Dev,A
513,BE LITTLE THINGS LLP,"Thiruvananthapuram, Kerala",https://startups.startupmission.in/startups/ZN5v6,https://www.belittlethingscreatives.online/,Media and Entertainment,AdTech,Web technologies,B2B,MEERA MOHAN | RESMI JAMES,B
526,BEFIND SOLUTIONS PRIVATE LIMITED,"Kannur, Kerala",https://startups.startupmission.in/startups/8KmXn,https://www.fiinder.in/,Media and Entertainment,AdTech,Mobile Apps,B2B | Freemium | Marketplace,Muhammed Asharaf P,B
539,BENETIZE PRIVATE LIMITED,"Thiruvananthapuram, Kerala",https://startups.startupmission.in/startups/04Lv0,https://www.benetizegroup.com/,Healthcare,Healthcare IT,Biotechnology,B2C,,B
540,BENLOTEX PRIVATE LIMITED,"Kottayam, Kerala",https://startups.startupmission.in/startups/Zrkmx,https://benlotex.com/,Agriculture and Life Sciences | Healthcare | Climate | Education | Energy | Consumer Goods,Agri Tech | Fitness & Wellness | Climate tech | EdTech | Renewable Energy | Consumer Hardware,Sensors | Internet of Things (IoT) | AI / ML | Nanotechnology | Big data | Blockchain | Smart Home | Robotics,B2B | B2G | B2C,Femy B Varghese | Geethu Joseph,B
541,BENLYCOS PRIVATE LIMITED,"Kozhikode, Kerala",https://startups.startupmission.in/startups/0MEk0,https://www.benlycos.com,Electronics and Communication,Telecom,Web technologies | Cyber Security,B2B,KUMAR MRINAL | Sajith EK,A
544,BESTER ACADEMY STUDY IN INDIA AND ABROAD PRIVATE LIMITED,"Wayanad, Kerala",https://startups.startupmission.in/startups/04W6M,https://besterlearning.com/,Education,EdTech,Geographic Information Systems,B2C | B2B,MUHAMMAD JABIR K P | FATHIMATH NAJEEBA,B
557,BHARAT WIFI PRIVATE LIMITED,"Thiruvananthapuram, Kerala",https://startups.startupmission.in/startups/8KQ2G,https://bharatwifi.co/,Electronics and Communication,Telecom,Display Technology | AI / ML | Big data,B2B | B2G | SaaS,CHANDRA BHANU MOHAPATRA | SYAM KUMAR RAVINDRAN,A
576,BIGSLATE MEDIA SOLUTIONS PRIVATE LIMITED,"Kozhikode, Kerala",https://startups.startupmission.in/startups/pbgX3,https://www.bhavithaap@gmail.com/,Media and Entertainment,Social Media,Web technologies,B2B,BHAVITHA ACHI PILAKKOOL | SANIYO CHANDRAN SUVARNA,B
578,BILDX TECHNOLOGIES PRIVATE LIMITED,"Ernakulam, Kerala",https://startups.startupmission.in/startups/05DGn,https://www.archpro.live,Retail,Real Estate Tech / Prop Tech,AI / ML | Big data | Virtual Reality (VR),Platform | B2B | B2C,Linto Mathew | John Mathew | Neethu Babuji,A
600,BIOTA PRECISION AGRICULTURE PRIVATE LIMITED,"Thiruvananthapuram, Kerala",https://startups.startupmission.in/startups/Z2jKZ,http://www.thebiota.in,Agriculture and Life Sciences,Agri Tech,Internet of Things (IoT) | Mobile Apps | Sensors,B2B | B2G | SaaS,Kavitha B,A
606,BIRAPT MARKETING AND SOLUTIONS PRIVATE LIMITED,"Ernakulam, Kerala",https://startups.startupmission.in/startups/Z3kLZ,https://birapt.com/home,Media and Entertainment,AdTech,Web technologies,B2B,,B
607,BISAURA TECHNOLOGIES PRIVATE LIMITED,"Kannur, Kerala",https://startups.startupmission.in/startups/8LoNK,https://www.bisauratechnologies.com,Media and Entertainment,AdTech,Web technologies,B2C | B2B,SUJITH JAMES | MULLIKOTTU SANTHOSH | CHATHADI SANEESH,B
614,BIZATOM UNIVERSAL LOYALTY CARD PRIVATE LIMITED,"Malappuram, Kerala",https://startups.startupmission.in/startups/0JN4k,https://bizatom.in/,"Banking, Financial Services and Insurance",FinTech,Display Technology | Internet of Things (IoT) | Security & Surveillance Technology,B2B | B2C | D2C,ABBAS MANI PARAMBATH | SADIQALI MULANHIPPULAKKAL,B
652,BLUSTEAK MEDIA PRIVATE LIMITED,"Kottayam, Kerala",https://startups.startupmission.in/startups/ZO1op,https://blusteak.com/,Media and Entertainment,AdTech,Web technologies,B2B,Telson Thomas | Jaison Thomas,B
654,BNKHUB FINSERV PRIVATE LIMITED,"Ernakulam, Kerala",https://startups.startupmission.in/startups/ZNMwW,https://www.bankhubsolutions.com,"Banking, Financial Services and Insurance",Financial Services,Mobile Apps,B2B | Platform,ABHILASH CHANDRAN | NIMMY JOHN | KIRAN T JOSEPH,B
666,BOOFIGO ORDERING APP (OPC) PRIVATE LIMITED,"Kasaragod, Kerala",https://startups.startupmission.in/startups/ZdroQ,http://boofigo.in,Other,Other,Mobile Apps | Geographic Information Systems | Big data,B2B | D2C | B2C,KUNHIAHAMMED MUTTAM ABDUL RAHI,B
675,BOTCAST INDUSTRIES PRIVATE LIMITED,"Kozhikode, Kerala",https://startups.startupmission.in/startups/0ernP,http://botcast.in/,Media and Entertainment,AdTech,Web technologies,B2B,MUHAMMED IHSAN CP | Farsin CP,B
690,BRANDFELL TECHNOLOGIES PRIVATE LIMITED,"Thiruvananthapuram, Kerala",https://startups.startupmission.in/startups/pvor8,https://brandfell.com,Media and Entertainment | Education,AdTech | EdTech,Web technologies,B2B | B2C,,B
691,Branding Hut,"Kozhikode, Kerala",https://startups.startupmission.in/startups/07mBx,https://brandinghut.in,Media and Entertainment,AdTech,Web technologies,B2B,Nithin Sai | Vaishnav,B
700,Bridging Dots Media Solutions Private Limited,"Thiruvananthapuram, Kerala",https://startups.startupmission.in/startups/0wg5e,https://www.bridgingdots.com/,Media and Entertainment,Social Media,Web technologies,B2B,ARUN | prabodh,B
722,BUDMORE AGRO INDUSTRIES PRIVATE LIMITED,"Alappuzha, Kerala",https://startups.startupmission.in/startups/0weg8,https://budmore.com/,Agriculture and Life Sciences,Agri Tech,Internet of Things (IoT) | Mobile Apps | AI / ML,B2B | SaaS | Marketplace | Platform,Najeeb MA | Pradeep Kumar Ayappan Pilla | Anilkumar Sasi | Karthika Prasad | Syamlal Sasi,A
723,BUFFERBYTES TECHNOLOGIES PRIVATE LIMITED,"Kozhikode, Kerala",https://startups.startupmission.in/startups/ZdY5X,https://bufferbytes.io,Other,Other,AI / ML | Big data | Mobile Apps,B2B | SaaS,SABIQUE AHAMMED LAVA | SUMESH SIVAN P,A
746,BYTE7 SERVICES PRIVATE LIMITED,"Ernakulam, Kerala",https://startups.startupmission.in/startups/Z9WGm,https://byte7.in/,Media and Entertainment,Social Media,Web technologies,B2B,AJAY KANTH | SREERENJINI J,B
747,BYTEDART TECHNOLOGIES PRIVATE LIMITED,"Ernakulam, Kerala",https://startups.startupmission.in/startups/ZjG1r,https://www.bytedart.com,Media and Entertainment,AdTech,Mobile Apps | Web technologies,B2B,MERCY | ALWIN REJI,B
754,BZOLUTIONS GLOBAL PRIVATE LIMITED,"Thiruvananthapuram, Kerala",https://startups.startupmission.in/startups/8KQom,https://www.bzolutions.com/,Media and Entertainment,AdTech,Web technologies,B2B,RAJEEV KUMAR SANKARVEL | PADMAM NANDAKUMAR SINDHU,B
755,C SCHOOL OF CREATIVE STUDIES LLP,"Malappuram, Kerala",https://startups.startupmission.in/startups/pkwAz,http://thecschool.in,Education | Media and Entertainment,EdTech | AdTech,AI / ML | Web technologies | Mobile Apps,B2C | B2B,MUHAMMED SHAMSAD ELAMKUZHI | MUHAMMED HENEEN V,B
824,CEED EDU SOLUTIONS PRIVATE LIMITED,"Kasaragod, Kerala",https://startups.startupmission.in/startups/pbVKG,https://www.ceedinternational.org/,Education,EdTech,Internet of Things (IoT),B2C,SHARAFUDHEEN M K | AHAMMED HASIF CHAKKIPARAMBAN,B
838,CENTRE FOR INCLUSION STANDARDS AND PRACTICE PRIVATE LIMITED,"Idukki, Kerala",https://startups.startupmission.in/startups/0Wb2K,https://www.cispindia.com/,Other,Other,AI / ML | Big data | Internet of Things (IoT),B2B | B2C | SaaS,SHIBIN BINOY | SHINCY BINOY,A
851,CHAMS PHYGITAL MEDIA PRIVATE LIMITED,"Ernakulam, Kerala",https://startups.startupmission.in/startups/8ArYZ,https://letsplayoutdoors.in/home,Media and Entertainment,AdTech,Web technologies,B2B,,B
866,CHIRAMEL VENTURES PRIVATE LIMITED,"Ernakulam, Kerala",https://startups.startupmission.in/startups/ZNNJL,https://www.chiramelventures.com/,Media and Entertainment,AdTech,Web technologies,B2B | B2C,JOY CHIRAMEL PAUL | HENNAMARY JOSE,B
875,CIBERA DEFENCE PRIVATE LIMITED,"Thiruvananthapuram, Kerala",https://startups.startupmission.in/startups/8nVEx,https://cdc-on.in/,Other,Other,Internet of Things (IoT) | Cyber Security,B2B | D2C | B2G,Pradeep Ravi | Krishna Lal Ramchandran Nair,A
876,CINEMACLUBBY BUSINESS SOLUTIONS PRIVATE LIMITED,"Alappuzha, Kerala",https://startups.startupmission.in/startups/Z9gmp,https://www.cinemaclubby.com,Media and Entertainment,Social Media,Web technologies,B2B | B2C,,B
878,CINESENTINEL PRIVATE LIMITED,"Kollam, Kerala",https://startups.startupmission.in/startups/07XKm,https://sites.google.com/view/cinesentinel/home,Media and Entertainment,AdTech,AI / ML | Security & Surveillance Technology,B2B,VISHNU V | DEEPTHI VINODKUMAR,B
887,CIVRA TECH PRIVATE LIMITED,"Kozhikode, Kerala",https://startups.startupmission.in/startups/05Wno,https://civra.co.in/,Retail,Real Estate Tech / Prop Tech,Web technologies | Mobile Apps,SaaS,Vivek Das | Rizwin Noushad,A
892,CLAZZO INNOVATIONS LLP,"Malappuram, Kerala",https://startups.startupmission.in/startups/0JGgp,https://www.clazzo.in,Media and Entertainment,AdTech,Web technologies,B2B,,B
904,CLIMAI CLEANTECH PRIVATE LIMITED,"Thiruvananthapuram, Kerala",https://startups.startupmission.in/startups/pzgwQ,https://www.solyield.com/,Energy,Renewable Energy,AI / ML | Big data | Internet of Things (IoT),B2B | SaaS | Platform,Siva Harsh S,A
936,CODEACE IT SOLUTIONS LLP,"Kozhikode, Kerala",https://startups.startupmission.in/startups/0JW6p,https://www.codeace.com,Media and Entertainment,AdTech,Web technologies,B2B,,B
937,CODECARROTS TECHNOLOGIES LLP,"Ernakulam, Kerala",https://startups.startupmission.in/startups/0JNjy,https://codecarrots.com,Other,Other,Mobile Apps | Web technologies,B2C | B2B,MANU S | SREEKA CHANDRAN,A
948,CODX SYSTEMS,"Ernakulam, Kerala",https://startups.startupmission.in/startups/Zdr4Q,https://codxsystems.in/,Electronics and Communication,Manufacturing,Robotics | Sensors | AI / ML,B2B,Akshay Kannan | Olickal Noble Jacob | Adhithya R,B
955,COGNIFLUENZ DEEPTECH PRIVATE LIMITED,"Thiruvananthapuram, Kerala",https://startups.startupmission.in/startups/0MoDv,https://www.cognifluenz.com,Mobility,Mobility,AI / ML | Drones | Robotics,B2B | SaaS,Rajeev Kumaraswamy | Leena Leela Krishnankutty,A
967,COMFINITY TECHNOLOGIES PRIVATE LIMITED,"Palakkad, Kerala",https://startups.startupmission.in/startups/8XwYD,https://www.comfinityindia.com,Other,Other,AI / ML | Big data | Blockchain,B2B | B2C | Platform,Ajay Krishna K | Sooraj Sudevan,A
