id,company_name,location,ksum_url,website,sector,industry,technology,business_model,founders
1,2 INFINITY LOGISTICS LLP,"Alappuzha, Kerala",https://startups.startupmission.in/startups/0BwQK,https://spacetospace.in,Aerospace and Defense,Space,Manufacturing,B2B | B2C,Sandeep T S
2,24LIV ENTERTAINMENTS PRIVATE LIMITED,"Thrissur, Kerala",https://startups.startupmission.in/startups/ZNMla,https://www.24liv.in/,Media and Entertainment,Entertainment & Media,Web technologies,Platform | B2C,T Govindan Manojkumar | SHAMILA
3,2HATS LOGIC SOLUTIONS PRIVATE LIMITED,"Ernakulam, Kerala",https://startups.startupmission.in/startups/pmJe8,https://www.2hatslogic.com/,IT/ITeS,Enterprise Applications,Web technologies,B2B | SaaS,Indrajith IV | Aneesh Sreedharan
4,360MARKETING SCHOOL PRIVATE LIMITED,"Malappuram, Kerala",https://startups.startupmission.in/startups/8n66W,https://360marketing.school/,Education,EdTech,AI / ML | Mobile Apps | Web technologies,B2B | B2C,AFTHAB RAHMAN
5,369 VIRTUE,"Thrissur, Kerala",https://startups.startupmission.in/startups/pQyX6,https://369virtue.com/,Consumer Goods,Consumer Goods,Web technologies,Platform,
6,3HNTRYPZ PRIVATE LIMITED,"Ernakulam, Kerala",https://startups.startupmission.in/startups/ZD5Lw,https://www.3hntrypz.ca/,Retail,Tourism,Mobile Apps | Web technologies,B2B | B2C,Hafis Hamza
7,3VEES INTERNATIONAL PRIVATE LIMITED,"Ernakulam, Kerala",https://startups.startupmission.in/startups/Z1m75,https://3veesinternational.com,Consumer Goods,FMCG,Manufacturing,B2B,Varsha Prasanth Bose
8,42 Souls Enterprises Private Limited,"Alappuzha, Kerala",https://startups.startupmission.in/startups/Z1mbK,https://42souls.in/,Climate,Waste Management,Drones | Internet of Things (IoT) | Robotics,B2B | B2G,PARAPURAM VIJAYAN SURESH | Sai Krishna Suresh
9,4CHAMPZ INNOVATIVE PRIVATE LIMITED,"Kollam, Kerala",https://startups.startupmission.in/startups/8L515,https://4champz.com/,Other,Other,Mobile Apps | AI / ML,B2B | B2C | Platform,ASHIK K | KOMALAN V
10,60PLUS VENTURES PRIVATE LIMITED,"Ernakulam, Kerala",https://startups.startupmission.in/startups/8qPWE,http://www.seniorshive.com/,Education,EdTech,Mobile Apps,B2C | Platform,SIVAKUMARAN NAIR MADHAV | MADHAVANNAIR SUMATHY
11,70mm Media Village LLP,"Ernakulam, Kerala",https://startups.startupmission.in/startups/Z2znV,https://70mm.xyz/,Media and Entertainment,AdTech,Mobile Apps,B2B,Ajith Kunhunni | Elayi Shibina
12,A I N MED-FARM PRIVATE LIMITED,"Wayanad, Kerala",https://startups.startupmission.in/startups/Z1VWb,https://ainmedfarm.my.canva.site/a-i-n-med-farm-pvt-ltd,Education | Agriculture and Life Sciences | Healthcare,EdTech | Agri Tech | Healthcare IT | Pharma,Augmented Reality (AR) | AI / ML | Virtual Reality (VR) | Robotics | Internet of Things (IoT) | Security & Surveillance Technology | Sensors | Web technologies | Biotechnology | Nanotechnology,B2G | B2C | D2C | B2B,Cherukuri Ambica | Dr Syed ilias Basha
13,A U VENTURES LLP,"Kozhikode, Kerala",https://startups.startupmission.in/startups/0BGYv,https://www.homese.in,Retail,Retail,AI / ML | Web technologies | Drones,Marketplace | B2C | Platform,FADIYA MOORIYATARAKAL | JABID DENY
14,A V W GLOBAL TRANSPORTS AND LOGISTICS LLP,"Ernakulam, Kerala",https://startups.startupmission.in/startups/0JNQe,https://avwlogistics.com/,Mobility,Logisitics & Transport,Web technologies | Internet of Things (IoT),B2B | B2C | SaaS,ADITHYA VARMA
15,A&J Creative Solutions,"Wayanad, Kerala",https://startups.startupmission.in/startups/0JRGy,https://www.aandjcreativesolutions.com,IT/ITeS,Enterprise Applications,Mobile Apps | AI / ML,B2C | Freemium,Ansar Thajudeen | K.J.Jithesh
16,A2Z ALPHABETSOLUTIONZ PRIVATE LIMITED,"Thiruvananthapuram, Kerala",https://startups.startupmission.in/startups/py61O,https://a2zalphabetsolutionz.com/,IT/ITeS,Enterprise Infrastructure,Web technologies | Mobile Apps,B2B,SHAFIK SAHIB MEERA | NIDHU SHAHEED SHAREEFA
17,A4 MERCANTILES PRIVATE LIMITED,"Ernakulam, Kerala",https://startups.startupmission.in/startups/ZjGjx,https://aakri.in/,Climate,Waste Management,Mobile Apps | Web technologies,B2G | B2B | B2C,Laxmi Panicker | Santha
18,AA AGRO BHARAT PRIVATE LIMITED,"Alappuzha, Kerala",https://startups.startupmission.in/startups/8glm1,https://www.aa-agrobharat.com,Food processing,Food & Food Tech,Manufacturing,B2C,SREENARAYANAN SREERAJ | ADITYA MANGLA
19,AAA SOFTWARE SOLUTION PRIVATE LIMITED,"Thiruvananthapuram, Kerala",https://startups.startupmission.in/startups/8R5jp,https://aaasoftwaresolution.com/,IT/ITeS,Enterprise Applications,Web technologies,B2B,
20,AAKRI IMPACT PRIVATE LIMITED,"Ernakulam, Kerala",https://startups.startupmission.in/startups/8xjaQ,https://aakri.in/,Climate,Waste Management,Mobile Apps,B2C | B2B | SaaS,Charish K Pal | BALRAJ | LAXMI RAMACHANDRA PANICKER | CHANDRASEKHARAN GOPI
21,AALMAAV VENTURES PRIVATE LIMITED,"Ernakulam, Kerala",https://startups.startupmission.in/startups/plnRO,https://www.adamsdoc.in/,Healthcare,Healthcare IT,AI / ML | Big data | Mobile Apps,B2C | Marketplace | Platform,ANSON JOSEPH | AIVIN ALEX PHILIP
22,AAM HEALTH NEEDS PRIVATE LIMITED,"Thrissur, Kerala",https://startups.startupmission.in/startups/ZNNnN,https://www.aamhealth.com/,Healthcare,Healthcare IT,Internet of Things (IoT) | AI / ML | Mobile Apps,Platform | B2C | Freemium,Hafid Haneefa
23,AARADHYADECOR PRIVATE LIMITED,"Ernakulam, Kerala",https://startups.startupmission.in/startups/0wgnz,https://www.aaradhyadecor.in,Retail,Real Estate Tech / Prop Tech,Manufacturing,B2C | B2B,
24,AARAFLOW PRIVATE LIMITED,"Thiruvananthapuram, Kerala",https://startups.startupmission.in/startups/pyjAg,https://www.aaraflow.com/,IT/ITeS,Enterprise Applications,Web technologies | AI / ML,B2C | B2B,Partha Sankar R P S | Gowtham T P
25,AARANDALE TECH SOLUTIONS PRIVATE LIMITED,"Thiruvananthapuram, Kerala",https://startups.startupmission.in/startups/Z1m4V,https://aarandaletech.com/,Retail,Retail,Web technologies,B2B | B2C | Marketplace,
26,AARIV TOYS PRIVATE LIMITED,"Ernakulam, Kerala",https://startups.startupmission.in/startups/ZEe9v,https://aarivtoys.in/,Consumer Goods,Consumer Goods,Manufacturing | Internet of Things (IoT) | Web technologies,D2C | B2C,MANU MATHEW
27,AAROHA ENGINEERS PRIVATE LIMITED,"Malappuram, Kerala",https://startups.startupmission.in/startups/8n6QL,https://www.ovavee.com/#/,Electronics and Communication,Manufacturing,Manufacturing,B2C,ARUN MURALI | Muraleedharan
28,Aasayaa Media Soultions,"Thiruvananthapuram, Kerala",https://startups.startupmission.in/startups/ZOmmb,https://aasayaa.com/,Media and Entertainment,AdTech,Web technologies,B2B,
29,AASK EDUTECH PRIVATE LIMITED,"Ernakulam, Kerala",https://startups.startupmission.in/startups/0w1G8,https://aask.training,Education,EdTech,Web technologies,B2B | B2C,
30,AASTHA AHAM BUILDERS LLP,"Thiruvananthapuram, Kerala",https://startups.startupmission.in/startups/0Mo2N,https://www.aastha-ahambuilders.com/,Construction,Architecture,Sustainable Construction | Smart Home,B2C | B2G | B2B,Sarath Chandran C P | Amal Sisruthan
31,AAYACARE PRIVATE LIMITED,"Malappuram, Kerala",https://startups.startupmission.in/startups/pzgWV,https://aayacare.com,Healthcare,Healthcare IT,Mobile Apps,B2C | Platform,VAISHNAV CHEMBAKAN | ARUN SATHYAN
32,ABACI TECHNOLOGIES PRIVATE LIMITED,"Kozhikode, Kerala",https://startups.startupmission.in/startups/8Xkkm,http://www.abacitechs.com/index.php,Energy,Renewable Energy,Internet of Things (IoT) | Semiconductors | Sensors,B2B | B2C,
33,ABEATHA VENTURES PRIVATE LIMITED,"Ernakulam, Kerala",https://startups.startupmission.in/startups/04W1x,https://opadrink.com/,Consumer Goods,FMCG,Manufacturing,B2C | D2C,K G Ninan
34,ABHIRAM ENGINEERING WORKS PRIVATE LIMITED,"Kottayam, Kerala",https://startups.startupmission.in/startups/Z3WPd,https://abhiramengineering.com/,Construction,Architecture,Sustainable Construction,B2B | B2C,AJILAL KIDANGIL SANTHAKUMARI | REMYA MOL ER
35,ABHRAM TECHNOLOGIES PRIVATE LIMITED,"Ernakulam, Kerala",https://startups.startupmission.in/startups/8AQWj,https://www.abhram.com,Aerospace and Defense | Healthcare | Electronics and Communication,Military | Medical Devices | Manufacturing,Drones | Internet of Things (IoT) | AI / ML | Sensors | Big data,B2B | B2C | D2C | Platform | B2G,ELDO GEORGE
36,ABIBIN ACADEMY LLP,"Kozhikode, Kerala",https://startups.startupmission.in/startups/Z1VoA,https://www.abibinacademy.com,IT/ITeS,Enterprise Applications,AI / ML | Big data | Web technologies,D2C | B2B | Freemium,THALAKKALA VALAPPIL JASNA | SNEJA BINOY
37,ABIX GLOBAL PRIVATE LIMITED,"Kozhikode, Kerala",https://startups.startupmission.in/startups/Zrg90,https://www.medq.app,Healthcare,Healthcare IT,Web technologies | Mobile Apps,B2C | B2B,SHAMNA K | ADISH CHAKYERY
38,ABIZEN NUTRITION PRIVATE LIMITED,"Kannur, Kerala",https://startups.startupmission.in/startups/04lmL,https://kyeal.in/,Healthcare,Fitness & Wellness,Biotechnology | Web technologies | AI / ML | Manufacturing,B2B | B2C,Adnan Muhammed
39,ABLECURE HEALTHCARE PRIVATE LIMITED,"Malappuram, Kerala",https://startups.startupmission.in/startups/Z1WAp,https://www.ablecure.com,Healthcare,Fitness & Wellness,Web technologies,B2C,
40,ABRINALDRICH AGRONIC PRODUCTS PRIVATE LIMITED,"Ernakulam, Kerala",https://startups.startupmission.in/startups/Z1mBN,https://www.abrinaldrich.com/,Agriculture and Life Sciences,Agri Tech,Biotechnology | Manufacturing,B2B | B2C,Joby Mattathil Johnson
41,ABROADANGELS CONSULTANCY PRIVATE LIMITED,"Kannur, Kerala",https://startups.startupmission.in/startups/0BwEw,https://abroadangels.com/,Other,Other,Web technologies,B2B | B2G | D2C,NAMBIAMADATHIL VARGHESE THOMAS | JIBIN THOMAS | JINS THOMAS
42,ABROBS PRIVATE LIMITED,"Ernakulam, Kerala",https://startups.startupmission.in/startups/ZrkNe,https://abrobs.com/,Other,Other,AI / ML | Web technologies,B2B | SaaS,alwin mathew | mini jacob m
43,ABSECO INTERNATIONAL PRIVATE LIMITED,"Malappuram, Kerala",https://startups.startupmission.in/startups/ZjPrp,https://www.abseco.in,Consumer Goods,Consumer Electronics,Smart Home,B2C | B2B | SaaS,MOHAMMED ABDU RAHMAN N
44,ABSOLUTE MIND PRIVATE LIMITED,"Kozhikode, Kerala",https://startups.startupmission.in/startups/8grAp,http://mindgurulive.com/,Healthcare,Healthcare IT,Mobile Apps | Web technologies,B2C,
45,ABZ OMADA,"Kannur, Kerala",https://startups.startupmission.in/startups/0Jvk0,https://www.ABZOMADA.com/,Consumer Goods,Consumer Goods,Manufacturing,B2B,
46,ACADEMY OF MEDIA AND DESIGN LLP,"Palakkad, Kerala",https://startups.startupmission.in/startups/8q4Bp,https://www.amd.edu.in,Education,EdTech,Web technologies,B2C,
47,ACCELMOVE DYNAMICS PRIVATE LIMITED,"Thiruvananthapuram, Kerala",https://startups.startupmission.in/startups/ZEElZ,https://accelmove.com/,Education,EdTech,Robotics | Web technologies,B2C,
48,ACCENDON TECHNOLOGIES PRIVATE LIMITED,"Ernakulam, Kerala",https://startups.startupmission.in/startups/pynv8,http://accendon.com/wellness,Healthcare,Healthcare IT,Mobile Apps | AI / ML | Big data,B2B | D2C,Renjith PR | DIVYA J
49,ACCESS HOME LAB SOLUTIONS LLP,"Thrissur, Kerala",https://startups.startupmission.in/startups/p6rrV,https://www.accesslabz.com/,Healthcare,Healthcare IT,Web technologies,B2C,Dr. John Paul | Dr. Fazil Abubakar
50,ACCESSIBILITY HUB PRIVATE LIMITED,"Thiruvananthapuram, Kerala",https://startups.startupmission.in/startups/8KmBG,https://accessibilityhub.in/,Other,Other,Manufacturing | Sustainable Construction | AI / ML,B2G | B2B | B2C,Vinayachandran B S | Jayakumar D
51,ACCEVION PRIVATE LIMITED,"Kozhikode, Kerala",https://startups.startupmission.in/startups/pm3D1,https://accevion.com/,IT/ITeS,Enterprise Applications,Internet of Things (IoT) | Mobile Apps | Web technologies,B2C | B2B | SaaS,JIMNA CHULLIYIL | ASWIN LAL CHAITHRAM
52,ACCGUY FINANCIAL SERVICES PRIVATE LIMITED,"Kottayam, Kerala",https://startups.startupmission.in/startups/poQYx,https://www.accguy.com/,"Banking, Financial Services and Insurance",Financial Services,Web technologies,D2C | B2B | Platform,REX GEORGE | GEORGE MATHEW
53,ACCOENG CONSULTANTS PRIVATE LIMITED,"Ernakulam, Kerala",https://startups.startupmission.in/startups/py6mE,https://www.accoladec.com/index.html,Construction,Architecture,Display Technology,B2B,AKASH HARIKUMAR | SURESH KUMAR SUBRAMANIAM THARAKAR
54,ACCOVET INFOTECH PRIVATE LIMITED,"Thiruvananthapuram, Kerala",https://startups.startupmission.in/startups/Z3OxZ,https://www.accovet.com/,IT/ITeS,Consumer Apps,Web technologies,B2C | B2B | Marketplace,Arundas | Remya Rema | Ambu Senan
55,ACCU WORX INDIA LLP,"Kozhikode, Kerala",https://startups.startupmission.in/startups/pmBDo,https://accuworxindia.my.canva.site,Construction,Construction,Manufacturing,B2C,SUNIL KUMAR OORALATH | RASMI NAIR
56,Accubits Invent Private Limited,"Thiruvananthapuram, Kerala",https://startups.startupmission.in/startups/0GOMG,https://ainvent.org/,Healthcare,Medical Devices,Biotechnology | Sensors,B2C | B2B,Nidhin Sreekumar
57,ACCUCERTS TECHNOLOGIES PRIVATE LIMITED,"Thiruvananthapuram, Kerala",https://startups.startupmission.in/startups/0W7l0,https://accucerts.io/,IT/ITeS,Enterprise Applications,Blockchain | Web technologies,B2B | B2C | Platform,
58,ACCURANT ENGINEERS AND CONSULTANTS PRIVATE LIMITED,"Ernakulam, Kerala",https://startups.startupmission.in/startups/Za2xJ,https://www.accurantconsultancy.com,Construction,Construction,Manufacturing,B2B,
59,ACETROOP CREATIONS LLP,"Ernakulam, Kerala",https://startups.startupmission.in/startups/pzQY0,https://www.smartsixer.com,Education,EdTech,Web technologies,B2C,
60,ACEWARE FINTECH SERVICES PRIVATE LIMITED,"Ernakulam, Kerala",https://startups.startupmission.in/startups/ZdX4Z,https://www.acemoney.com,"Banking, Financial Services and Insurance",FinTech,Web technologies | AI / ML | Cyber Security,B2B | B2C | B2G,Nimisha J Vadakkan | Jubin J Kurichiyil
61,ACHYUTH VEDIC AND NATURALS PRIVATE LIMITED,"Thrissur, Kerala",https://startups.startupmission.in/startups/ZEeA2,https://achyuthvedicnaturals.com/,Retail,Retail,Manufacturing,B2C | Marketplace,Pushpavally
62,Acmaey Accounting Solutions Private Limited,"Thiruvananthapuram, Kerala",https://startups.startupmission.in/startups/p6rgE,https://accotick.com/,"Banking, Financial Services and Insurance",FinTech,Web technologies | Mobile Apps,SaaS,REJEESH KUMAR T
63,ACODEZ EDUCATIONAL & CONSULTING SOLUTIONS PRIVATE LIMITED,"Kozhikode, Kerala",https://startups.startupmission.in/startups/0e5vG,https://avivdigital.in/,Education,EdTech,Web technologies,B2C,Rithesh N | John Paul Manjaly | Vipin Kumar Nayar
64,ACOLYTE HEALTH CARE LLP,"Kozhikode, Kerala",https://startups.startupmission.in/startups/pQOqX,http://www.acolytehealthcare.com,Healthcare,Fitness & Wellness,Web technologies,B2C | D2C,JOSHI | NISHIDA
65,Acowale Technologies Private Limited,"Idukki, Kerala",https://startups.startupmission.in/startups/041bv,https://www.acowale.com,IT/ITeS | Retail,Enterprise Applications | Retail,AI / ML | Web technologies | Big data,B2B | SaaS | Freemium | B2C | Platform | Marketplace,Crisbin Joseph Mathew
66,ACQODIS TECHNOLOGIES LLP,"Ernakulam, Kerala",https://startups.startupmission.in/startups/ZrkGE,https://www.acqodis.com,IT/ITeS,Enterprise Applications,Web technologies,B2B,BINOLIN PHILIP | NITHEESH GEORGE
67,ACTAI TECHNOLOGIES PRIVATE LIMITED,"Malappuram, Kerala",https://startups.startupmission.in/startups/0MJdV,https://actaitech.com/,IT/ITeS,Enterprise Applications,Web technologies | Mobile Apps | AI / ML,B2B,JAMSHIDA K | ANWAR SADATH
68,ACTION2 CASTMEE PRIVATE LIMITED,"Malappuram, Kerala",https://startups.startupmission.in/startups/pQBx8,https://www.castmee.org,Media and Entertainment,Entertainment & Media,Web technologies,B2B,
69,ACTIONCLUB,"Thrissur, Kerala",https://startups.startupmission.in/startups/ZEmj2,https://actionclubapp.com,IT/ITeS,Consumer Apps,Mobile Apps,Marketplace,Jovish Jose | Rini Joseph
70,ACTIVELOGICA LIFESCIENCE INNOVATIONS PRIVATE LIMITED,"Ernakulam, Kerala",https://startups.startupmission.in/startups/8AWl0,https://www.activelogica.com,Healthcare,Healthcare IT,Web technologies | Mobile Apps,B2B,Jayan Jacob Meledom
71,ACTNOW GLOBAL BUSINESS SOLUTIONS PRIVATELIMITED,"Kottayam, Kerala",https://startups.startupmission.in/startups/0MNbp,https://actnowgbs.com/,Retail,Retail,Big data,B2B,Mahesh R Namboothiri | Krishna Prasad N | Karthik Sreedharan
72,ACUTE ENDEAVORS PRIVATE LIMITED,"Ernakulam, Kerala",https://startups.startupmission.in/startups/pYgRA,https://acutendeavors.com/,Energy,Energy Generation and Distribution,Mobile Apps,B2C | B2B,THUMBOLI MADAVI ADITHYA VISHNU | AFSAL EDATHIL
73,ACUTRO TECHNOLOGIES PRIVATE LIMITED,"Thiruvananthapuram, Kerala",https://startups.startupmission.in/startups/0WNQZ,https://www.acutrotech.com,Mobility,Logisitics & Transport,Internet of Things (IoT) | Sensors,B2B,
74,AD HOC HEALTHCARE SUPPLY AND SERVICES PRIVATE LIMITED,"Kottayam, Kerala",https://startups.startupmission.in/startups/8gAA0,http://www.adhochealthcare.com/,Healthcare,Healthcare IT,Mobile Apps,B2C | B2B,
75,ADAAR VFX PRIVATE LIMITED,"Thiruvananthapuram, Kerala",https://startups.startupmission.in/startups/8xzm0,https://www.adaarvfx.com,Media and Entertainment,Animation & Graphics,Web technologies,B2B,
76,ADAM MUSHROOMS PRIVATE LIMITED,"Thrissur, Kerala",https://startups.startupmission.in/startups/8VDN5,https://www.growthefunguy.com,Agriculture and Life Sciences,Agri Tech,Biotechnology,B2C,Adam | Raeesa Manaal
77,ADAPTA VENTURES (OPC) PRIVATE LIMITED,"Ernakulam, Kerala",https://startups.startupmission.in/startups/Zj3VQ,https://lumiara.in/,Retail,Retail,3D Printing | Augmented Reality (AR),D2C,Subha Menon K S
78,ADAPTCRETE PRIVATE LIMITED,"Palakkad, Kerala",https://startups.startupmission.in/startups/ZD54a,https://www.adaptcrete.com/,Construction,Construction,AI / ML | Manufacturing | Robotics,B2C | B2B,Ajmal Kunhu Muhammed | Kandamkulangara Haneefa Raihan
79,ADARZA SYSTEMS PRIVATE LIMITED,"Thrissur, Kerala",https://startups.startupmission.in/startups/ZrOw0,https://WWW.Adarzasystems.in,Mobility,Logisitics & Transport,Security & Surveillance Technology,B2B | Platform,
80,ADDAY CREATIVE LLP,"Ernakulam, Kerala",https://startups.startupmission.in/startups/0w3eo,https://www.adday.in,Media and Entertainment,AdTech,Web technologies,B2B | B2G,Abilash A K | Anoop K
81,ADDMIGO PRIVATE LIMITED,"Wayanad, Kerala",https://startups.startupmission.in/startups/0417L,https://addmigo.com/,Education,EdTech,Mobile Apps | Web technologies | AI / ML,Platform,ATHUL PARAKKUNNATH | MUHAMMED SHAHEER KAVUNGAL
82,ADDONEZ MARKETPLACE LLP,"Ernakulam, Kerala",https://startups.startupmission.in/startups/Z9Qbr,https://addonez.com/,IT/ITeS,Enterprise Infrastructure,Web technologies | AI / ML | Blockchain,B2B | B2C | B2G,SHIBU DANIEL | SIVARAMAN SHEELA DEVI
83,ADDUS DYNAMICS LLP,"Ernakulam, Kerala",https://startups.startupmission.in/startups/ZDxE2,https://addus-three.vercel.app/,IT/ITeS,Enterprise Infrastructure,AI / ML | Mobile Apps | Web technologies,SaaS | Platform | Marketplace,MOHAMMED JIYADH KP | SAJAN SUNNY
84,ADEXORB TECHNOLOGIES PRIVATE LIMITED,"Pathanamthitta, Kerala",https://startups.startupmission.in/startups/ZdYkX,https://adexorb.com,IT/ITeS,Enterprise Applications,AI / ML | Web technologies,SaaS,Prasanth G Kumar | P K Gopinathan
85,ADHI VEDA PHARMACEUTICAL PRIVATE LIMITED,"Ernakulam, Kerala",https://startups.startupmission.in/startups/0e5Qj,http://www.adhimeds.com/,IT/ITeS,Consumer Apps,Mobile Apps | Web technologies,B2C | Marketplace | Platform,ANOOP G A | RESHMA HAREENDRAN
86,ADHINIDHI NUTRIMENT PRODUCTS PRIVATE LIMITED,"Palakkad, Kerala",https://startups.startupmission.in/startups/0PAXq,http://www.adhinidhi.com/,Retail,Retail,Manufacturing,B2C,
87,ADHIPOOLS PRIVATE LIMITED,"Ernakulam, Kerala",https://startups.startupmission.in/startups/pQyRG,https://www.adhipools.com/,Construction,Construction,Sustainable Construction,B2C,
88,ADHISHT TECHNOLOGIES PRIVATE LIMITED,"Ernakulam, Kerala",https://startups.startupmission.in/startups/05B1R,https://adhisht.com/,Climate,Waste Management,Manufacturing | Nanotechnology,B2B | B2C | B2G,Shankar M | Bijumon B T
89,Adhoc Global Connect Private Limited,"Kollam, Kerala",https://startups.startupmission.in/startups/pbg9m,https://www.linkedin.com/in/adhoc-global-connect-b1082925b/,Retail,Retail,Web technologies,B2C | Marketplace,ASHIK AZAD | ASIF AYOOB | GOKUL MOHAN
90,ADHWAITHA WEB CONSULTANCY SERVICES PRIVATE LIMITED,"Thrissur, Kerala",https://startups.startupmission.in/startups/pvmx0,https://www.adhwaitha.com/,IT/ITeS,Mobile,Mobile Apps | Web technologies,B2C,
91,ADHYAYA EDUCATIONAL SOLUTIONS PRIVATE LIMITED,"Alappuzha, Kerala",https://startups.startupmission.in/startups/8q6DE,https://share.google/HG0E3C7JK6A8D8ENk,Education,EdTech,Geographic Information Systems,B2B | B2C | Platform,ABIN S
92,ADIDHI HOSPITALITY SOLUTIONS PRIVATE LIMITED,"Kannur, Kerala",https://startups.startupmission.in/startups/Zdav0,https://www.adidhi.com,IT/ITeS,Enterprise Applications,Web technologies,B2B | B2C | Platform,
93,ADITYARASHMI EXPORTS AND LOGISTICS PRIVATE LIMITED,"Ernakulam, Kerala",https://startups.startupmission.in/startups/07mVG,https://www.stonedenatural.com,Retail,Retail,Web technologies,Marketplace | B2B,
94,ADIVINAR CATALYST IT SOLUTIONS LLP,"Ernakulam, Kerala",https://startups.startupmission.in/startups/8xrRb,https://adivinartec.com/,IT/ITeS,Enterprise Applications,AI / ML,B2B,SUNITHA SHAJAHAN SHAHABAS | EBIN BABUJI
95,ADMAR VENTURES (OPC) PRIVATE LIMITED,"Kozhikode, Kerala",https://startups.startupmission.in/startups/0JRvN,https://edguide.co.in/,Education,EdTech,Web technologies | Augmented Reality (AR),B2C,Niyas K.V
96,ADMAREN TECH PRIVATE LIMITED,"Ernakulam, Kerala",https://startups.startupmission.in/startups/pz6qp,https://www.admaren.com/,Mobility,Logisitics & Transport,Web technologies,B2B,
97,ADME SOLUTIONS LLP,"Kozhikode, Kerala",https://startups.startupmission.in/startups/Zakxp,https://www.admeshopy.com/,Retail,Retail,Web technologies,B2C | B2B,
98,ADOWINGS PRIVATE LIMITED,"Thiruvananthapuram, Kerala",https://startups.startupmission.in/startups/Z9QWQ,https://www.adowings.com/,Media and Entertainment,AdTech,Web technologies,B2B,DEVANAM PRIYA GOPALAKRISHNAN N | DHANYA KRISHNAN KUTTY KUTTY
99,ADPUMB PRIVATE LIMITED,"Malappuram, Kerala",https://startups.startupmission.in/startups/pbgVY,https://adpumb.com/,Media and Entertainment,AdTech,Web technologies,B2B,
100,ADSFLO WORLDWIDE PRIVATE LIMITED,"Ernakulam, Kerala",https://startups.startupmission.in/startups/Z3eax,https://www.adsfloworldwide.com/,Media and Entertainment,AdTech,Web technologies,B2B,KOLANGADA SREEDEVI JAYARAM NAD | MUNDACHALI SREEDEV
101,ADSTORY COMMUNICATIONS,"Thrissur, Kerala",https://startups.startupmission.in/startups/Zrjkw,https://www.adstory.in/,IT/ITeS,Enterprise Applications,AI / ML | Web technologies,B2B | B2C,ROHITH N L | Krishnaprasad PP
102,ADSUM CONSULTANCY PRIVATE LIMITED,"Ernakulam, Kerala",https://startups.startupmission.in/startups/8KK38,https://www.graduator.org/,Education,EdTech,Web technologies,B2C,ASHAD VALAPPIL EKKOORATH | ANSHID | ASHIQ PERINCHERY MUHAMMED
103,Advaiga Creations Private Limited,"Kannur, Kerala",https://startups.startupmission.in/startups/8RNNG,https://advaiga.com/,Retail,Retail,Manufacturing,B2C,
104,ADVANCED BUSINESS SERVICE FORCE PRIVATE LIMITED,"Ernakulam, Kerala",https://startups.startupmission.in/startups/07X2x,https://www.absforce.in/,Other,Other,Security & Surveillance Technology,B2B,ANOOP S | SIVANKUNJU K
105,ADVONIT TECHNOLOGIES PRIVATE LIMITED,"Ernakulam, Kerala",https://startups.startupmission.in/startups/Z9BbQ,https://advonit.com/,IT/ITeS,Enterprise Applications,Web technologies | Mobile Apps,B2B | SaaS,JOHN THOMAS VECHURATH | MANZOOR ALI KALIPARAMBIL ALI
106,ADWAITHAM ENGICRAFT PRIVATE LIMITED,"Thiruvananthapuram, Kerala",https://startups.startupmission.in/startups/pvDOy,https://adwaithamec.in/,Construction,Construction,Sustainable Construction,B2B | B2C,Adwaith Noothan Ashok | P Asok Kumar
107,ADWAYGA PRIVATE LIMITED,"Thrissur, Kerala",https://startups.startupmission.in/startups/Z1VJW,https://www.adwayga.com/,Electronics and Communication,Telecom,Web technologies | Internet of Things (IoT),B2C | B2B,Lisha C D | Abhilash M P | Maya M.S.
108,ADZIS SOFTWARE PRIVATE LIMITED,"Thiruvananthapuram, Kerala",https://startups.startupmission.in/startups/0eBGp,https://adzis.com,IT/ITeS,Consumer Apps,Web technologies | AI / ML,B2B | B2C | Platform,
109,ADZITO INTERNATIONAL PRIVATE LIMITED,"Malappuram, Kerala",https://startups.startupmission.in/startups/0GJk5,https://adzito.in/,Construction,Architecture,Manufacturing,B2B | B2C,LABEEB SINAN P A | ABDUL AZEES P A
110,Aegous Healthcare Private Limited,"Wayanad, Kerala",https://startups.startupmission.in/startups/pvVDY,https://www.aegous.in,Healthcare,Healthcare IT,Web technologies,B2B | B2C,
111,AEIOU EDU INNOVATIONS PRIVATE LIMITED,"Ernakulam, Kerala",https://startups.startupmission.in/startups/04A2p,https://www.myindianyoga.com,Education,EdTech,Web technologies,B2C,
112,AELVYNOR LLP,"Kottayam, Kerala",https://startups.startupmission.in/startups/pkJ3L,https://www.aelvynor.com/,Construction | Mobility | Agriculture and Life Sciences,Architecture | Logisitics & Transport | Agri Tech,Sustainable Construction | AI / ML | Sensors | Internet of Things (IoT) | Robotics | Manufacturing,B2B | B2C | B2G | D2C,Dhanush Gireesh | Deva Nanda S | Aryananda Ashok | Benoni K Binoy
113,Aerobits Biotech Private Limited,"Ernakulam, Kerala",https://startups.startupmission.in/startups/07m7x,https://aerobits.in/biotech,Healthcare,Healthcare IT | Assistive Tech,Mobile Apps | Manufacturing | Robotics,B2C | B2B,
114,AEROBITS DEVELOPERS PRIVATE LIMITED,"Ernakulam, Kerala",https://startups.startupmission.in/startups/Zj7B0,http://aerobits.in/,Media and Entertainment,Events,Web technologies | Virtual Reality (VR),B2B,Paul Baiju | N. Ananthakrishnan Potti
115,AEROBIX ACTIVE PRIVATE LIMITED,"Malappuram, Kerala",https://startups.startupmission.in/startups/0JRJk,http://aerobix.in/,Healthcare,Healthcare IT,Mobile Apps | Web technologies,B2C | Platform,MUHAMMAD FAVAS M
116,AEROBOTICS INNOVATION PRIVATE LIMITED,"Kollam, Kerala",https://startups.startupmission.in/startups/pzO4B,https://www.linkedin.com/company/aerobotics-innovation-private-limited/,Aerospace and Defense,Military | Space,Drones | Manufacturing,B2G | B2C | B2B,Sooraj Krishna
117,AEROKINESIS PRIVATE LIMITED,"Ernakulam, Kerala",https://startups.startupmission.in/startups/pzgbq,https://www.instagram.com/p/CuDc9KaSw5_/?utm_source=ig_web_copy_link&igshid=MzRlODBiNWFlZA==,Consumer Goods,Consumer Electronics,Manufacturing | Mobile Apps,B2B | B2G,Sujata Elizabeth Isaac | JACOB GEORGE
118,AEROLINK ELECTRONICS PRIVATE LIMITED,"Malappuram, Kerala",https://startups.startupmission.in/startups/0WxAQ,https://aerolinkelectronics.in,Consumer Goods,Consumer Electronics,Internet of Things (IoT) | Smart Home | Mobile Apps,B2B | B2C,Sreejith P | Linaik Littu C
119,AEROMAN TECHNOLOGIES PRIVATE LIMITED,"Thrissur, Kerala",https://startups.startupmission.in/startups/pm31k,https://www.aerolab.in/,Education,EdTech,Robotics | Internet of Things (IoT) | AI / ML,D2C | B2C,SANAL KUMAR PULPARAMBIL
120,AEROSEA LOGISTICS SOLUTIONS PRIVATE LIMITED,"Alappuzha, Kerala",https://startups.startupmission.in/startups/0erPj,https://www.aerosealogistics.co.in,Mobility,Logisitics & Transport,AI / ML | Augmented Reality (AR) | Robotics,B2B | B2C | SaaS,Haris Naina | FATHIMA YASMIN HARIS
121,AEROVANTIX SYSTEMS PRIVATE LIMITED,"Kottayam, Kerala",https://startups.startupmission.in/startups/8Kmzm,,IT/ITeS | Aerospace and Defense,Enterprise Infrastructure | Space,AI / ML | Drones | Internet of Things (IoT),B2B | B2C,CHINNU C RAJ | ARJUN C RAJ
122,AESA SPORTS AND ENTERTAINMENTS PRIVATE LIMITED,"Ernakulam, Kerala",https://startups.startupmission.in/startups/8qrrv,https://www.aesasports.in,Education | Healthcare,EdTech | Fitness & Wellness,Mobile Apps | Web technologies,B2B | B2C,Ashor Joseph M A | Rishu Rajesh
123,AESSTECH KITCHEN EQUIPMENTS PRIVATE LIMITED,"Thiruvananthapuram, Kerala",https://startups.startupmission.in/startups/8xRq0,https://www.aesstech.com,Consumer Goods,Consumer Goods,Manufacturing,B2C,
124,Aesthete Decor LLP,"Ernakulam, Kerala",https://startups.startupmission.in/startups/8qPYE,https://www.instagram.com/aesthetedecor/,Media and Entertainment,Events,Manufacturing | Web technologies,B2B | B2C,Rinie Rajan Mathews | Susan Jose
125,AETH ANALYTICA PRIVATE LIMITED,"Kozhikode, Kerala",https://startups.startupmission.in/startups/Q0B3p,https://aethanalytica.com/,IT/ITeS,Enterprise Applications,Mobile Apps | Web technologies,B2B,HARIKUMAR KATHIYATIL THEKKAYIL | NANCY VARGHESE
126,Aev Learning Solutions Private Limited,"Thrissur, Kerala",https://startups.startupmission.in/startups/pzgmD,https://www.aevlearning.com,Education,EdTech,Web technologies,B2C,
127,AEXTA FUTURE MOBILITY PRIVATE LIMITED,"Ernakulam, Kerala",https://startups.startupmission.in/startups/pmAmq,,Mobility,Auto,Manufacturing,B2C | B2B,Ajin ghosh | Gopinathan VA
128,AEYEGLANCE PRIVATE LIMITED,"Thiruvananthapuram, Kerala",https://startups.startupmission.in/startups/0wK1e,,Energy,Oil & Gas,AI / ML,SaaS | Freemium,Maya B S | Malu B S
129,Afath Technologies Private Limited,"Thrissur, Kerala",https://startups.startupmission.in/startups/Z1mrb,https://afath.com,IT/ITeS,Enterprise Infrastructure,Web technologies,B2B | B2C,
130,Affa International Llp,"Malappuram, Kerala",https://startups.startupmission.in/startups/ZjGoB,http://www.myamigoz.com/,Climate,Waste Management,Manufacturing,B2B | B2C,MUHAMMED MUHSIN CHOLAKKAL | PILAKODAN SHAHIL
131,AFFI EDUCATIONS LLP,"Kozhikode, Kerala",https://startups.startupmission.in/startups/pbgNG,https://bizcorn.in/,Education,EdTech,Mobile Apps | Web technologies,B2C | B2B,
132,AFFORDMATE PRIVATE LIMITED,"Malappuram, Kerala",https://startups.startupmission.in/startups/Z9WRv,https://www.affordmate.com/,IT/ITeS,Enterprise Applications,Web technologies | Mobile Apps,B2B | B2C | Platform,ABILASH THADATHIL SUBRAMANIAN | BINOY KODAKKAT BALACHANDRAN
133,AGASTYX LABS LLP,"Ernakulam, Kerala",https://startups.startupmission.in/startups/05BNe,https://agastyx.com/the-lab/,Consumer Goods | IT/ITeS | Electronics and Communication,Consumer Electronics | Enterprise Applications | Manufacturing,Robotics | Internet of Things (IoT) | AI / ML,B2B | B2C | Platform,Chithira Mohan Das | ANOOP BABU
134,AGC ENFORCEMENT SERVICES PRIVATE LIMITED,"Kozhikode, Kerala",https://startups.startupmission.in/startups/Z9Q36,http://www.globalagc.com/,Other,Other,Mobile Apps | Cyber Security | Internet of Things (IoT),B2B | D2C,AJEESH NADUVILOTTIL | SARASWATHI
135,AGENTICNEX AI PRIVATE LIMITED,"Kottayam, Kerala",https://startups.startupmission.in/startups/0erqP,https://agenticnex.com,IT/ITeS,Enterprise Infrastructure,AI / ML | Augmented Reality (AR) | Internet of Things (IoT),B2B,Steve Sony | Nicey Jose | Sony Lazarus
136,AGENTICX KNOWLEDGE SOLUTIONS LLP,"Kollam, Kerala",https://startups.startupmission.in/startups/pY1kj,https://www.agenticx.co.in/,Education,EdTech,AI / ML | Big data | Cyber Security,B2C | B2B,Anju Muraleedharan | Muraleedharan Nanoo
137,AGEO GLOBAL FOODS PRIVATE LIMITED,"Thiruvananthapuram, Kerala",https://startups.startupmission.in/startups/0w3OJ,https://www.ageoglobal.com/,Consumer Goods,FMCG,Manufacturing | Biotechnology,B2B | B2C | Marketplace,Anie Joshy | Roby
138,AGERCLOUD TECHNOLOGIES PRIVATE LIMITED,"Kottayam, Kerala",https://startups.startupmission.in/startups/ZOmMx,https://www.agercloud.com,Agriculture and Life Sciences,Agriculture,Mobile Apps,Marketplace,
139,Aggroflame Industries Private Limited,"Kollam, Kerala",https://startups.startupmission.in/startups/p6rzv,https://agroflame.in/,Climate,Waste Management,Biotechnology,B2G,RAJITHA KAIPPALLIL SREEKUMARI | SASEENDRA KURUP MADHAVAN PILLA
140,AGILEINFO TECHYTERN SOLUTIONS LLP,"Thiruvananthapuram, Kerala",https://startups.startupmission.in/startups/8nVVx,https://agileinfoz.com/,Agriculture and Life Sciences | Education,Agri Tech | EdTech,AI / ML | Security & Surveillance Technology | Internet of Things (IoT) | Web technologies | Mobile Apps,B2B | B2G | B2C | Freemium | Platform,SHABNA B S
141,AGLAM TECHNOLOGIES PRIVATE LIMITED,"Thiruvananthapuram, Kerala",https://startups.startupmission.in/startups/ZaYmZ,https://www.aglam.in,Agriculture and Life Sciences,Agriculture,Internet of Things (IoT) | Sensors,B2B,
142,AGNET AGRO MARKETING (OPC) PRIVATE LIMITED,"Pathanamthitta, Kerala",https://startups.startupmission.in/startups/ZNN2N,https://agnetagro.com,Agriculture and Life Sciences,Agri Tech,Web technologies,B2B,Belram V Roy
143,AGNICORE LABS PRIVATE LIMITED,"Ernakulam, Kerala",https://startups.startupmission.in/startups/0Bw3A,https://www.agnicore.in/,Aerospace and Defense,Military,AI / ML | Security & Surveillance Technology | Internet of Things (IoT) | Display Technology,B2G | B2B,Sreenivasan S | Praveen Ramachandran
144,AGNIKUL COSMOS PRIVATE LIMITED,"Chennai, Tamil Nadu",https://startups.startupmission.in/startups/8AGeY,https://www.agnikul.in,Aerospace and Defense,Space,3D Printing | Manufacturing,B2B,Syed Peer Mohamed Shah Khadri | Srinath Ravichandran
145,AGRI ASSIST INNOVATIONS LLP,"Thiruvananthapuram, Kerala",https://startups.startupmission.in/startups/8xjGm,https://www.agriassistinnovations.com,Agriculture and Life Sciences,Agri Tech,Geographic Information Systems | Mobile Apps | Internet of Things (IoT),B2C | Platform | SaaS,GIRISH KUMAR KRISHNAN GANGADHA | RAGINI RAJAMMA
146,AGRIGATE TECHNOLOGIES PRIVATE LIMITED,"Thiruvananthapuram, Kerala",https://startups.startupmission.in/startups/8ABlZ,https://agri-gate.co.in/,Retail,Retail,Web technologies,B2C,
147,AGRILINK SOLUTIONS PRIVATE LIMITED,"Pathanamthitta, Kerala",https://startups.startupmission.in/startups/8xO1Q,https://farmtrailz.com,Agriculture and Life Sciences,Agri Tech,Blockchain,D2C | B2C,Robert Shah Antony | Neha Elsa Thomas
148,AGRINDA GLOBAL PRIVATE LIMITED,"Thrissur, Kerala",https://startups.startupmission.in/startups/8V71X,https://www.agrinda.com/,Agriculture and Life Sciences,Agri Tech,Manufacturing,B2B | B2C | B2G,KURIAKOSE LONAPPAN ALAPPATT | BEENA JOHNSON
149,AGRINOVA SPICE PRIVATE LIMITED,"Ernakulam, Kerala",https://startups.startupmission.in/startups/ZOX9k,https://agrinovaspicepvtltd.in/,Agriculture and Life Sciences,Agriculture,Manufacturing,Marketplace | B2B | B2C,KALLIDUCKIL MATHEW THANKACHAN | CIVIC JOHN | CHEMMANAZHATHU VARGHESE JOHN | BINOY MANNANCHERIL THOMAS
150,Agritech Innovations,"Thrissur, Kerala",https://startups.startupmission.in/startups/Zdznp,https://drive.google.com/file/d/1RMWRFNXrsYFcfS_YtAuWduAK2-xb6MR8/view?usp=sharing,Agriculture and Life Sciences,Agriculture,Manufacturing,B2B,Joy Augustine K | Beena Francis
151,AGRIVATOR TECHNOLOGIES LLP,"Kollam, Kerala",https://startups.startupmission.in/startups/poJV0,https://www.agrivator.com,Agriculture and Life Sciences,Agriculture,Web technologies,B2C | B2B,
152,AGRIVERSE TOURISM PRIVATE LIMITED,"Kozhikode, Kerala",https://startups.startupmission.in/startups/poGwz,https://www.agriversetourism.com,Retail,Tourism,Augmented Reality (AR),B2C,Puravankara Sridharan Nair | Vijayakrishnan Nambiar Kodoth | Mohanraj Makkuni
153,AGROMETRIC INNOVATIONS LLP,"Ernakulam, Kerala",https://startups.startupmission.in/startups/8qPP3,https://www.agrometric.in,Agriculture and Life Sciences,Agri Tech,Mobile Apps | Biotechnology | Internet of Things (IoT),B2B | B2C,
154,AGROPARK INDUSTRIAL INFRASTRUCTURE PRIVATE LIMITED,"Ernakulam, Kerala",https://startups.startupmission.in/startups/ZOYjp,https://keralaagropark.com/,Other,Other,Manufacturing,B2C | B2B,Manjusha Baiju | Baiju N T
155,Agroroot Collection Llp,"Ernakulam, Kerala",https://startups.startupmission.in/startups/Z3VW2,https://shopudiet.com/,Retail | Food processing,Retail | Food & Food Tech,Web technologies | Mobile Apps,B2C,JOHNSON JOHN | JOTHIRA GEORGE
156,AGROSAVER PRIVATE LIMITED,"Mahendragarh, Haryana",https://startups.startupmission.in/startups/Z1VeR,https://www.linkedin.com/in/abhishek-chauhan-b0b045224?utm_source=share&utm_campaign=share_via&utm_content=profile&utm_medium=android_app,Agriculture and Life Sciences,Agri Tech,Internet of Things (IoT) | Sensors,B2C | B2B,Abhishek | Girish kumar gurjar
157,AGROSHIELD TECHNOLOGIES PRIVATE LIMITED,"Ernakulam, Kerala",https://startups.startupmission.in/startups/Z1mbR,https://www.trufoods.co.in/,Food processing,Food & Food Tech,Mobile Apps,B2B,HARIKRISHNAN T.S | NIKHIL SUNNY
158,AGROW BIOTECH SOLUTIONS PRIVATE LIMITED,"Ernakulam, Kerala",https://startups.startupmission.in/startups/8xOQb,http://abslimited.in/,Other,Other,Manufacturing,Marketplace,KADAVATH AHMED REYAS
159,AGROWTEIN LABS PRIVATE LIMITED,"Idukki, Kerala",https://startups.startupmission.in/startups/ZdrR6,https://agrowtein.com/,Agriculture and Life Sciences,Agri Tech,AI / ML | Internet of Things (IoT) | Display Technology | Web technologies,B2C | D2C | Marketplace | B2B,ONESIMOS K K | Abhinav Bavos
160,AGSMARTIC TECHNOLOGIES PRIVATE LIMITED,"Ernakulam, Kerala",https://startups.startupmission.in/startups/0JoYp,https://www.agsmartic.com,Agriculture and Life Sciences,Agriculture,Internet of Things (IoT) | AI / ML,B2C,
161,Agso Agrosoldier Private Limited,"Alappuzha, Kerala",https://startups.startupmission.in/startups/ZjGma,https://www.agrosoldier.com,Climate | Agriculture and Life Sciences,Waste Management | Agri Tech | Agriculture,Biotechnology | Sustainable Construction,B2B | B2G | B2C,Vipin Raj | Soumya mohandas
162,Aguar Tech Industries India Private Limited,"Palakkad, Kerala",https://startups.startupmission.in/startups/ZdlVL,https://aguar.in,Construction,Construction,Manufacturing,B2C,
163,AHOPE SOLUTIONS PRIVATE LIMITED,"Thiruvananthapuram, Kerala",https://startups.startupmission.in/startups/poXQV,https://ahopesolutions.com/,"Banking, Financial Services and Insurance",FinTech,Web technologies,B2B,Sanjay Abraham | AJIT GEORGE MATHAI
164,AHURA RESEARCH AND INNOVATION LAB LLP,"Kollam, Kerala",https://startups.startupmission.in/startups/8glzd,,Consumer Goods,Consumer Electronics,Manufacturing,Marketplace,JAISON ALEXANDER | ALEXANDAR C K
165,AI AERIAL DYNAMICS PRIVATE LIMITED,"Ernakulam, Kerala",https://startups.startupmission.in/startups/0BOwp,https://aiaerialdynamics.com/,Aerospace and Defense,Military,Drones | AI / ML | Geographic Information Systems,B2B | B2C | SaaS,vishnu v nath
166,AI PORTA TECHNOLOGY LLP,"Ernakulam, Kerala",https://startups.startupmission.in/startups/pvDxz,https://www.aixperia.com,IT/ITeS,Enterprise Infrastructure,AI / ML | Manufacturing | Augmented Reality (AR),Platform | B2B | B2C,Jackson Jacob | Midhun Mathew
167,AI-FYNEXT INNOVATIONS PRIVATE LIMITED,"Kasaragod, Kerala",https://startups.startupmission.in/startups/Z2938,https://.rateup.app,Education,EdTech,Mobile Apps | Web technologies,B2B,Abhilash Sathyan | Jithu Joy | Shidhin RK
168,AIBAK VENTURES PRIVATE LIMITED,"Malappuram, Kerala",https://startups.startupmission.in/startups/0JNEN,https://www.aibakventures.com/,Media and Entertainment | Retail,Events | Real Estate Tech / Prop Tech,Mobile Apps | Web technologies | AI / ML,B2B | B2C | SaaS,MOHAMMED RAFEEQUE ATHIKKADAN | MUHAMMED SWALIH PARUTHIKKUNNAN
169,AIBLOCKS INDIA PRIVATE LIMITED,"Thiruvananthapuram, Kerala",https://startups.startupmission.in/startups/py9Ap,https://www.aiblocks.in,IT/ITeS,Enterprise Applications,AI / ML | Web technologies,B2B | B2C | Platform,
170,AIDRONE PRIVATE LIMITED,"Pathanamthitta, Kerala",https://startups.startupmission.in/startups/pzEQ0,https://aidrone.in,Aerospace and Defense,Military,Cyber Security | Drones | Security & Surveillance Technology | AI / ML | Robotics,B2G | B2B | B2C,Ani Sam Varghese
171,AIERA SOLUTIONS PRIVATE LIMITED,"Ernakulam, Kerala",https://startups.startupmission.in/startups/8nDd0,http://grunelectrotech.com/,IT/ITeS,Enterprise Applications,Web technologies,B2B | B2C,
172,AIFER EDUCATION PRIVATE LIMITED,"Kozhikode, Kerala",https://startups.startupmission.in/startups/poXLQ,https://www.aifer.in/,Education,EdTech,Web technologies,B2C,ANEES POOVATHI | MOHAMED BINSHAD K
173,AIGOSYS INNOVATION PRIVATE LIMITED,"Malappuram, Kerala",https://startups.startupmission.in/startups/0MowJ,https://aigosys.com,IT/ITeS,Enterprise Applications,AI / ML | Internet of Things (IoT) | Web technologies,SaaS | B2B | B2G,Mohamed Navas Vazhappully | Shamla
174,AIKYAM MEDICAL CONSULTANCY SERVICES PRIVATE LIMITED,"Ernakulam, Kerala",https://startups.startupmission.in/startups/0wKvL,https://uplivo.org/,Healthcare,Healthcare IT,AI / ML | Mobile Apps | Web technologies,B2C,ADITHYA ARAVIND | GAURI MANOJKUMAR KRISHNA
175,AIM WORLD MACHINERIES LLP,"Wayanad, Kerala",https://startups.startupmission.in/startups/04XV0,https://aimworldindia.com,Construction,Construction,Manufacturing,B2C | B2B,
176,AIMY LUMINARIES INDIA PRIVATE LIMITED,"Thiruvananthapuram, Kerala",https://startups.startupmission.in/startups/Z3VPB,https://aimyindia.in,Consumer Goods,Consumer Electronics,Manufacturing,B2B,RAJAN AKHILRAJ
177,AINDRIYA AI AND DATA LABS PRIVATE LIMITED,"Ernakulam, Kerala",https://startups.startupmission.in/startups/pvywk,https://aindriya.co.in,IT/ITeS,Enterprise Applications,AI / ML,SaaS,ANTONY JOSHY | JAYAKUMAR JYOTHIS
178,AINEX ENGINEERING SOLUTIONS PRIVATE LIMITED,"Thiruvananthapuram, Kerala",https://startups.startupmission.in/startups/8LqEQ,https://ainexe.com/,Healthcare,Medical Devices,AI / ML,B2B,Gokul | Resmi S R
179,AINSURTECH PRIVATE LIMITED,"Thiruvananthapuram, Kerala",https://startups.startupmission.in/startups/poE3Z,https://www.ainsurtek.com,"Banking, Financial Services and Insurance | IT/ITeS",FinTech | Enterprise Applications,Web technologies | AI / ML,B2B | B2C | Platform,RAJ KUMAR RANGASWAMY
180,AIOB ONLINE PRIVATE LIMITED,"Bengaluru (Bangalore) Urban, Karnataka",https://startups.startupmission.in/startups/8X7vy,https://aiobonline.com/,IT/ITeS,Enterprise Applications,Mobile Apps,Platform,MANU CHERIAN MATHEW | PRAMOD CYRIAC
181,AIOEAM CORPGLOBAL PRIVATE LIMITED,"Kollam, Kerala",https://startups.startupmission.in/startups/0WYP8,https://aioeamcorpglobal.com/,IT/ITeS,Enterprise Applications,Web technologies | Mobile Apps,B2B | B2C | Platform,
182,AION CREATIVE WINGS LLP,"Kollam, Kerala",https://startups.startupmission.in/startups/pkP58,https://www.aioncw.com,Media and Entertainment,Social Media,Web technologies,Freemium,
183,AIPOPULI TECHNOLOGIES PRIVATE LIMITED,"Thiruvananthapuram, Kerala",https://startups.startupmission.in/startups/pvVRr,https://aipopuli.com/,IT/ITeS,Enterprise Applications,Web technologies | AI / ML,B2B,DEEPAK JAYARAMDAS | MANOJ MOHANANNAIR SASIKALA
184,AIRAVAT CREATIONS PRIVATE LIMITED,"Thiruvananthapuram, Kerala",https://startups.startupmission.in/startups/0MJRv,https://admissionbid.com/,Education,EdTech,AI / ML,Marketplace | B2B | B2C,ABHINAV A | JAYASREE SASIDHARAN NAIR BABY
185,AIRAVATA AUTOMATE WELLNESS PRIVATE LIMITED,"Kannur, Kerala",https://startups.startupmission.in/startups/pkwjm,https://airavataautomate.tech/,Electronics and Communication,Manufacturing,Internet of Things (IoT) | Manufacturing,B2B,NISHITA NAICKER | RANGANATHA RAKESH
186,AIREALM TECHNOLOGIES PRIVATE LIMITED,"Ernakulam, Kerala",https://startups.startupmission.in/startups/Z9Q16,https://nyayasathi.com/,IT/ITeS,Mobile,AI / ML | Web technologies,B2B | B2C,Reshma Nambiar | Jeffy John
187,AIRIS4D TECHNOLOGIES LLP,"Pathanamthitta, Kerala",https://startups.startupmission.in/startups/8V796,https://airis4dtech.com/,Agriculture and Life Sciences,Life Sciences,AI / ML | Biotechnology,B2B | B2C,GEETHA JACOB | Ninan Sajeeth Philip
188,AIRIZZ CONSULTANCY SERVICES PRIVATE LIMITED,"Ernakulam, Kerala",https://startups.startupmission.in/startups/p6WAy,https://airizz.co/,IT/ITeS,Enterprise Applications,AI / ML | Web technologies,SaaS,MUTHARASU SANKARAMUKUNTHAN | Praveen Prabhakar
189,Airo Track Technologies Private Limited,"Alappuzha, Kerala",https://startups.startupmission.in/startups/p6dGV,https://airotrack.in/,Mobility,Auto,Manufacturing,B2B,BALAYIL JOHNSON JOBIN | NORBERT KOCHIKARAN VEEDU AANI
190,AIRO3D PRIVATE LIMITED,"Thrissur, Kerala",https://startups.startupmission.in/startups/pY1Aw,https://www.airo3d.com,Consumer Goods,Consumer Hardware,Robotics | 3D Printing,B2B | B2C,Devadath PR | Sidharth Punathil | Navaneeth Nalesh CT
191,Airvox Technologies Private Limited,"Thrissur, Kerala",https://startups.startupmission.in/startups/05Dle,https://www.thrillark.com,IT/ITeS,Consumer Apps,Web technologies,B2C,Firoz Musthafa | Fazil Parakkat
192,AISHU'S ACADEMY PRIVATE LIMITED,"Thiruvananthapuram, Kerala",https://startups.startupmission.in/startups/07ox0,https://www.aishusacademy.com/,Education,EdTech,Web technologies,B2C | B2B,
193,AIVOTECH INNOVATIONS PRIVATE LIMITED,"Kannur, Kerala",https://startups.startupmission.in/startups/0GOV6,https://www.tudos.in,,,,,
194,AIWHIZ SOLUTIONS PRIVATE LIMITED,"Ernakulam, Kerala",https://startups.startupmission.in/startups/pzgra,https://aiwhiz.co/,IT/ITeS,Enterprise Applications,AI / ML | Web technologies | Big data,B2B | B2C | Platform,Smithish Jose | LEENA BABU MUKKADA
195,AIXE LABS PRIVATE LIMITED,"Ernakulam, Kerala",https://startups.startupmission.in/startups/pmA71,https://www.artograph.ai/,Healthcare,Healthcare IT,AI / ML | Internet of Things (IoT),SaaS | B2B,REJIN JOSE K | K SRIKANTH
196,AIXPANZA PRIVATE LIMITED,"Thiruvananthapuram, Kerala",https://startups.startupmission.in/startups/0WbEP,http://www.aixpanza.in/AiDentalCare/,Healthcare,Healthcare IT,Mobile Apps | AI / ML | Web technologies,B2B | B2C,Razi Farook | Nifra Roshin N R
197,AIZAM CONSTRUCTIONS PRIVATE LIMITED,"Malappuram, Kerala",https://startups.startupmission.in/startups/Zrkxe,https://www.aizamconstructions.com/,Construction,Construction,Manufacturing | Sustainable Construction,B2B | B2C,SUMIYYA | SABEEBA NARIKKOTT ABDULMAJEED
198,AJCS SKILL ACADEMY PRIVATE LIMITED,"Ernakulam, Kerala",https://startups.startupmission.in/startups/0JNOe,https://www.ajcsskillacademy.com,Education,EdTech,Augmented Reality (AR) | Virtual Reality (VR),B2C | Platform | B2B,STANLEY CHACKO | JOSEMON M B | ASWINI SUSAN GEORGE
199,AJTECH ADVANCED INNOVATIONS PRIVATE LIMITED,"Malappuram, Kerala",https://startups.startupmission.in/startups/0Gew8,https://www.ajtech.in,IT/ITeS,Enterprise Applications,Web technologies,B2B | B2C,
200,AJU ED SOLUTIONS LLP,"Thiruvananthapuram, Kerala",https://startups.startupmission.in/startups/8q6YP,https://www.ajuedsolutions.com/,IT/ITeS | Education | Media and Entertainment,Enterprise Applications | EdTech | Enterprise Infrastructure | AdTech,Web technologies | AI / ML | Cyber Security | Robotics | Internet of Things (IoT),B2B | B2C | D2C,Renjith Rajendran | AJU JS | ANU JS
201,AJUS PLAYS PRIVATE LIMITED,"Ernakulam, Kerala",https://startups.startupmission.in/startups/8n63x,https://www.ajusplays.com,Media and Entertainment,AdTech,Web technologies | Mobile Apps,Platform,AJESH CHANDRAN | VIJAYAN KARIPPAL KALAMPALLY
202,AJXFITCLUB LLP,"Palakkad, Kerala",https://startups.startupmission.in/startups/plMQa,https://ajxfitclub.com,Healthcare,Fitness & Wellness,Mobile Apps | Web technologies,B2B | B2C,NIRAJ VALIYATHODIYIL | ATHUL MURALIDHARAN PREETHA
203,AKAM MIND CARE PRIVATE LIMITED,"Palakkad, Kerala",https://startups.startupmission.in/startups/0Mo1d,https://akammindcare.com/,Healthcare,Healthcare IT,Mobile Apps,B2C,MOHAMMED NIHAL | MUBARIS MOHAMMED
204,AKATSA LLP,"Kannur, Kerala",https://startups.startupmission.in/startups/Zdl4Y,https://www.akatsa.in,Retail,Real Estate Tech / Prop Tech,Mobile Apps,Platform | D2C | Marketplace,Athul K | AKSHAY SADAN V P
205,AKINOZ DIGITAL MEDIA LLP,"Kozhikode, Kerala",https://startups.startupmission.in/startups/8Xw1z,https://akinoz.com/,Media and Entertainment,AdTech,Mobile Apps,B2B | B2C,SOURAV SREEKUMAR | AISWARYA MT
206,AKSON FINTECH ADVISORY SERVICES PRIVATE LIMITED,"Ernakulam, Kerala",https://startups.startupmission.in/startups/8AGrl,http://aksonfin.com/,"Banking, Financial Services and Insurance",Financial Services,Web technologies,B2B,UKKEN CHAKKUNNY ALICE | Prasanth Gopinath | Suraj Sudheendra Kumar
207,AL HADI ECOMMERCE PRIVATE LIMITED,"Malappuram, Kerala",https://startups.startupmission.in/startups/ZDkk8,http://test.doctorteacher.com,Retail,Retail,Mobile Apps,Marketplace,
208,AL TEZZAI LLP,"Kannur, Kerala",https://startups.startupmission.in/startups/0POEw,https://altezzai.com,IT/ITeS,Enterprise Applications | Consumer Apps,Security & Surveillance Technology | Web technologies | Cyber Security | Mobile Apps,B2G | Platform | Marketplace | Freemium | B2C,Ishaque Risan P | Aswin K
209,AL WISDOM EDUCATION LLP,"Kozhikode, Kerala",https://startups.startupmission.in/startups/0w32J,https://alwisdom.com/,Education,EdTech,Mobile Apps,B2C | Platform | B2B,SHAREEJ MANDADI | PAZHAYILLATH MASHHOOD
210,ALATA VENTURES PRIVATE LIMITED,"Malappuram, Kerala",https://startups.startupmission.in/startups/ZrP6e,https://www.alataventures.com,,,,,MANSOOR VADAKKETHIL | BENASEER POOTHRUKKAVIL
211,ALBEDO EDUCATOR PRIVATE LIMITED,"Malappuram, Kerala",https://startups.startupmission.in/startups/0BwB3,https://albedoedu.com/,Education,EdTech,Mobile Apps,B2C,RAMEES ANAKKACHERI
212,ALBETECH SOFTWARE SOLUTIONS LLP,"Kollam, Kerala",https://startups.startupmission.in/startups/0w3ve,https://albetech.in/,IT/ITeS,Enterprise Applications,AI / ML | Web technologies | Augmented Reality (AR),B2B | Freemium | B2C,Orestes Albert | Sreekutty S
213,ALCANTARA TECHNOLOGIES PRIVATE LIMITED,"Kollam, Kerala",https://startups.startupmission.in/startups/0wxop,http://beta.livstore.in/,Retail,Retail,Mobile Apps,Marketplace,
214,ALCHEMY IBS PRIVATE LIMITED,"Thiruvananthapuram, Kerala",https://startups.startupmission.in/startups/0Wxy9,https://alchemyibs.com/,Education,EdTech,Web technologies | Mobile Apps,B2C | Platform,Abhimanue V S
215,Alders Quess Llp,"Kozhikode, Kerala",https://startups.startupmission.in/startups/8LovQ,https://www.queschat.com,Education,EdTech,Web technologies,B2C,
216,ALENIST TECH PRIVATE LIMITED,"Ernakulam, Kerala",https://startups.startupmission.in/startups/8XwKm,http://www.lawyerlinked.com/,IT/ITeS,Mobile,Mobile Apps,B2B,Abilash Babu | Alen arakkal | Adam Gil Christ Joy
217,Alentador Customer Dienste Private Limited,"Thiruvananthapuram, Kerala",https://startups.startupmission.in/startups/Z2z9k,https://alentador.in,IT/ITeS,Consumer Apps,Web technologies,B2B | B2C,
218,Alfursankayamkulam Private Limited,"Alappuzha, Kerala",https://startups.startupmission.in/startups/pmBJq,https://youtu.be/AJtjNwalYDc,Construction,Construction,Sustainable Construction,B2C,
219,ALGAGEN BIOSOLUTIONS LLP,"Alappuzha, Kerala",https://startups.startupmission.in/startups/07mOG,http://www.algagenbiosolution.com/index.html,Food processing,Food & Food Tech,Manufacturing | Biotechnology,B2C,PREETHA K SHENOY | POZHAYIPARAMBIL DIVAKARA SURES | KOYADAN KIZHAKKEDATH VIJAYAN
220,ALGIMATE DENTAL SYSTEMS PRIVATE LIMITED,"Ernakulam, Kerala",https://startups.startupmission.in/startups/pvDkZ,https://www.algimate.com,Healthcare,Medical Devices,Internet of Things (IoT) | Robotics | Manufacturing,B2B,Binnoy Kurian | Jitto Jose
221,Algobiz Innovations Llp,"Malappuram, Kerala",https://startups.startupmission.in/startups/pvVOv,https://algobiz.in/,Education,EdTech,Mobile Apps,B2C,
222,ALGOL SOFT,"Thiruvananthapuram, Kerala",https://startups.startupmission.in/startups/pv9Q0,https://www.algols.in,IT/ITeS,Enterprise Applications,Web technologies,B2B | B2C | Platform,
223,ALGONOTS INNOVATIONS PRIVATE LIMITED,"Thiruvananthapuram, Kerala",https://startups.startupmission.in/startups/0WbbP,https://www.algonots.com/,IT/ITeS,Enterprise Applications,AI / ML | Blockchain | Web technologies,B2B | B2C,Akshaya TR | Anil Antony
224,ALGOPOWER PRIVATE LIMITED,"Palakkad, Kerala",https://startups.startupmission.in/startups/Z1obp,https://www.algopower.in,Energy,Energy Generation and Distribution,AI / ML | Big data,B2B,
225,ALGORAY TECHNOLOGIES PRIVATE LIMITED,"Kozhikode, Kerala",https://startups.startupmission.in/startups/poXVl,https://www.algoray.in,,,,,
226,Algorithma Digitech Private Limited,"Bengaluru (Bangalore) Urban, Karnataka",https://startups.startupmission.in/startups/8AGov,https://smartbasket.ai/,"Banking, Financial Services and Insurance",FinTech,AI / ML | Mobile Apps,B2C | B2B | Marketplace,T R Shamsudheen | Nikhil D
227,ALGORYTHAM TECHNOLOGIES PRIVATE LIMITED,"Ernakulam, Kerala",https://startups.startupmission.in/startups/8X7P1,https://algorytham.com/,Other,Other,AI / ML | Web technologies | Mobile Apps,Platform | SaaS | B2B,AADARSH RADHAKRISHNAN | SHAMILA ASHRAF | Anagha Thekke Edoli
228,ALI'A CART TECHNOLOGIES PRIVATE LIMITED,"Thiruvananthapuram, Kerala",https://startups.startupmission.in/startups/0MAod,https://www.bigbcaraccessories.com/,Retail,Retail,Web technologies,B2C,
229,ALIBI GLOBAL PRIVATE LIMITED,"Thiruvananthapuram, Kerala",https://startups.startupmission.in/startups/Zaorp,https://alibiglobal.in/,Aerospace and Defense,Military,Cyber Security,B2G,Sowmya Balan | KP Balakrishnan Nair
230,ALICORN MEDICAL PRIVATE LIMITED,"Thiruvananthapuram, Kerala",https://startups.startupmission.in/startups/041Lp,http://www.alicornmed.com/,Healthcare,Medical Devices,Manufacturing | Biotechnology,B2B,Arun Jyothi
231,ALINA & REJI CONSULTANTS INDIA PRIVATE LIMITED,"Thiruvananthapuram, Kerala",https://startups.startupmission.in/startups/R8Xz0,http://www.citizenadvisor.in/,Retail,Retail,Web technologies,B2C,
232,ALIZON SCHOOL OF MEDICAL & DIGITAL INTELLIGENCE LLP,"Thiruvananthapuram, Kerala",https://startups.startupmission.in/startups/Z9Qyz,https://alizongov.com/,Healthcare | Education,Healthcare IT | EdTech,AI / ML | Mobile Apps | Web technologies | Geographic Information Systems | Robotics,B2B | B2C | B2G,Preetha Dharmadha | Abijeeth Tiwari Ani
233,ALJALEEDI TRADING LLP,"Thrissur, Kerala",https://startups.startupmission.in/startups/8XwGY,https://www.aljaleedi.com,Agriculture and Life Sciences,Agri Tech,Blockchain | AI / ML | Internet of Things (IoT),B2B | B2C | Platform,SAHITHA HUMAYUN KABEER | HUMAYUN KABEER
234,ALKABYTES SOFTWARE PRIVATE LIMITED,"Malappuram, Kerala",https://startups.startupmission.in/startups/05J5p,https://www.alkabytes.com,IT/ITeS,Enterprise Applications,Web technologies,SaaS,
235,ALL IN ZONE PRIVATE LIMITED,"Ernakulam, Kerala",https://startups.startupmission.in/startups/pmaWp,https://aiz.one,IT/ITeS,Consumer Apps | Enterprise Infrastructure,AI / ML | Big data | Web technologies | Mobile Apps | Smart Home,B2B | B2C | Platform | SaaS,PATHROSE NITHIN
236,ALL SPACE TECHNOLOGIES PRIVATE LIMITED,"Thiruvananthapuram, Kerala",https://startups.startupmission.in/startups/8n9Yp,https://xd.adobe.com/view/bf17ab1c-0542-413b-99f4-9c420529e561-ea44/grid/,Retail,Retail,Web technologies,B2C,
237,Allabout Innovations And Advanced Research Private Limited,"Alappuzha, Kerala",https://startups.startupmission.in/startups/0MAAd,https://www.allaboutinnovations.com/,Climate,Climate tech,Internet of Things (IoT),B2B | B2G | D2C,
238,ALLABOUT INNOVATIONS PRIVATE LIMITED,"Alappuzha, Kerala",https://startups.startupmission.in/startups/Z1Jx0,https://www.allaboutinnovations.com,Consumer Goods,Consumer Electronics,Manufacturing,B2C,
239,ALLPAY SERVICES PRIVATE LIMITED,"Pathanamthitta, Kerala",https://startups.startupmission.in/startups/pzlVZ,https://www.all-pay.in,IT/ITeS,Enterprise Applications,Web technologies,B2B,
240,ALLSCOPE INDIA PRIVATE LIMITED,"Ernakulam, Kerala",https://startups.startupmission.in/startups/8qrVn,,Mobility,Mobility,Internet of Things (IoT) | Mobile Apps | Web technologies,B2B | Platform | SaaS,KUNNATH VENUGOPAL WELSHAD | ARYA KALAPURAYIL JAYAPRAKASH
241,ALLUVIUM IOT SOLUTIONS PRIVATE LIMITED,"Ernakulam, Kerala",https://startups.startupmission.in/startups/0W9K8,https://alluvium.in/,Construction,Construction,Internet of Things (IoT) | Geographic Information Systems,B2C | B2B,
242,ALLYYC BIZ SOLUTIONS PRIVATE LIMITED,"Ernakulam, Kerala",https://startups.startupmission.in/startups/8RPl0,https://www.allyyc.com,IT/ITeS,Mobile,Mobile Apps | Web technologies,B2B | B2C,
243,ALMAZ100 GLOBAL PRIVATE LIMITED,"Thiruvananthapuram, Kerala",https://startups.startupmission.in/startups/pQ4q6,https://www.healerherbaldrink.com/,Consumer Goods,FMCG,Manufacturing,B2B,SHAJU | HASEENA ABDUL MAJEED
244,ALOGA INFOTECH INDIA PRIVATE LIMITED,"Ernakulam, Kerala",https://startups.startupmission.in/startups/8xO3x,https://www.aloga.org,Media and Entertainment,Social Media,Mobile Apps,Platform,NALAMVADUKAL RAVI ASHWIN | RAJEESH | SINI ALEYAMMA VARGHE
245,ALONS ADVANCED TECHNOLOGIES PRIVATE LIMITED,"Ernakulam, Kerala",https://startups.startupmission.in/startups/ZO3Qj,https://alonstech.com,IT/ITeS,Enterprise Applications,AI / ML | Web technologies,B2B | B2C | Platform,Saneesh Alon Rajan | Indira
246,ALORA INTERNATIONAL PRIVATE LIMITED,"Kannur, Kerala",https://startups.startupmission.in/startups/pYxOW,http://www.alorainternational.in/,Healthcare,Healthcare IT,Mobile Apps,B2C | B2B,MARIYAMMA ERAVIKULANGARA KURIA | AMAL SHAJU
247,ALP TURNKEY SOLUTIONS PRIVATE LIMITED,"Thiruvananthapuram, Kerala",https://startups.startupmission.in/startups/8q4lp,http://alp-ts.com/,Energy | Climate | IT/ITeS | Consumer Goods | Education,Oil & Gas | Waste Management | Enterprise Applications | FMCG | EdTech,Web technologies | Mobile Apps | Cyber Security,B2B | B2G | B2C | SaaS,Agilesh S
248,ALPHA CAUSALITY PRIVATE LIMITED,"Idukki, Kerala",https://startups.startupmission.in/startups/pY6O8,https://www.causalitybiomodels.com,Agriculture and Life Sciences,Life Sciences,Big data | AI / ML,B2B | SaaS,Jossin Antony
249,ALPHA CLASSROOMS,"Thiruvananthapuram, Kerala",https://startups.startupmission.in/startups/Zj3Br,https://www.alphaclassrooms.com,Education,EdTech,3D Printing | Web technologies,B2B,Nithin B R | Yadu K Nair
250,ALPHA DROP VENTURES PRIVATE LIMITED,"Ernakulam, Kerala",https://startups.startupmission.in/startups/pvykR,https://alphadropventures.com,IT/ITeS,Consumer Apps,Blockchain | Internet of Things (IoT) | Mobile Apps,Platform | B2C | D2C,Muhammad Sabith | Aysha Palayullaparambath
251,ALPHABOT SYSTEMS,"Thrissur, Kerala",https://startups.startupmission.in/startups/0Pw7Z,http://alphabotsystems.com,Education,EdTech,Web technologies,B2C | Platform,
252,ALPHAGEEK ENTERPRISES PRIVATE LIMITED,"Alappuzha, Kerala",https://startups.startupmission.in/startups/pkKyp,https://www.zerowatt.energy/,Energy,Energy Generation and Distribution,Internet of Things (IoT) | AI / ML | Manufacturing,B2B | B2C | B2G,Sooraj Surendran | Ansha Naji | Rishy Valeth George | Pranav Ashok
253,ALPHANEX TECHNOLOGIES LLP,"Malappuram, Kerala",https://startups.startupmission.in/startups/0GJy5,https://alphanextechnologies.com/,Other,Other,Web technologies | Big data,B2B | B2C,MOHAMED RAFEEQUE | JUBAIR KAVILA VALAPPIL
254,ALPHAORBS INNOVATIONS PRIVATE LIMITED,"Ernakulam, Kerala",https://startups.startupmission.in/startups/Z9Qzl,https://www.ensien.in,Consumer Goods,Consumer Electronics,Internet of Things (IoT) | Smart Home | Manufacturing,B2B | B2G | B2C,RAHUL RAJ | BANURAJ S NAIR
255,ALPHAVOGUE (OPC) PRIVATE LIMITED,"Thiruvananthapuram, Kerala",https://startups.startupmission.in/startups/8Vd60,https://alphavogue.org,Climate,Waste Management,Blockchain | Geographic Information Systems | Web technologies,B2B | B2C | B2G,
256,ALSTONIA BIO PRIVATE LIMITED,"Ernakulam, Kerala",https://startups.startupmission.in/startups/pkw21,https://alstonia.bio/,Agriculture and Life Sciences,Life Sciences,Biotechnology | Manufacturing,B2B,
257,ALTAIRE INSIGHTS TECHNOLOGIES PRIVATE LIMITED,"Thiruvananthapuram, Kerala",https://startups.startupmission.in/startups/8RVB8,https://www.altaire-insights.com/,IT/ITeS,Enterprise Applications,Web technologies | AI / ML,B2B,Anuchandran C Nair | Anuchandran C
258,ALTERSAGE INNOVATIONS PRIVATE LIMITED,"Kozhikode, Kerala",https://startups.startupmission.in/startups/ZD53l,https://altersageinnovations.com/,Agriculture and Life Sciences,Agri Tech,Robotics | AI / ML | Mobile Apps,B2C | B2B | B2G,ASHIN PONNARASSERI KRISHNA
259,ALTIBIX CODELAB PRIVATE LIMITED,"Kollam, Kerala",https://startups.startupmission.in/startups/0Jrr6,https://www.altibix.com,Media and Entertainment,AdTech,Mobile Apps | Web technologies,Marketplace | B2B | B2C,Abhay Sundar S | Hyfa N
260,ALTIORA CAPITAL SOULTION PRIVATE LIMITED,"Ernakulam, Kerala",https://startups.startupmission.in/startups/0w3ke,https://paisaonclick.com/,"Banking, Financial Services and Insurance",FinTech,AI / ML | Blockchain,Marketplace | SaaS | B2B,AL AMEEN R | Bijin B James
261,ALTIX PUBLISHER PRIVATE LIMITED,"Thiruvananthapuram, Kerala",https://startups.startupmission.in/startups/pbnV3,https://www.altixmarketing.com,Other,Other,Web technologies,B2B | B2C,janani | NATARAJ
262,ALTRUSE NEXUS PRIVATE LIMITED,"Thiruvananthapuram, Kerala",https://startups.startupmission.in/startups/8A1VY,https://www.altruse.com,Healthcare,Fitness & Wellness,AI / ML | Web technologies,SaaS | B2B | B2C,AANANDHI VIJAYACHANDRAN CHETTIAR BHAGAVATHI AMMAL | ABHIMANU SASIDHARAN NAIR | JAGANNATHAN HARIPRIYA
263,ALWAYS BETTER SOLUTIONS PRIVATE LIMITED,"Kottayam, Kerala",https://startups.startupmission.in/startups/8gXYZ,https://seaa.co.in/,IT/ITeS,Enterprise Applications,Web technologies,B2C,
264,ALZONE SOFTWARE PRIVATE LIMITED,"Thiruvananthapuram, Kerala",https://startups.startupmission.in/startups/0Gx6p,https://www.alzonesoftware.com,IT/ITeS,Enterprise Applications,AI / ML | Web technologies | Big data,B2B,
265,AMAHOP TECHNOLOGIES PRIVATE LIMITED,"Kannur, Kerala",https://startups.startupmission.in/startups/Z2zkZ,https://www.farefirst.com/,Retail,Tourism,Mobile Apps | Web technologies,B2C | Platform,Muhammad Jaseel S | Yajnesh Talapady | Vishal Vijay
266,AMALCO RAIL INFRA PRIVATE LIMITED,"Thrissur, Kerala",https://startups.startupmission.in/startups/8L5QO,https://amalcorailinfra.com/,Electronics and Communication,Telecom,Internet of Things (IoT) | Security & Surveillance Technology | Manufacturing,B2B,RV ABDUL LATHEEF | RV Abdul Majeed | Mohammed Ziyad RV
267,AMBERPATH LLP,"Ernakulam, Kerala",https://startups.startupmission.in/startups/8xrk3,https://amberpath.in/,IT/ITeS,Enterprise Applications,Web technologies,Freemium | SaaS,SARANKUMAR T R | RAMSAD RASHEED
268,AMERICAN ENGINEERING CONSULTANCY SERVICES LLP,"Pathanamthitta, Kerala",https://startups.startupmission.in/startups/pQAop,https://www.americanengineeringconsultancy.com,Retail | Climate,Real Estate Tech / Prop Tech | Waste Management,Sustainable Construction | Manufacturing,B2B | B2C,
269,AMIGOSIA PRIVATE LIMITED,"Palakkad, Kerala",https://startups.startupmission.in/startups/8ANYZ,http://www.amigosia.com,IT/ITeS,Consumer Apps,Mobile Apps | Web technologies,B2C,Rashmi Arun | Arun NarayananKutty
270,Amisys Learning Private Limited,"Ernakulam, Kerala",https://startups.startupmission.in/startups/plnJB,https://www.amisyslearning.com/,Education,EdTech,Web technologies,B2B | B2C,AMAL SAJI
271,AMLA CONSULTANCY PRIVATE LIMITED,"Ernakulam, Kerala",https://startups.startupmission.in/startups/pvDrx,https://amlaconsultancy.com,Healthcare,Healthcare IT,AI / ML | Web technologies,B2B | B2C,Shanaz Bin Mohamed Abdul Latif | SAHIDA LATIFF
272,AMLIRE PRIVATE LIMITED,"Ernakulam, Kerala",https://startups.startupmission.in/startups/Zdlm4,https://amlire.com/,Media and Entertainment,AdTech,Web technologies | Internet of Things (IoT),B2B,AMAL C SHAJI
273,AMNEEDS SERVICES PRIVATE LIMITED,"Thiruvananthapuram, Kerala",https://startups.startupmission.in/startups/ZDmE0,https://www.amneeds.com,Mobility,Logisitics & Transport,Web technologies,B2B | B2C,
274,AMNOVA TECHNOLOGIES PRIVATE LIMITED,"Pathanamthitta, Kerala",https://startups.startupmission.in/startups/pyjxQ,https://www.amnova.ai/,IT/ITeS,Enterprise Applications,AI / ML | Big data | Web technologies,B2B | B2C | Platform,Shine Shankar | SHANTHARAMA SADASHIVA SHETTY
275,AMPHOGENIX PRIVATE LIMITED,"Palakkad, Kerala",https://startups.startupmission.in/startups/07Wqk,https://www.amphogenix.com,Food processing,Food & Food Tech,Biotechnology | Manufacturing,B2C | B2B,AKHIL C PRAKASAN | GLENCY FIGAREDO
276,AMR INNOVATIONS PRIVATE LIMITED,"Ernakulam, Kerala",https://startups.startupmission.in/startups/pm3vk,https://www.amr-innovations.com,Media and Entertainment,Social Media,Mobile Apps | Web technologies,Freemium | Platform,Rajeef K B | Aneez Mohammed Rafeek
277,AMSQUARE AQUAROBICS PRIVATE LIMITED,"Kannur, Kerala",https://startups.startupmission.in/startups/Z1670,https://www.amsquareaquarobics.com,Consumer Goods,Consumer Goods,Internet of Things (IoT),B2C,
278,AMSTOR CONSULTANCY SERVICES PRIVATE LIMITED,"Thiruvananthapuram, Kerala",https://startups.startupmission.in/startups/pvVxQ,https://www.amstortech.com/,IT/ITeS | Healthcare,Enterprise Applications | Healthcare IT,Web technologies,B2B,Abraham Mathai | Sony Sam Oommen
279,AMYNTOR TECH SOLUTIONS PRIVATE LIMITED,"Thiruvananthapuram, Kerala",https://startups.startupmission.in/startups/0wYJ8,https://amyntortech.com/,IT/ITeS,Enterprise Infrastructure,Cyber Security | AI / ML | Web technologies,B2C | B2B | SaaS,Abhilash | Kavitha
280,AN & SU DEVELOPERS PRIVATE LIMITED,"Kottayam, Kerala",https://startups.startupmission.in/startups/8KQBn,https://ansufuels.com/,Retail,Retail,Manufacturing,B2B,
281,ANA INFOTAINMENT PRIVATE LIMITED,"Ernakulam, Kerala",https://startups.startupmission.in/startups/0wNeZ,https://anainfotainment.com,Education,EdTech,Augmented Reality (AR) | Virtual Reality (VR),Platform,
282,ANAKTRA PRIVATE LIMITED,"Kottayam, Kerala",https://startups.startupmission.in/startups/pvyXv,https://anaktra.com,Education,EdTech,AI / ML | Web technologies,B2B | B2C,Jens Mathew | Jes Thomas Mathew
283,ANANDPRABHA AGRO LLP,"Kozhikode, Kerala",https://startups.startupmission.in/startups/pbVbO,https://www.srmushrooms.com/,Agriculture and Life Sciences,Agriculture,Biotechnology,B2C,Sreehari P | SARMILA T
284,ANANTHAM ONLINE PRIVATE LIMITED,"Ernakulam, Kerala",https://startups.startupmission.in/startups/ZjBbZ,https://www.anantham.online,IT/ITeS,Enterprise Applications | Mobile,Web technologies | Mobile Apps,B2B | Platform | SaaS,Neethu Rajasekharan | Arun Ganesh U R
285,ANCALAGON INDUSTRIES PRIVATE LIMITED,"Ernakulam, Kerala",https://startups.startupmission.in/startups/05W45,https://www.ancalagon.in,Aerospace and Defense,Military,Manufacturing | Cyber Security | AI / ML,B2G | B2B | SaaS,PRANAV MAMPARAMBIL PRADEEP | NIRANJ SUNIL | VIVEK SANTHOSH
286,ANF INFINITY VENTURES PRIVATE LIMITED,"Kozhikode, Kerala",https://startups.startupmission.in/startups/pYxXO,http://hotochat.in/,IT/ITeS,Enterprise Applications,Web technologies,SaaS | B2B | D2C,ANSHAHAN RAHMAN P K | MOHAMMED FASIL KARUPPAM VEETIL
287,ANG INLINE PRIVATE LIMITED,"Thiruvananthapuram, Kerala",https://startups.startupmission.in/startups/ZaQxZ,https://www.servicexpertz.om,Construction,Construction,Web technologies,B2C,
288,ANGEL BEES PRIVATE LIMITED,"Alappuzha, Kerala",https://startups.startupmission.in/startups/Z9jl0,https://www.angelbees.co.in,Consumer Goods,Consumer Goods,Web technologies,B2C | B2B | Platform,Ann Maria | Lisha Francis | Cyriac Meppuram
289,ANGELSTAR ENTERPRISES PRIVATE LIMITED,"Pathanamthitta, Kerala",https://startups.startupmission.in/startups/8xjKQ,http://www.bookfromfarmer.com,Agriculture and Life Sciences,Agri Tech,Manufacturing | Biotechnology,B2C | B2B | D2C,Reuben C Kuruvilla
290,ANGLE-BELEARN EDUCATION PRIVATE LIMITED,"Kozhikode, Kerala",https://startups.startupmission.in/startups/pzOBa,https://anglebelearn.com/,Education,EdTech,Web technologies,B2C,NAVAJYOTH | ALSHADAN TC | Ashique Muhammed
291,ANIMAL SPIRITS TECH LLP,"Palakkad, Kerala",https://startups.startupmission.in/startups/0GDLp,https://www.animalspirits.in,Consumer Goods,Consumer Electronics,3D Printing | Internet of Things (IoT) | Manufacturing | Augmented Reality (AR) | Drones,B2C | B2B,Ahas H Das
292,ANIYAN'S INTEGRATED DAIRY PRIVATE LIMITED,"Kollam, Kerala",https://startups.startupmission.in/startups/ZdrYX,http://www.aniyansdairy.com/,Consumer Goods,FMCG,Manufacturing,B2B | B2C,GOPAKUMAR BALAKRISHNAPILLAI | GOKUL GOPAN | JAYAKUMARY GOPAKUMAR | GOPIKA GOPAN JAYAKUMARY
293,ANK LIFECARE PRIVATE LIMITED,"Ernakulam, Kerala",https://startups.startupmission.in/startups/8VKLZ,https://lifecareenterprises.in/index.php,Healthcare,Assistive Tech,Manufacturing,B2C,
294,ANKAARA FASHION PRIVATE LIMITED,"Thrissur, Kerala",https://startups.startupmission.in/startups/8AQo7,https://ankaarafashion.com/,IT/ITeS,Consumer Apps,Augmented Reality (AR) | Mobile Apps,B2C | B2B,ANAGHA DAS | ANIRUDH S KUMAR
295,ANKLE MOTION PRIVATE LIMITED,"Ernakulam, Kerala",https://startups.startupmission.in/startups/pYg7A,https://www.anklemotion.in/,Healthcare,Fitness & Wellness,Sensors | Manufacturing,B2B | B2C,
296,ANNA FUTURE TECHNOLOGY LLP,"Thrissur, Kerala",https://startups.startupmission.in/startups/8XN20,https://annafuturetech.com/,Energy,Renewable Energy,Manufacturing,B2C | B2B,Renny N J | Parackal Paulose Wilson
297,ANOTH INTERNATIONAL PRIVATE LIMITED,"Malappuram, Kerala",https://startups.startupmission.in/startups/0BGyA,https://anothbeach.com/,Retail,Tourism,AI / ML,B2B | B2C,MOHAMED ASHRAF KOTTILUNGAL | BASH ANOTH
298,ANSHAD INTERNATIONAL LOGISTICS LLP,"Thiruvananthapuram, Kerala",https://startups.startupmission.in/startups/0Bw4v,https://www.ashadgroup.com/,Mobility,Logisitics & Transport,Web technologies,B2B | B2C,ANSHAD ASHARAF | AMJUTHA ASHARAF ROOHALATHU
299,ANTDEL ENTERPRISES PRIVATE LIMITED,"Idukki, Kerala",https://startups.startupmission.in/startups/0MAyw,https://bornandbloom.net/,Consumer Goods,FMCG,Manufacturing,B2B,ABIN SEBASTIAN | DAISY SEBASTIAN
300,ANTHEM CONSULTANCY LLP,"Kozhikode, Kerala",https://startups.startupmission.in/startups/ZrPOE,http://anthemconsultancy.com/,IT/ITeS,Enterprise Applications,Web technologies | Mobile Apps,B2B | B2C | B2G,Valsaraj Nambarambath | Aswani Nambarambath
301,ANTHORA CREATIVE PRIVATE LIMITED,"Kozhikode, Kerala",https://startups.startupmission.in/startups/pkJzw,https://sostorytelling.com/,Education,EdTech,AI / ML | Augmented Reality (AR) | Virtual Reality (VR),B2C,VARUN ARU KANDATHIL | MADHU ARU KANDATHIL
302,ANTZMEDIA DIGITAL SOLUTIONS PRIVATE LIMITED,"Ernakulam, Kerala",https://startups.startupmission.in/startups/Z3eE2,https://antzmedia.com,IT/ITeS,Consumer Apps,Mobile Apps,B2C,Jeena A Jayan | Akhilraj Rajendra | SIJU SUGATHAN
303,ANUGRAHA NUTRACEUTICALS PRIVATE LIMITED,"Ernakulam, Kerala",https://startups.startupmission.in/startups/04lDM,https://www.anugrahanutraceuticals.in/,Healthcare,Fitness & Wellness,Web technologies | AI / ML,B2C | B2B | Marketplace,Chanchal Delson | Cleetus Delson | Arjun Kuruvila
304,ANUKRITI AI PRIVATE LIMITED,"Kollam, Kerala",https://startups.startupmission.in/startups/ZdYo9,https://www.anukritiai.com,Healthcare,Healthcare IT,AI / ML | Biotechnology | Big data,SaaS | B2B,JOHAN GEORGE | ATUL ALEXANDER VAIDIAN | AAGNEYE SYAMKUMAR | ABHIMANYU R B
305,ANURAG INFRA MANAGEMENT (OPC) PRIVATE LIMITED,"Thiruvananthapuram, Kerala",https://startups.startupmission.in/startups/8Aqe8,https://g.co/kgs/k28Zba,Construction,Construction,Manufacturing,B2B | B2C,Anurag S
306,AONZ AI TECHNOSYS SOLUTIONS PRIVATE LIMITED,"Ernakulam, Kerala",https://startups.startupmission.in/startups/8LqM5,https://aonz.in/,Other,Other,AI / ML,B2B | SaaS,MUHAMMED ANEES VADAKKEDATH
307,APENIR INNOVATIONS PRIVATE LIMITED,"Ernakulam, Kerala",https://startups.startupmission.in/startups/8A1re,https://www.apenir.com/,Healthcare,Healthcare IT,Internet of Things (IoT) | AI / ML | Mobile Apps,B2C | B2B | Platform,JERIN JOSE | JOEL THOMAS
308,APES AI INDIA PRIVATE LIMITED,"Malappuram, Kerala",https://startups.startupmission.in/startups/8n15N,https://www.apesai.in,IT/ITeS | Healthcare,Enterprise Infrastructure | Enterprise Applications | Healthcare IT,AI / ML | Internet of Things (IoT) | Security & Surveillance Technology | Web technologies,B2B | Freemium | SaaS,Shamsudheen
309,APEXAVIONIX PRIVATE LIMITED,"Ernakulam, Kerala",https://startups.startupmission.in/startups/pbnLY,https://www.apexavionix.com,Aerospace and Defense,Military,Drones,B2B | B2G,Francis Rohan John
310,APEXDELTA VENTURES PRIVATE LIMITED,"Palakkad, Kerala",https://startups.startupmission.in/startups/07Wbe,https://www.apexdeltaventures.com,"Banking, Financial Services and Insurance",FinTech,AI / ML | Mobile Apps | Web technologies,B2C | B2B | SaaS,RAHUL C
311,APEXIUM GLOBAL PRIVATE LIMITED,"Palakkad, Kerala",https://startups.startupmission.in/startups/0G1MX,https://www.apexiumglobal.com,Retail,Retail,Internet of Things (IoT) | Manufacturing | Web technologies,B2B | B2C | Marketplace,RENJU K | NIDHIN S | PRAVEEN P
312,APKA AVIATION ADVENTURES PRIVATE LIMITED,"Thrissur, Kerala",https://startups.startupmission.in/startups/8LxO8,https://www.apkaaviation.org/,Aerospace and Defense,Military,Manufacturing,B2B,
313,APOTHECARY HEALTH TECH SOLUTIONS PRIVATE LIMITED,"Ernakulam, Kerala",https://startups.startupmission.in/startups/0w3xJ,http://www.theapothecary.co.in,Healthcare,Healthcare IT,Augmented Reality (AR) | AI / ML | Internet of Things (IoT),B2B,Hyder shehin sha T A | Nadeem Sha Hamzhath T A | Muneeb Majeed Abdula
314,APOTHECARY MEDICAL SERVICES LLP,"Ernakulam, Kerala",https://startups.startupmission.in/startups/8KQnG,https://theapothecary.co.in/,Healthcare,Medical Devices,AI / ML | Augmented Reality (AR) | Internet of Things (IoT) | Mobile Apps,B2B | B2C | SaaS,Nadeem Sha Hamzath T A
315,APP INTEGRITY PRIVATE LIMITED,"Thiruvananthapuram, Kerala",https://startups.startupmission.in/startups/8n6Pa,https://appintegrity.io,Other,Other,AI / ML | Mobile Apps,B2B | SaaS,PRAJITH PRABHAKAR | ANUP RAJAN | SIVAPRAKASAM KUMAR SANJAY | Midhun Kumar
316,APP SPHERE B2B INDIA PRIVATE LIMITED,"Alappuzha, Kerala",https://startups.startupmission.in/startups/Z1V4K,https://appsphereb2b.com/,Consumer Goods,FMCG,Manufacturing,B2B,SUNIJA KUNJAPPU | JAIDEEP OOMMAN
317,APPFIDE PRIVATE LIMITED,"Ernakulam, Kerala",https://startups.startupmission.in/startups/0Wxoa,https://appfide.com,IT/ITeS,Consumer Apps,Mobile Apps | AI / ML,Freemium | D2C,Dhipin K Das | Aimy Mary K X
318,APPFINITY SOLUTIONS PRIVATE LIMITED,"Thrissur, Kerala",https://startups.startupmission.in/startups/0GvzZ,http://appfinity.co.in/,IT/ITeS,Enterprise Applications,Web technologies,B2B | B2C,
319,APPLIED CENTER FOR ACADEMIC DEVELOPMENT AND INNOVATION LLP,"Thrissur, Kerala",https://startups.startupmission.in/startups/ZdYVY,https://aibuilderindia.acadai.in/,IT/ITeS,Enterprise Applications,AI / ML,B2B | SaaS,Abhijith K | Vismaya A
320,APPLIED ELECTRONICS AND ROBOTICS LABORATORY LLP,"Kannur, Kerala",https://startups.startupmission.in/startups/07W4G,https://aerl.space,IT/ITeS,Consumer Apps,AI / ML,B2C,
321,APPSAAS AI TECHNOLOGIES PRIVATE LIMITED,"Thiruvananthapuram, Kerala",https://startups.startupmission.in/startups/8XwD4,https://appsaasai.com/,IT/ITeS,Enterprise Applications,Web technologies | AI / ML | Mobile Apps,SaaS | B2B | B2C,JANISA | ABDUL MUHAIMIN
322,APPSTRAY PRIVATE LIMITED,"Thiruvananthapuram, Kerala",https://startups.startupmission.in/startups/0PAAW,https://www.appstray.com,Media and Entertainment,AdTech,Web technologies,B2B | B2C,
323,APPX IT CONSULTANCY LLP,"Thiruvananthapuram, Kerala",https://startups.startupmission.in/startups/poQAQ,https://appxit.in,Retail,Retail,Web technologies | Mobile Apps,B2B | SaaS | Platform,AJITH S | Shalni Kumari Sinha
324,APRO IT SOLUTIONS PRIVATE LIMITED,"Thrissur, Kerala",https://startups.startupmission.in/startups/Za26x,https://aproitsolutions.com/,IT/ITeS,Enterprise Applications,Web technologies | Mobile Apps,B2B,Ajil Siva | Rohith Robin
325,APTDEALZ BUYER HUB AND E-TRADING PRIVATELIMITED,"Ernakulam, Kerala",https://startups.startupmission.in/startups/0PKYZ,https://aptdealz.com/,Retail,Retail,Web technologies,B2C | B2B | Marketplace,SIVASANKARAN BABU RESMY | AISWARYA B | SHAMLA ANAZ
326,APTIBO SOLUTIONS PRIVATE LIMITED,"Kannur, Kerala",https://startups.startupmission.in/startups/pyr7g,https://aptibo.com,IT/ITeS,Enterprise Applications,AI / ML | Internet of Things (IoT) | Web technologies,B2B | B2C | SaaS,LAL SOORAJ C B | ABDULLA KARIYIL THARACHANDY | JITHIN GOPI NATH
327,APTINNOV LABS PRIVATE LIMITED,"Kottayam, Kerala",https://startups.startupmission.in/startups/8Kqk0,https://aptinnov.in,Agriculture and Life Sciences,Agriculture,Manufacturing,B2C,AJIN OMANAKUTTAN | ABI VARGHESE
328,APTIVORA GLOBAL SOLUTIONS PRIVATE LIMITED,"Thrissur, Kerala",https://startups.startupmission.in/startups/0MoNV,http://www.aptivoraglobalsolutions.com,Education,EdTech,AI / ML | Mobile Apps | Web technologies,B2C | Marketplace | Platform,SONIA V V | REJIN VARGHESE | SREELEKHA KANNANGATH
329,APTO INNOVATIONS PRIVATE LIMITED,"Kozhikode, Kerala",https://startups.startupmission.in/startups/pkwXL,https://www.apto.live/,IT/ITeS,Enterprise Applications,Web technologies | Mobile Apps,B2B | B2C | Platform,NELLENGARA ANJALI | CHEMBAKASSERI PREMANATHAN | SREEJITH CHEMBAKASSERI
330,APZIANT TECHNOLOGIES PRIVATE LIMITED,"Kozhikode, Kerala",https://startups.startupmission.in/startups/0BDX8,https://www.apziant.com,Retail,Tourism,Web technologies,Marketplace,
331,AQOZA TECHNOLOGIES PRIVATE LIMITED,"Ernakulam, Kerala",https://startups.startupmission.in/startups/p6gv8,https://www.aqoza.com,Healthcare,Fitness & Wellness,Biotechnology | Sensors | Manufacturing,B2B,
332,AQUA LEO SUBSEA INDIA PRIVATE LIMITED,"Ernakulam, Kerala",https://startups.startupmission.in/startups/ZD7bx,https://aqualeosubsea.com/,Mobility,Logisitics & Transport,Robotics | Manufacturing,B2G | B2C | B2B,Denson Kallingal Leons | Elizabeth Reema Kallingal
333,AQUALYS WATER TECHNOLOGIES PRIVATE LIMITED,"Ernakulam, Kerala",https://startups.startupmission.in/startups/pbVz3,https://aqualys.co/,Climate,Waste Management,Biotechnology | Nanotechnology,B2B,Tony Sebastian | Dr Syriac Joseph Palackal | Boney Antony
334,AR TRADE FLAIR GRANT HOLDINGS PRIVATE LIMITED,"Kannur, Kerala",https://startups.startupmission.in/startups/0JRGk,http://artfgholdings.com,"Banking, Financial Services and Insurance",Financial Services,Web technologies,B2C,
335,ARAB INDUSTRIES PRIVATE LIMITED,"Kozhikode, Kerala",https://startups.startupmission.in/startups/ZOwDZ,https://arabindustries.tech,Climate,Climate tech,Internet of Things (IoT) | Manufacturing,Platform | B2B | B2G,Ahammed jadeer puthiya purayil | Sajad | Shafik puthiya purayil
336,ARAMAIA INTERNATIONAL RESIDENTIAL SCHOOLPRIVATE LIMITED,"Wayanad, Kerala",https://startups.startupmission.in/startups/0JrGY,https://aramaiaschool.com/,Education,EdTech,AI / ML,B2C,SHINTA PIOUS | VIPIN JOSE
337,ARAMIS IMAGING LLP,"Thiruvananthapuram, Kerala",https://startups.startupmission.in/startups/ZaXR8,https://aramis.ai,Healthcare,Healthcare IT,AI / ML | Big data | Web technologies,B2B | B2C,ANIL PRAHLADAN | Ajith Joy K
338,ARAXION LABS PRIVATE LIMITED,"Kozhikode, Kerala",https://startups.startupmission.in/startups/pQ1Qp,https://araxion.com,Education,EdTech,Mobile Apps | Web technologies,B2B | B2C,
339,ARBOVIS BIOTECH & RESEARCH PRIVATE LIMITED,"Ernakulam, Kerala",https://startups.startupmission.in/startups/0Bwyw,https://arbovis.in,Healthcare,Pharma,Biotechnology | Manufacturing,B2C,Semina Siddeek | Sahina S
340,ARCADIA AUTOHUB PRIVATE LIMITED,"Wayanad, Kerala",https://startups.startupmission.in/startups/ZdYrJ,https://arovehic.com,Mobility,Auto,Mobile Apps,B2C | Marketplace | Platform,Abhishek | ARUN BABU M | Arjun Babu M
341,ARCHFIEND STUDIO PRIVATE LIMITED,"Pathanamthitta, Kerala",https://startups.startupmission.in/startups/Z3Vr8,https://www.archfiendstudio.com,Media and Entertainment,Gaming,Web technologies,B2C,
342,ARCHIPAWS PRIVATE LIMITED,"Idukki, Kerala",https://startups.startupmission.in/startups/0eeaG,http://www.Archipaws.in,Other,Other,Manufacturing,D2C | B2B | B2C,JOJI THOMAS | ROSILY
343,ARCHIRE GLOBAL PRIVATE LIMITED,"Kozhikode, Kerala",https://startups.startupmission.in/startups/8Kx6j,https://archireglobal.com/,Other,Other,Internet of Things (IoT),B2B,Ramees Ahammed Ilahi | Mohammed Rizwan
344,ARCHISOFT IT SOLUTIONS PRIVATE LIMITED,"Malappuram, Kerala",https://startups.startupmission.in/startups/8VGNq,https://www.archisoft.in/,Other,Other,Web technologies | AI / ML | Mobile Apps,SaaS | Marketplace | B2B,SARATH KUMAR T R | ASHIDHA PALLATH JOSHY | Arjun J chaliyath
345,ARCK INFRATECH PRIVATE LIMITED,"Thiruvananthapuram, Kerala",https://startups.startupmission.in/startups/Z9BKl,https://arckinfra.in/,Construction,Construction,Sustainable Construction | Internet of Things (IoT) | Sensors,B2B,Kevinraj Leela Kanakaraj | JOYRAJ SOMARAJAN KARMLY
346,ARCOGNIS TECHNOLOGIES PRIVATE LIMITED,"Ernakulam, Kerala",https://startups.startupmission.in/startups/pY1dO,https://arcognis.com/about,IT/ITeS,Enterprise Applications,Cyber Security | Mobile Apps | Web technologies,B2B,SAMEENA K H | THARISH P T
347,ARENA CREATIONS PRIVATE LIMITED,"Kannur, Kerala",https://startups.startupmission.in/startups/Za2KK,https://arenacreators.com/,Media and Entertainment,Entertainment & Media,Web technologies,B2B,SUDHEEV KANNARATH PUTHIYAPURAY | VALIYA PURAYIL USHA
348,ARFWED ENERGY SOLUTIONS LLP,"Malappuram, Kerala",https://startups.startupmission.in/startups/pbEO0,https://www.arfwed.com,Energy,Energy Generation and Distribution,Semiconductors | Sensors,B2B | B2C,
349,ARGONITE INNOVATIONS PRIVATE LIMITED,"Malappuram, Kerala",https://startups.startupmission.in/startups/poQGx,https://www.enrols.in,Education,EdTech,Mobile Apps | AI / ML | Web technologies,Platform | Marketplace | B2B,SHINAS AHMED CHEVIDIKKUNNAN | SAJJAD HUSAIN | MUHAMMED NIYAS PV
350,Arine Solar Solutions Llp,"Thiruvananthapuram, Kerala",https://startups.startupmission.in/startups/pvV9z,https://www.arinesolar.com,Agriculture and Life Sciences,Agri Tech,Manufacturing | Sustainable Construction,B2B,
351,ARISTO JUSTINIAN LEGALTECH PRIVATE LIMITED,"Kollam, Kerala",https://startups.startupmission.in/startups/8RA2J,https://aristoj.com,IT/ITeS,Enterprise Applications,AI / ML | Blockchain | Web technologies,B2B | D2C | SaaS,Jubairia Aziz
352,ARIVAN LEARNING RESEARCH & DEVELOPEMENT (OPC) PRIVATE LIMITED,"Malappuram, Kerala",https://startups.startupmission.in/startups/0w3d1,https://www.arivanlearning.com/,Education,EdTech,Mobile Apps,Platform,NAVEENRAJ NATARAJAN
353,ARJ INFOTECH PRIVATE LIMITED,"Kozhikode, Kerala",https://startups.startupmission.in/startups/8qLBp,http://infonlive.com/,IT/ITeS,Consumer Apps,Web technologies,B2C,
354,Arkellis Technologies Private Limited,"Ernakulam, Kerala",https://startups.startupmission.in/startups/8Loex,https://arkellis.com,IT/ITeS,Enterprise Applications,Augmented Reality (AR) | Virtual Reality (VR) | Manufacturing,B2B | SaaS | Platform,Abilash C Ashok | Asokan V K
355,ARKIN AGROTECH PRIVATE LIMITED,"Ernakulam, Kerala",https://startups.startupmission.in/startups/0PMwp,https://www.arkinagro.com/,Agriculture and Life Sciences,Agriculture,Biotechnology,B2B,
356,ARKIZARD ENTERPRISES PRIVATE LIMITED,"Kollam, Kerala",https://startups.startupmission.in/startups/0PO2o,https://www.arkizard.com/,IT/ITeS,Enterprise Applications,AI / ML | Web technologies,B2B | SaaS,JOMON JOY | ANURUDH ANILKUMAR SUNITHA RAJI | MUHAMMED ASHIR
357,ARKS Enterprises,"Palakkad, Kerala",https://startups.startupmission.in/startups/Z1mzx,https://www.arksenterprises.in,Other,Other,Web technologies,D2C,
358,ARMEDON HEALTHCARE PRIVATE LIMITED,"Ernakulam, Kerala",https://startups.startupmission.in/startups/0woe0,http://www.armedon.in/,Healthcare,Medical Devices,Manufacturing | AI / ML,B2B,
359,Armino Technologies Private Limited,"Kozhikode, Kerala",https://startups.startupmission.in/startups/py6x5,https://armino.in/,IT/ITeS,Enterprise Applications,Mobile Apps,B2B,Soumini Balakrishnan Sanukrish | Shankaran Hariprasad | Narayanan Pilathottathil Soora | Somasundaran Mitun | Kizhakkekkara Jithesh
360,AROOHA TRAVEL AND TOURISM PRIVATE LIMITED,"Kozhikode, Kerala",https://startups.startupmission.in/startups/ZD5nK,https://www.aroohatravel.in/,Retail,Tourism,AI / ML | Internet of Things (IoT),B2C | B2B | Platform,RIZU MUHAMMED | AJU MUHAMMED TV
361,AROUNDBEE PRIVATE LIMITED,"Kannur, Kerala",https://startups.startupmission.in/startups/8LqJa,https://aroundbee.com,IT/ITeS,Consumer Apps,Mobile Apps | Geographic Information Systems | AI / ML,B2C | Freemium,PALORA ATHEEV RAJA | PALORA AKSHITH RAJA
362,ARRIVU ED-TECH LLP,"Kottayam, Kerala",https://startups.startupmission.in/startups/0wNOZ,https://arrivu.wixsite.com/mysite-1,Education,EdTech,Mobile Apps | Web technologies,B2C,
363,ARSVITAE INFOTECH PRIVATE LIMITED,"Ernakulam, Kerala",https://startups.startupmission.in/startups/ZjGPG,https://arsvitaeinfotech.com/,Media and Entertainment,Social Media,Web technologies,B2B | B2C | Platform,ALFIN JOHN | CHAKOLA DAVID PAUL
364,ART OF AI ACADEMY PRIVATE LIMITED,"Kozhikode, Kerala",https://startups.startupmission.in/startups/0POJN,https://artofaiacademy.com,Education,EdTech,AI / ML,B2C,
365,ARTICBOT PRIVATE LIMITED,"Kannur, Kerala",https://startups.startupmission.in/startups/VplBZ,https://www.articbot.com/,IT/ITeS,Enterprise Applications,Web technologies,B2C,
366,ARTIFEX STUDIOS PRIVATE LIMITED,"Alappuzha, Kerala",https://startups.startupmission.in/startups/0POPN,https://artifexstudios.in/,Media and Entertainment,AdTech,Mobile Apps,B2B,SREEHARI HARIKUMAR | ABHIJITH AJITH | AJI SAM
367,ARTISTIC MEDIA SOLUTIONS PRIVATE LIMITED,"Ernakulam, Kerala",https://startups.startupmission.in/startups/Z9Wrm,http://www.moviecritic.in/,Media and Entertainment,Social Media,Web technologies | Mobile Apps,Platform,AMAL ZAMAN | SUJAS ALI
368,ARTIZENSEHUB PRIVATE LIMITED,"Ernakulam, Kerala",https://startups.startupmission.in/startups/pbVwB,https://artizensehub.com/,Media and Entertainment,Entertainment & Media,Web technologies,Freemium,RAJASEKARAN VIJAYASARATHI | Ramesh Krishnan
369,ARTOB AI PRIVATE LIMITED,"Kozhikode, Kerala",https://startups.startupmission.in/startups/8xOlR,https://artobai.com/,IT/ITeS,Enterprise Infrastructure,Web technologies,B2C | B2B,RASHEELA | MOOSA FAWAS C
370,Artsuite Private Limited,"Ernakulam, Kerala",https://startups.startupmission.in/startups/8n1GN,https://www.linkdot.xyz/,IT/ITeS,Consumer Apps,Blockchain | Web technologies,Marketplace | Platform,VIJIN GOVIND | AADARSH KS
371,ARUNRAJKARTHA PRODUCTIONS PRIVATE LIMITED,"Ernakulam, Kerala",https://startups.startupmission.in/startups/ZaOnp,https://www.arkproductions.in/,Media and Entertainment,AdTech,Web technologies,B2B,Rajmohan Kartha K G | Rajmohan Kartha Arunraj
372,ARVENSION TECHNOLOGIES LLP,"Thiruvananthapuram, Kerala",https://startups.startupmission.in/startups/poAOZ,http://www.arvension.in,IT/ITeS,Enterprise Applications,Web technologies,B2B | B2C,ARUN UL | Abhi Asok
373,ARXEC SYSTEMS LLP,"Ernakulam, Kerala",https://startups.startupmission.in/startups/0Pgzo,https://arxec.systems,IT/ITeS,Enterprise Applications | Enterprise Infrastructure,Web technologies | Cyber Security,B2B,Amalekh Biju
374,ARYANS TRAVEL DREAM PRIVATE LIMITED,"Kollam, Kerala",https://startups.startupmission.in/startups/pbV1x,https://aryanstraveldream.com/,Retail,Tourism,Web technologies,B2B | B2C,ACHAN KUNJU ANIZHAKUMARI
375,ARYAVEDIC NATURALS,"Ernakulam, Kerala",https://startups.startupmission.in/startups/ZEeV5,https://aryavedicnaturals.com/,Retail,Retail,Manufacturing,B2C,
376,ASA MARKETING LLP,"Malappuram, Kerala",https://startups.startupmission.in/startups/8xrPj,https://asamarketingllp.com,Food processing,Food & Food Tech,Web technologies,B2B | Platform,ASHFIN NEERMUNDA | ASHMAL KUPPANATH | MUHAMMED SHADIL KUPPANATH
377,ASA RAW INDIA SERVICES PRIVATE LIMITED,"Kozhikode, Kerala",https://startups.startupmission.in/startups/Z3V1x,https://www.asarawindia.com/,Retail,Retail,Semiconductors,B2B | B2C,SAJIN PADIKKOTTIL | AJEESH NADUVILOTTIL
378,ASALVEDA CONSUMER WELLNESS PRIVATE LIMITED,"Thrissur, Kerala",https://startups.startupmission.in/startups/Zdr9v,https://slowgoodsstudio.com,Healthcare,Fitness & Wellness,Biotechnology,B2C,ASWIN BABU | Rekha Ramesh
379,ASBO MIRACLE LLP,"Malappuram, Kerala",https://startups.startupmission.in/startups/ZD5ln,https://www.facebook.com/share/1DV7eJvJ9J/,Retail,Retail,AI / ML | Mobile Apps | Internet of Things (IoT),B2C,ARIFUDHEEN PUTHANPURAKKAL
380,ASCCENDO TECHNOLOGIES PRIVATE LIMITED,"Thrissur, Kerala",https://startups.startupmission.in/startups/Z3bB8,https://www.agogoai.com,Retail,Retail,Web technologies,Marketplace | B2C,
381,ASCEDU SMARTCLASSON LLP,"Kozhikode, Kerala",https://startups.startupmission.in/startups/0POkq,https://www.smartclasson.com,Education,EdTech,Web technologies | AI / ML | Internet of Things (IoT),SaaS | B2B | B2C,Anoopsha Chonari | Hussain C
382,ASCENDIO GLOBAL LLP,"Thiruvananthapuram, Kerala",https://startups.startupmission.in/startups/Z1zXx,http://www.ascendio.in/,Education,EdTech,Mobile Apps | Web technologies | Cyber Security,SaaS | B2B | B2C,S J JITHIN | GOUTHAM M DEV
383,ASCENT PLUS BUSINESS SOLUTIONS LLP,"Alappuzha, Kerala",https://startups.startupmission.in/startups/pyjOv,https://www.ascentplus.net,IT/ITeS,Enterprise Applications,Web technologies,B2B | B2C | SaaS,RAJESH N.S | SUNITHA M NAIR | VISAKH R
384,ASCIMOV TECHNOLOGIES PRIVATE LIMITED,"Ernakulam, Kerala",https://startups.startupmission.in/startups/07Xx3,http://ascimov.com/,IT/ITeS,Enterprise Applications,AI / ML,B2B,AMAL SHYJO | IFSIN ABDULLAH | MATHEW VARGHESE PAUL VARGHESE | ANDREWS PAUL
385,ASERT FARMING SOLUTIONS PRIVATE LIMITED,"Ernakulam, Kerala",https://startups.startupmission.in/startups/polO8,https://www.asertindia.com,Agriculture and Life Sciences,Agriculture,Web technologies,B2C,
386,ASHAPOWER PRIVATE LIMITED,"Malappuram, Kerala",https://startups.startupmission.in/startups/8XwAw,https://www.ashapower.in/,Energy,Energy Generation and Distribution,Manufacturing | Internet of Things (IoT),B2C | B2B,DILSHAN | VANIYAKOLY VEERANKUTTY
387,ASHER DIGITAL STORE LLP,"Ernakulam, Kerala",https://startups.startupmission.in/startups/Z9QAE,https://www.zaubacorp.com/company/ASHER-DIGITAL-STORE-LLP/AAU-6333,IT/ITeS,Enterprise Applications,Web technologies,B2C,DEEPTHI | JOBIN PADINJATH GEORGE
388,ASHTON HOMES & DEVELOPERS LLP,"Kozhikode, Kerala",https://startups.startupmission.in/startups/0Pgwj,https://ashtonhomesanddevelopers.com/,Construction,Construction,Sustainable Construction,B2C,KARTHIK RAJ VILLAKKA TRANKANDI | VILANGIL JASIND
389,ASHVAABHI PRIVATE LIMITED,"Thrissur, Kerala",https://startups.startupmission.in/startups/pkwGL,https://atireonline.com,Retail,Retail,Manufacturing | AI / ML | Mobile Apps,B2C | Marketplace | Platform | B2B,ASHIK SUNIL | ABHIRAG NJATTUVETTY RADHAKRIS
390,ASHWIN BAVANI INITIATIVES PRIVATE LIMITED,"Thiruvananthapuram, Kerala",https://startups.startupmission.in/startups/pYzA8,https://www.onne.world,IT/ITeS,Enterprise Applications,Web technologies | Mobile Apps,B2B | B2C | Platform,
391,ASIAVILLE INTERACTIVE PRIVATE LIMITED,"Chennai, Tamil Nadu",https://startups.startupmission.in/startups/p6Wqn,https://asiaville.in/,Media and Entertainment,Animation & Graphics,Web technologies,B2B | B2C,Sashikumar B Menon | Tuhin Menon
392,ASIOS ALLIANCE PRIVATE LIMITED,"Kozhikode, Kerala",https://startups.startupmission.in/startups/poQd3,https://asiosalliance.com/,Other,Other,Web technologies,B2B | B2C,SHAHUL S
393,ASM ERP SOFTWARES PRIVATE LIMITED,"Alappuzha, Kerala",https://startups.startupmission.in/startups/0JNgy,https://www.youtube.com/watch?v=Hl1kOUZucj8,IT/ITeS,Enterprise Applications,Web technologies,B2B,Mridul Ashok | Sharon Ann Varghese
394,ASMANTEC,"Thiruvananthapuram, Kerala",https://startups.startupmission.in/startups/0MxXZ,http://www.asmantec.in,Agriculture and Life Sciences | IT/ITeS,Agri Tech | Enterprise Infrastructure | Enterprise Applications,Web technologies,Marketplace | B2B | B2C,Sereena Beegum | Afsal M | Munavar Nahas
395,Asnaviram Networks Private Limited,"Palakkad, Kerala",https://startups.startupmission.in/startups/0PAwK,http://www.asnaviram.in,Aerospace and Defense,Military,Security & Surveillance Technology | Semiconductors | Drones,B2B | B2C,Ajith Peter | Rakesh Peter
396,ASPIRA ONE PERCENT PRIVATE LIMITED,"Kozhikode, Kerala",https://startups.startupmission.in/startups/pmAXk,https://onepercentabroad.com/,Education,EdTech,AI / ML | Web technologies,B2C | Freemium | SaaS,MUHAMMED AL IRSHAD M U
397,ASPIREJO HR SOLUTIONS LLP,"Ernakulam, Kerala",https://startups.startupmission.in/startups/ZjYx8,http://www.aspiregroup.in,IT/ITeS,Enterprise Applications,Web technologies,B2B | B2C | Platform,
398,ASPIRING BUSINESS SOLUTIONS PRIVATE LIMITED,"Thiruvananthapuram, Kerala",https://startups.startupmission.in/startups/ZD7Xk,https://www.aspiringbusinesssolution.com/,Climate,Climate tech,Drones | Sensors | Geographic Information Systems,B2B | B2G,ADARSH BHASKARAN | PRATHIUSH KOODATHIL
399,ASPIROM TECHNOLOGIES PRIVATE LIMITED,"Kollam, Kerala",https://startups.startupmission.in/startups/8n1NW,https://www.aspiromtechnologies.com/,IT/ITeS,Enterprise Applications,Mobile Apps | Web technologies,B2B | B2C | Platform,Hareez Rahim | Anas MuhammedKunju
400,ASRT AGENCIES,"Palakkad, Kerala",https://startups.startupmission.in/startups/poXBk,https://asertfams.com,Agriculture and Life Sciences,Agriculture,Mobile Apps,B2C,Bhavya Nair | Ponnumani
401,ASSISTIVED INTELLIGENCE PRIVATE LIMITED,"Thiruvananthapuram, Kerala",https://startups.startupmission.in/startups/pkYLZ,https://www.assistivedintelligence.in,Healthcare,Healthcare IT,Web technologies,B2C,
402,ASSISTREND AI PRIVATE LIMITED,"Alappuzha, Kerala",https://startups.startupmission.in/startups/8X75e,https://assistrend.com/,Healthcare,Fitness & Wellness,AI / ML | Mobile Apps,B2C | B2B,ASHWIN SATHEESH | Cyriac T Meppuram
403,Asta Infotech,"Idukki, Kerala",https://startups.startupmission.in/startups/0Jkgp,https://info@astainfotech.in,Other,Other,Web technologies,B2C,
404,ASTERIMA NUTRICARE PRIVATE LIMITED,"Thrissur, Kerala",https://startups.startupmission.in/startups/04lXa,https://senzicare.com/,Healthcare,Fitness & Wellness,Manufacturing,B2C,. SUMESH METHANATH | MANDEEP BHAGHYALAKSHMI WARRIER | THOTTASSERI PRABHAKARAN DIJU | SANDEEP PRABHAKARAN | SANEESH METHANATH
405,ASTIND INFOTECH PRIVATE LIMITED,"Thiruvananthapuram, Kerala",https://startups.startupmission.in/startups/Z2z4G,https://www.Astind.com,IT/ITeS,Enterprise Applications,Web technologies,B2B | B2C,Mohammed Ismail Shiras | Saumya Shiras
406,ASTOUNDIS INNOVATIONS PRIVATE LIMITED,"Ernakulam, Kerala",https://startups.startupmission.in/startups/pzdaZ,https://www.kidvestor.in,Education,EdTech,Mobile Apps | Web technologies,B2C,
407,ASTREK INNOVATIONS PRIVATE LIMITED,"Ernakulam, Kerala",https://startups.startupmission.in/startups/05DQZ,https://www.astrekinnovations.com,Healthcare,Assistive Tech,Robotics | AI / ML | Manufacturing,B2B,Jithin Vidya Ajith | Robin Kanattu Thomas
408,ASTRIORB PRIVATE LIMITED,"Ernakulam, Kerala",https://startups.startupmission.in/startups/0BGwX,https://astriorb.com/,Food processing,Food & Food Tech,Mobile Apps,Marketplace | B2C | B2B,MOHAMMED HASHIM A | MOHAMMED SHAMMAS
409,ASWAMANTRA FOOD SUPPLEMENT PRIVATE LIMITED,"Kannur, Kerala",https://startups.startupmission.in/startups/Z2PYK,https://Aswamantra.in,Food processing,Food & Food Tech,Manufacturing | Biotechnology,B2C | B2B,SAHAD MAHAMOOD MUSHTHAQ KULOTH | SHAHID SIDDIQUL AKBER
410,AT BOTS,"Kottayam, Kerala",https://startups.startupmission.in/startups/Z9Be6,https://atbots.net/,Other,Other,AI / ML | Drones | Robotics,B2B | SaaS | B2G,Abi Talib
411,ATBIS DATA TECHNOLOGIES PRIVATE LIMITED,"Kozhikode, Kerala",https://startups.startupmission.in/startups/ZNaL8,https://www.aibi.co.in/,IT/ITeS,Enterprise Applications,Web technologies,B2B | B2C,
412,Atbott Solutions,"Ernakulam, Kerala",https://startups.startupmission.in/startups/ZrP55,https://www.atbott.co,Media and Entertainment,AdTech,Web technologies,B2B,
413,ATEES INDUSTRIAL TRAINING PRIVATE LIMITED,"Thrissur, Kerala",https://startups.startupmission.in/startups/ZrP73,https://atees.org/,Education,EdTech,Web technologies | AI / ML | Mobile Apps,B2C | B2B,NAEEM IBRAHIM | ANEESH
414,ATHARSH DESIGN HOUSE PRIVATE LIMITED,"Ernakulam, Kerala",https://startups.startupmission.in/startups/ZD72a,https://arcitapp.com/,Climate | Construction,Climate tech | Architecture,3D Printing | Manufacturing | Web technologies | Mobile Apps | Augmented Reality (AR),B2C | Platform,ADARSH SURENDRAN SHEELAKUMARI
415,ATHELSTAN TECHNOLABS PRIVATE LIMITED,"Ernakulam, Kerala",https://startups.startupmission.in/startups/Z1mgK,https://athelstantechnolabs.com,Media and Entertainment,AdTech,Web technologies,B2B,George Kurian Mathew
416,ATHENA ERUDITION,"Ernakulam, Kerala",https://startups.startupmission.in/startups/ZN5dv,https://athenaerudition.com/,Education,EdTech,Web technologies,B2C,ASIF NADHEER
417,Athengreen Private Limited,"Kozhikode, Kerala",https://startups.startupmission.in/startups/8xO67,https://www.athengreen.com/?fbclid=PAAabWNsTd-hUU2ycgtcMT4gL5yHFHANlwchHbcnm8vSoB8mDwop6NKLIIg2k,Agriculture and Life Sciences,Agriculture,Biotechnology | Manufacturing,B2B | D2C,THAZHE ATTANGAL NITHUL | AKSHAY RAJEEV
418,ATHIYUS ENGINEERING SOLUTIONS PRIVATE LIMITED,"Thrissur, Kerala",https://startups.startupmission.in/startups/8AQvj,https://sites.google.com/view/atiyusengineering/home?authuser=2,Climate,Waste Management,Manufacturing | Biotechnology | 3D Printing,B2B,RESMI ANTONY | ANTONY DAVID
419,ATHLETEBIT HEALTHCARE PRIVATE LIMITED,"Kottayam, Kerala",https://startups.startupmission.in/startups/pvnrp,https://upperclimb.co.in,Food processing,Food & Food Tech,Biotechnology,D2C,MATHEW CHACKO
420,ATHMIC BIOTECH SOLUTIONS PRIVATE LIMITED,"Thiruvananthapuram, Kerala",https://startups.startupmission.in/startups/Z1n70,http://www.athmicbiotech.com/,Agriculture and Life Sciences,Life Sciences,Biotechnology,B2B,
421,ATISSCO MARINE SUPPLY AND SERVICES PRIVATE LIMITED,"Kottayam, Kerala",https://startups.startupmission.in/startups/Z3eOL,http://www.atissco.com/,Other,Other,Manufacturing,B2B | B2C,SRUTHI PRAVEENKANTH | ANOOPKUMAR KUMARAN
422,ATLAS DREDGING PRIVATE LIMITED,"Palakkad, Kerala",https://startups.startupmission.in/startups/0BVa3,http://www.atlasdredging.in,Construction,Construction,Manufacturing,B2B | D2C | B2G,AJAY KRISHNAN C M | CHIDAMBARAM SATHISHKUMAR | SANJAY PRAKASH MENON
423,ATMA FARM TECH PRIVATE LIMITED,"Ernakulam, Kerala",https://startups.startupmission.in/startups/Z1K5p,https://www.atmafarmtech.com,Agriculture and Life Sciences,Agriculture,Web technologies,B2C,
424,ATMASUTRA WELLNESS PRIVATE LIMITED,"Thiruvananthapuram, Kerala",https://startups.startupmission.in/startups/8gRXA,https://atmasutra.org/,Healthcare,Fitness & Wellness,Web technologies,B2C,RAJEEV KUMAR SANKARVEL | PADMAM NANDAKUMAR SINDHU T C
425,ATMOFIC PRIVATE LIMITED,"Ernakulam, Kerala",https://startups.startupmission.in/startups/Zaxgm,https://atmofic.com/,Construction,Architecture,Manufacturing | Smart Home | Sustainable Construction,B2C,Valsamma | Sijo Siby
426,ATTENTIVE SENIOR CARE PRIVATE LIMITED,"Ernakulam, Kerala",https://startups.startupmission.in/startups/pzv92,https://gerifamm.in/,Healthcare,Fitness & Wellness,Mobile Apps | Web technologies,B2C | Platform | Marketplace,DHANYA SARATCHANDRAN PILLAI
427,AUB BUILDUPONLINE PRIVATE LIMITED,"Ernakulam, Kerala",https://startups.startupmission.in/startups/0GaL8,https://www.builduponline.com/,Retail,Retail,Web technologies,Marketplace,
428,AUCTOR BUSINESS SOLUTIONS PRIVATE LIMITED,"Ernakulam, Kerala",https://startups.startupmission.in/startups/ZdlEv,https://auctorsolutions.com/,"Banking, Financial Services and Insurance",Financial Services,Big data,B2B,JOSHI MANGALATH JOSEPH | NIKHIL KOMBATHAYIL MOHAMMED | FRANKLIN JOSE | AAKASH GEORGE | SABARINATH THACHERIYIL MOHANASUNDHARAN | ENGOOR SURENDRAN ASOK KUMAR
429,AUDENTO DIGITAL PRIVATE LIMITED,"Ernakulam, Kerala",https://startups.startupmission.in/startups/pzyQ0,https://www.audentodigital.com,Media and Entertainment,AdTech,Web technologies,B2B,
430,AUDIO REALITIES PRIVATE LIMITED,"Ernakulam, Kerala",https://startups.startupmission.in/startups/0wl5p,http://audiorealities.com,Media and Entertainment,Entertainment & Media,Web technologies,Marketplace | B2B | B2C,Jose K Sani | Alex K Sani
431,AUGERIO LABS PRIVATE LIMITED,"Thiruvananthapuram, Kerala",https://startups.startupmission.in/startups/0Pv78,https://www.augeriolabs.com,Mobility,Logisitics & Transport,Virtual Reality (VR),B2B,
432,Augmenta Innovations Private Limited,"Ernakulam, Kerala",https://startups.startupmission.in/startups/0BVyB,https://www.bookappstore.com,Education,EdTech,Augmented Reality (AR) | Virtual Reality (VR),B2B | B2C,
433,AUGSENSE LAB PRIVATE LIMITED,"Thiruvananthapuram, Kerala",https://startups.startupmission.in/startups/ZOGbZ,https://www.augsenselab.com,Climate,Climate tech,Geographic Information Systems,B2G,Kannan Kesavapillai | Sudheer Krishnan | Naveen Fransis
434,AUITO PRIVATE LIMITED,"Kannur, Kerala",https://startups.startupmission.in/startups/0PAvK,https://timelineservices.life/,IT/ITeS,Consumer Apps,Web technologies,B2B | B2C,AMAL BABU | SARATH SASEENDRAN
435,AUKI DIGITAL INNOVATIONS PRIVATE LIMITED,"Ernakulam, Kerala",https://startups.startupmission.in/startups/ZN5NL,https://www.au-ki.com/butler/,Food processing,Food & Food Tech,AI / ML,B2B,Prabhath Prabhakara Panicker
436,AURAFINA TECHNOLOGIES PRIVATE LIMITED,"Ernakulam, Kerala",https://startups.startupmission.in/startups/0wRzZ,https://www.vidzers.com/,Media and Entertainment,Social Media,Mobile Apps | Web technologies,B2B,Rajesh Sukumaran | Ajith K George
437,AUREON PRIVATE LIMITED,"Thiruvananthapuram, Kerala",https://startups.startupmission.in/startups/Z9BxP,https://aureonindia.com,Media and Entertainment,Social Media,Mobile Apps,Platform,ASHISH BINDUKUMARI CHRISTHUDAS | GOKUL S PILLAI | ARUN KUMAR ROSHCHANDRAKUMAR
438,AURIX BUSINESS CORP PRIVATE LIMITED,"Thrissur, Kerala",https://startups.startupmission.in/startups/8q6x3,https://www.aurixbusinesscorp.com/,Other,Other,Web technologies,B2C | B2B,ALINA THERESE JOSE | EDWIN PAUL | NIXON ANTU
439,AUROGALE TECHNOLOGIES PRIVATE LIMITED,"Ernakulam, Kerala",https://startups.startupmission.in/startups/8X7VK,https://www.aurogale.com/,IT/ITeS,Enterprise Applications,AI / ML,SaaS | B2B | B2G,Venugopalan M K | Akhil M V
440,AUSTOUCH CLEANING SERVICES INDIA PRIVATE LIMITED,"Idukki, Kerala",https://startups.startupmission.in/startups/pmrY8,https://austouchcleaning.com/,Retail,Retail,Manufacturing,B2C | B2B,
441,AUTO BRAIN SERVICES PRIVATE LIMITED,"Ernakulam, Kerala",https://startups.startupmission.in/startups/pkJVz,https://www.autobrainservices.com,Mobility,Auto,AI / ML,B2B | B2C,VIJAYAN SAJEEN | SHYNE MATHEW
442,AUTOBAE TECHNOLOGIES PRIVATE LIMITED,"Ernakulam, Kerala",https://startups.startupmission.in/startups/8VRq8,https://www.carbae.in/,IT/ITeS,Enterprise Applications,Web technologies | Mobile Apps,Marketplace | B2B | SaaS,Aslamudheen TK
443,AUTOBONICS PRIVATE LIMITED,"Malappuram, Kerala",https://startups.startupmission.in/startups/pl558,https://autobonics.com/,Education,EdTech,3D Printing | AI / ML | Robotics | Internet of Things (IoT),B2B | B2C,SHAHIR ABDULLA | S M MUHAMMED AZHAR
444,AUTOCHAT LLP,"Pathanamthitta, Kerala",https://startups.startupmission.in/startups/Zrjwz,https://createautochat.com/,IT/ITeS,Enterprise Applications,AI / ML | Web technologies,SaaS,Sherly Reji | Reji Raju
445,Autogenbot LLP,"Palakkad, Kerala",https://startups.startupmission.in/startups/ZrP9z,https://www.autogenbots.com,Agriculture and Life Sciences,Agri Tech,AI / ML | Robotics | Manufacturing,B2C | D2C,VIPIN K V
446,AUTOKRAZE MARKETING PRIVATE LIMITED,"Thiruvananthapuram, Kerala",https://startups.startupmission.in/startups/8AQ37,https://www.purox.in/,Retail,Retail,Manufacturing,D2C | Marketplace | B2B,SAMBHU SADASIVAN SREESANTHI
447,AUTOMIGHTY TECH SOLUTIONS PRIVATE LIMITED,"Ernakulam, Kerala",https://startups.startupmission.in/startups/8gbyk,https://www.falconebiz.com/company/AUTOMIGHTY-TECH-SOLUTIONS-PRIVATE-LIMITED-U58200KL2025PTC093868,Mobility,Logisitics & Transport,Mobile Apps,B2C | B2B,KURIAN A ALEX
448,AUTOMITHRA INDIA PRIVATE LIMITED,"Palakkad, Kerala",https://startups.startupmission.in/startups/8noxZ,https://www.nationads.in/,Media and Entertainment,AdTech,Web technologies,B2B,
449,AUTONOME VENDING LLP,"Malappuram, Kerala",https://startups.startupmission.in/startups/pyjBM,https://www.instagram.com/juicebot.in?igsh=MWpiMTIxbzAybXcxZA==,Food processing,Food & Food Tech,Robotics | Sensors,B2C,Javed Adnan P T | Mazin | Mohammed Sawad V T
450,AUTOSMART CONSULTANCY SOLUTIONS LLP,"Kannur, Kerala",https://startups.startupmission.in/startups/0e728,https://autosmarts.co/,Mobility,Auto,Web technologies,B2B,
451,AUTUMNROOMS TECHNOLOGIES PRIVATE LIMITED,"Ernakulam, Kerala",https://startups.startupmission.in/startups/8AQPx,https://autumnrooms.com/,IT/ITeS,Enterprise Applications,Web technologies,B2C,Mohammed Rafique
452,AUXBRAINS VENTURES PRIVATE LIMITED,"Kasaragod, Kerala",https://startups.startupmission.in/startups/pyAGp,https://www.auxbrains.com,Food processing,Food & Food Tech,Manufacturing,B2B,
453,AVANZA LOGISTICS PRIVATE LIMITED,"Ernakulam, Kerala",https://startups.startupmission.in/startups/Z3e3B,https://www.avanzalogistics.in/,Mobility,Logisitics & Transport,Geographic Information Systems | Mobile Apps,B2B | B2C | Platform,SIVANKUNJU KUTTAPPAN | SIVANKUNJU ANOOP | SIVANKUNJU BINOOP | RAJESH KOLAPPA PILLAI | LAKSHMANANPILLAI CHITHRA
454,AVARTA IT AND DESIGN SOLUTIONS PRIVATE LIMITED,"Pathanamthitta, Kerala",https://startups.startupmission.in/startups/0JNvY,https://avarta.in,Other,Other,AI / ML | Biotechnology | Drones,B2B | Platform,Radhika Prasad | Krishna Chandran
455,Avasarshala,"Ernakulam, Kerala",https://startups.startupmission.in/startups/0JaKZ,https://www.avasarshala.com,Education,EdTech,Mobile Apps | Web technologies,B2B | B2C,Ashwathy Venugopal | Sandeep Satheesan
456,AVB PRECIPRO (OPC) PRIVATE LIMITED,"Kozhikode, Kerala",https://startups.startupmission.in/startups/8VG5E,https://www.avbglobal.com,Other,Other,3D Printing | AI / ML,B2B,CHEPPAIKODE VISHNU ANUP KUMAR
457,AVES SCHOOL OF ARTS PRIVATE LIMITED,"Kollam, Kerala",https://startups.startupmission.in/startups/pymdp,https://www.imagiobox.com,Education,EdTech,Web technologies | Mobile Apps,B2C,Shylaja Kumari | Needhu Krishnan
458,AVIANTA SOLUTIONS GLOBAL LLP,"Malappuram, Kerala",https://startups.startupmission.in/startups/pQOKE,https://visadoo.com/,Retail,Tourism,Web technologies | AI / ML,B2B | B2C | Platform,Prajith T | MOHAMED SHAFEEQUE
459,AVIASYS TECHNOLOGIES PRIVATE LIMITED,"Kollam, Kerala",https://startups.startupmission.in/startups/Z2zBG,https://aviasys.in/,Aerospace and Defense,Military,Drones,B2B | B2G,SHONU SHOMON
460,AVINYA INFINITY SOLUTIONS PRIVATE LIMITED,"Palakkad, Kerala",https://startups.startupmission.in/startups/8KQwy,https://www.avinyainfinitysolutions.com/,,,,,BRAJOGOPAL CHAKRABORTY | ARIJIT MAJUMDAR
461,AVIO CONCEPTS LLP,"Kollam, Kerala",https://startups.startupmission.in/startups/Z1meW,https://www.godaddy.com/en-in,IT/ITeS,Enterprise Applications,AI / ML | Blockchain | Web technologies,B2B,Azeez Kunju Safeer | AYSHA ISMAIL
462,AVIRAM TECHNOLOGY SERVICES PRIVATE LIMITED,"Ernakulam, Kerala",https://startups.startupmission.in/startups/8q6v9,https://aviram.studio/,Media and Entertainment,Animation & Graphics,Web technologies,B2B,Janitha Ravi
463,AVISHKAR SOCIAL IMPACT VENTURES LLP,"Palakkad, Kerala",https://startups.startupmission.in/startups/8A1kD,,Other,Other,Sensors,B2C,VASUDEVAN C | DEEPA A T
464,AVM FUTUREFORGE PRIVATE LIMITED,"Ernakulam, Kerala",https://startups.startupmission.in/startups/8Lq5K,https://www.beubay.com/login,IT/ITeS,Enterprise Applications,Mobile Apps,SaaS,VISHNU PRAKASH M | ALAN BIJU
465,AWESCRIPTS LLP,"Kottayam, Kerala",https://startups.startupmission.in/startups/Z1VmA,https://www.awescripts.com,IT/ITeS,Enterprise Applications,AI / ML | Web technologies | Big data,B2G | SaaS | B2C,Akhila D | Nikhil John
466,AXEN SOFTWARE PRIVATE LIMITED,"Thiruvananthapuram, Kerala",https://startups.startupmission.in/startups/8q6PZ,https://www.axensoft.com,Retail | IT/ITeS,Retail | Consumer Apps,Mobile Apps | Web technologies,B2C | Marketplace | Freemium | B2B,Praveen S S | Pranav S S | Prabin S S
467,AXISBRIDGE VENTURES PRIVATE LIMITED,"Kannur, Kerala",https://startups.startupmission.in/startups/Z3W5d,https://axisbridgeventures.com/,Energy,Oil & Gas,Manufacturing,B2B,Vishwajith VR | Mohammed Shahin
468,AXL LABS PRIVATE LIMITED,"Thiruvananthapuram, Kerala",https://startups.startupmission.in/startups/0eeLj,https://axllabs.in/,IT/ITeS,Enterprise Applications,AI / ML | Robotics | Mobile Apps,Platform | B2B | SaaS,Jyothish Ram JN | Aswin PN | Akshay Prasad SS | Karthikeyan N
469,AXL SOFTWARE SOLUTIONS PRIVATE LIMITED,"Ernakulam, Kerala",https://startups.startupmission.in/startups/8AG3e,https://www.axlsoftwares.com,IT/ITeS,Enterprise Applications,Web technologies,B2B | B2C | Platform,
470,AXLDRONE INDIA PRIVATE LIMITED,"Ernakulam, Kerala",https://startups.startupmission.in/startups/ZNNq6,https://www.axldrone.com/,Aerospace and Defense,Military,Drones | Security & Surveillance Technology | AI / ML | Geographic Information Systems | Manufacturing,B2B | B2G | B2C | Marketplace,ZACHARIAS ROBIN | PALLIKAPARAMBIL JOSEPH JOSEPH
471,AXNOL DIGITAL SOLUTIONS PRIVATE LIMITED,"Thiruvananthapuram, Kerala",https://startups.startupmission.in/startups/pbM40,http://axnoldigitalsolutions.com/,IT/ITeS,Enterprise Applications,Web technologies | Mobile Apps,SaaS,Unnikrishnan K C
472,AXOBIS TECHNOLOGIES PRIVATE LIMITED,"Kozhikode, Kerala",https://startups.startupmission.in/startups/0BEvZ,https://www.axobis.com/,IT/ITeS,Enterprise Applications,Web technologies | Mobile Apps | Internet of Things (IoT),B2B | SaaS,Manoj Varghese | Fasi P P
473,AY CONSULTING (OPC) PRIVATE LIMITED,"Thiruvananthapuram, Kerala",https://startups.startupmission.in/startups/8xNk0,https://www.ayc-sm.com,Mobility,Logisitics & Transport,AI / ML | Cyber Security,B2B | B2C,Arun Lekshmy
474,AYALSKILL PRIVATE LIMITED,"Thrissur, Kerala",https://startups.startupmission.in/startups/plk7B,https://ayalskill.com,Other,Other,Web technologies,B2B | B2C | Marketplace,METHIL VENUGOPALAN | MUTHIRAMPARAMBIL SARALA DEVI B
475,AYIRAW TECH LLP,"Kasaragod, Kerala",https://startups.startupmission.in/startups/8XwwK,https://AYIRAWTECH.in/,Food processing,Food & Food Tech,Manufacturing,B2B | D2C,Mahesh PG
476,AYMAX VENTURES PRIVATE LIMITED,"Thiruvananthapuram, Kerala",https://startups.startupmission.in/startups/ZD7Yl,https://aymax.in/,Retail,Tourism,Web technologies,Marketplace | B2B,KARUNAKARAN NAIR HARINARAYANAN | SANDEEP SOMAN
477,AYMER & CO SOLUTIONS PRIVATE LIMITED,"Malappuram, Kerala",https://startups.startupmission.in/startups/8qrje,https://www.ealzo.com,Healthcare,Healthcare IT,Mobile Apps | Web technologies,B2C | B2B,SALIH AN | FAVAS A N
478,Ayurcradle Private Limited,"Malappuram, Kerala",https://startups.startupmission.in/startups/pQyEq,https://www.ayurcradle.com,Healthcare,Fitness & Wellness,Web technologies,B2C,
479,AYURGREEN SCIENTIFICA RESEARCH INSTITUTE LLP,"Malappuram, Kerala",https://startups.startupmission.in/startups/pkw3z,https://www.ayurgreenscientifica.org,Food processing,Food & Food Tech,Nanotechnology | Biotechnology,B2C,SAFNA HUSSAN KP
480,AZHIKODE BUSINESS SOLUTIONS PRIVATE LIMITED,"Kannur, Kerala",https://startups.startupmission.in/startups/pmwYZ,https://www.finedeal.co.in,IT/ITeS,Consumer Apps,Mobile Apps | Web technologies,B2B | B2C,
481,AZIZ INDUSTRIES CORPORATION LLP,"Thiruvananthapuram, Kerala",https://startups.startupmission.in/startups/8XWYp,https://aicorp.co.in/,Retail,Retail,AI / ML | Web technologies | Mobile Apps,Marketplace | SaaS,V Rafeeka Beevi | Abdul Azeez
482,AZKENA TECHNOLOGIES PRIVATE LIMITED,"Ernakulam, Kerala",https://startups.startupmission.in/startups/pbgWn,https://www.Azkenatech.com,IT/ITeS,Enterprise Applications,Web technologies,B2B | B2G | B2C,CLARA CROWLY
483,B Jelt Technologies Private Limited,"Ernakulam, Kerala",https://startups.startupmission.in/startups/ZrPdb,https://b-jelt.com/,IT/ITeS,Enterprise Applications,Web technologies | Mobile Apps,B2C,TOMS KOLANJIKOMBIL GEORGE | NIMISHA SARA GEORGE | JOBIN JOSE | LIJO GEORGE | RAMYA THEKKE KAMBRATH | JOBY THOMAS | JINTO GEORGE | MARY LISSA KOSHY
484,B-AEGIS LIFE SCIENCES & RESEARCH PRIVATELIMITED,"Thiruvananthapuram, Kerala",https://startups.startupmission.in/startups/0JrB0,https://www.b-aegis.com/,Healthcare,Medical Devices,Nanotechnology | Biotechnology,B2B,
485,B4BRAIN LABS LLP,"Kozhikode, Kerala",https://startups.startupmission.in/startups/8VDGX,https://b4brain.com/,Consumer Goods,Consumer Goods,Manufacturing,D2C | B2B | Marketplace,JUNAID AHAMMED K V | Dr.Ahamed Shafi
486,BAAC CONSTRUCTIONS PRIVATE LIMITED,"Kottayam, Kerala",https://startups.startupmission.in/startups/0erj2,https://www.baacconstructions.com/,Construction,Construction,Manufacturing | Sustainable Construction,B2B | B2C,BLIX ADAM ANTONY
487,BABBLETYM PRIVATE LIMITED,"Ernakulam, Kerala",https://startups.startupmission.in/startups/pkkb5,https://www.babbletym.in/,Retail,Retail,Manufacturing,D2C | B2B | B2C,THATTUPARAMBIL ASHARAF ALTHAF | BINSHAD BARIYATH KASIM
488,BABYLONIA AGSYS PRIVATE LIMITED,"Kozhikode, Kerala",https://startups.startupmission.in/startups/0MonM,https://www.babylonia.ag/,Climate | Agriculture and Life Sciences | Consumer Goods | Education | IT/ITeS,Climate tech | Agri Tech | Consumer Goods | Life Sciences | Agriculture | EdTech | Consumer Apps,AI / ML | Internet of Things (IoT) | Smart Home | Biotechnology | Sustainable Construction | Web technologies | Mobile Apps | Manufacturing,B2B | D2C | B2C | SaaS | Platform | B2G,Akansha Agarwal | Akkandy Nadoolayil Shahir | Farzeen Ahammed Ponmadath
489,BABYLONIA AGTECH PRIVATE LIMITED,"Kozhikode, Kerala",https://startups.startupmission.in/startups/ZEOlp,http://www.,Agriculture and Life Sciences,Agri Tech,Smart Home | Biotechnology | AI / ML,B2B | B2C,Farzeen Ahammed | Niyas Mudvanakandy
490,BAGMO PRIVATE LIMITED,"Kozhikode, Kerala",https://startups.startupmission.in/startups/ZaVK0,https://www.bagmo.in/,Healthcare,Medical Devices,Internet of Things (IoT) | Manufacturing,B2B,Ashfaq Ashraf C
491,BALG TECHNOLOGIES PRIVATE LIMITED,"Thiruvananthapuram, Kerala",https://startups.startupmission.in/startups/8RNRG,https://balg.in,Healthcare,Healthcare IT,Web technologies,SaaS,BALAJI KRISHNA
492,BALNC CARE PRIVATE LIMITED,"Thiruvananthapuram, Kerala",https://startups.startupmission.in/startups/07veZ,https://www.balnccare.com,Aerospace and Defense,Military,AI / ML | Sensors,B2G | B2B,Abhiragh
493,BAMBERG GLOBAL PRIVATE LIMITED,"Alappuzha, Kerala",https://startups.startupmission.in/startups/8q6lE,https://www.bambergglobal.com/,Food processing,Food & Food Tech,Biotechnology | Manufacturing,B2B | B2C,Mithun Radhakrishnan | Anoop Madhusudanan
494,BANAZA ENTERPRISES,"Malappuram, Kerala",https://startups.startupmission.in/startups/8nVwJ,https://banaza.in/,Agriculture and Life Sciences,Agriculture,Manufacturing,B2C,ABDUNNAZIR | MOHAMMED KOYA PULICKAL KAMPURATH | MUHAMMED | MUHAMMEDKUTTY
495,BANAZA ENTERPRISES LLP,"Malappuram, Kerala",https://startups.startupmission.in/startups/0JrAa,https://banazallp.com/,Food processing,Food & Food Tech,Manufacturing,B2B | B2C,BASHEER P P | SAJIRA BANU P P
496,BANCWISE TECHNOLOGIES LLP,"Thrissur, Kerala",https://startups.startupmission.in/startups/Z1VEN,http://www.flashfund.in,"Banking, Financial Services and Insurance",FinTech,Mobile Apps | Web technologies,B2B | SaaS | Platform,SIJO PAUL E | JOJI P SUNNY
497,BANIHAL TECHNOLOGIES LLP,"Kozhikode, Kerala",https://startups.startupmission.in/startups/pQoJZ,https://banihaltechnologies.com,IT/ITeS,Enterprise Infrastructure,Cyber Security | Mobile Apps | Security & Surveillance Technology,B2C,Subind Kottakkatte | Ligin
498,BANNOVI TECHNOLOGIES PRIVATE LIMITED,"Thiruvananthapuram, Kerala",https://startups.startupmission.in/startups/07Wl3,https://www.bannovi.com/,IT/ITeS,Consumer Apps,AI / ML | Geographic Information Systems | Mobile Apps | Web technologies,Platform | Marketplace | SaaS,PRINCE MOHAN | DENNY KURIAKOSE
499,BANZAN VENTURES PRIVATE LIMITED,"Ernakulam, Kerala",https://startups.startupmission.in/startups/05Ko8,https://www.banzan.co/,Media and Entertainment,Gaming,Mobile Apps | Web technologies,B2C | B2B | Platform | SaaS,Mukesh Dev
500,BARETOS INTERNATIONAL PRIVATE LIMITED,"Kannur, Kerala",https://startups.startupmission.in/startups/pbnbB,http://www.baretos.in,Food processing,Food & Food Tech,Manufacturing,B2B | B2C,JAMSEER BAPPANTAKATH | PONNAMBILATH YAHYA | MALIKAN SIRAJ | JAGGA JAYALAKSHMI | SIRAJALI POOVAN KULATHIL | ABDUL RAOOF PALLI VALAPPIL | JUNAID PULUKKOOL
501,BASE OF STARS TECHNOLOGIES LLP,"Kozhikode, Kerala",https://startups.startupmission.in/startups/p6dzV,https://www.baseofstars.com,IT/ITeS,Enterprise Applications,AI / ML | Big data | Web technologies,B2B,AMNAS AHAMED K T | ABDULLA RASHID M
502,BASELINET PRIVATE LIMITED,"Ernakulam, Kerala",https://startups.startupmission.in/startups/Z3grZ,http://baselinet.com/,IT/ITeS,Enterprise Applications,Mobile Apps | Web technologies,B2B | Marketplace | Freemium,Haneefa T P
503,BASEMENT'S KITCHEN PRIVATE LIMITED,"Thiruvananthapuram, Kerala",https://startups.startupmission.in/startups/8KmDj,https://www.thebasementskitchen.in,Food processing,Food & Food Tech,Manufacturing,B2C | B2B | D2C,Harini Ramanujam | MARAVARMA SUNDARA PANDIAN
504,BASSAM INFOTECH LLP,"Kozhikode, Kerala",https://startups.startupmission.in/startups/0BevZ,https://www.bassaminfotech.com/,IT/ITeS,Enterprise Applications,Manufacturing | Mobile Apps | Web technologies,B2C | B2B,AMINA HARSHAD | ABDUL BASITH ALI
505,Basta Electric Vehicles Private Limited,"Kannur, Kerala",https://startups.startupmission.in/startups/8qP2n,https://bastaelectricvehicles.bizdigital.com/,Mobility,Logisitics & Transport,Web technologies,B2B,SHERIL VARAYIL | SOORAJ GOVINDAN | SREEREKHA K P | ATHUL BALA KRISHNAN | HARIDASAN DERMMAL | ASWATHI MOL
506,BASTIONGUARD DEFENSE SOLUTIONS PRIVATE LIMITED,"Pathanamthitta, Kerala",https://startups.startupmission.in/startups/p6den,https://bastionguardsolutions.in,Aerospace and Defense,Space,AI / ML | Robotics | Semiconductors,B2B,THUSHARA PACHITHAZHATHU KRISHN | Dileep Varkey | Soumya Pradeep
507,BAVANS SOFTWARE PUBLISHING LLP,"Ernakulam, Kerala",https://startups.startupmission.in/startups/0MJPk,https://bavans.net/,Education,EdTech,AI / ML,B2C,PARAMESWARAN VIJAYAKUMAR | SWATHYMOL PARAMBATHERIL SALILAKUMAR
508,BAYESIAN WAYS LLP,"Thiruvananthapuram, Kerala",https://startups.startupmission.in/startups/Z2oV0,http://bayesian.in,IT/ITeS,Enterprise Applications,AI / ML | Big data | Internet of Things (IoT),B2B,Rajesh Rajesh | Kiran Vinayan
509,BAZANI INDIA PRIVATE LIMITED,"Thiruvananthapuram, Kerala",https://startups.startupmission.in/startups/8nRJ8,https://www.bazani.in,Retail,Real Estate Tech / Prop Tech,Manufacturing,B2C,
510,BBHUD TECHNOLOGIES LLP,"Ernakulam, Kerala",https://startups.startupmission.in/startups/pmeop,https://www.bbhud.com,Consumer Goods,Consumer Goods,Smart Home,B2C,
511,BCA BIZCHAIN ASSET TECH PRIVATE LIMITED,"Mumbai City, Maharashtra",https://startups.startupmission.in/startups/8RNXV,https://www.bankchainasset.com,Other,Other,Web technologies,Marketplace,
512,BDECR SYSTEMS INDIA PRIVATE LIMITED,"Malappuram, Kerala",https://startups.startupmission.in/startups/Z3V5B,https://www.startupindia.gov.in,IT/ITeS,Enterprise Applications,Web technologies | Big data | Blockchain,B2C | Platform | B2B,UPPATHIL CHATHOTH UMMU SALMA | UPPATTIL CHATHOTH MOHAMMED RIS
513,BE LITTLE THINGS LLP,"Thiruvananthapuram, Kerala",https://startups.startupmission.in/startups/ZN5v6,https://www.belittlethingscreatives.online/,Media and Entertainment,AdTech,Web technologies,B2B,MEERA MOHAN | RESMI JAMES
514,BEACN SOCIAL ENTERTAINMENT PRIVATE LIMITED,"Ernakulam, Kerala",https://startups.startupmission.in/startups/ZrP4N,https://beacn.social/,IT/ITeS,Consumer Apps,AI / ML | Web technologies | Mobile Apps,Platform,Abhishek Mammen Thomas | Joel Joseph Vilan
515,BEAGLE CYBER INNOVATIONS PRIVATE LIMITED,"Thiruvananthapuram, Kerala",https://startups.startupmission.in/startups/05150,https://beaglesecurity.com,IT/ITeS,Enterprise Applications,Cyber Security | Internet of Things (IoT) | AI / ML,B2B | B2C,Rejah Rehim
516,BEAN FACTORY PRIVATE LIMITED,"Ernakulam, Kerala",https://startups.startupmission.in/startups/pyrdv,https://thebeanfactorycoffee.com/,Food processing,Food & Food Tech,Manufacturing,B2B | D2C,HARI PRAKASH MARAR | BRIJITH SINGH KIZHAKKEDATH
517,BEANORBIT INTERNATIONAL LLP,"Ernakulam, Kerala",https://startups.startupmission.in/startups/ZaV2m,https://beanorbit.com/,IT/ITeS,Enterprise Applications | Mobile,Mobile Apps | AI / ML | Web technologies,SaaS | B2B | B2G,AFSUL RAHMAN ULLATTIL | PRIYA CHENTHAMARAKSHAN | Ajaymon k s
518,BEAT EDU CENTER OF EXCELLENCE PRIVATE LIMITED,"Kozhikode, Kerala",https://startups.startupmission.in/startups/ZOXRg,https://beateducations.com,Education,EdTech,AI / ML | Big data | Drones,B2C,MOHAMMED MUKTHAR ERANHIKATH | MUSHTHAQUE ALI AHAMED CHALI PA
519,BEAUAI NEUROTECHNOLOGIES PRIVATE LIMITED,"Thiruvananthapuram, Kerala",https://startups.startupmission.in/startups/0PgLm,https://beauneuroai.com/,Healthcare,Fitness & Wellness,AI / ML | Web technologies,B2B | B2C,ARUN G | Lekshmi Krishna
520,BEAVERS ENERGY SOLUTIONS PRIVATE LIMITED,"Alappuzha, Kerala",https://startups.startupmission.in/startups/Zjmg8,https://beaversenergy.com/,Energy,Renewable Energy,Manufacturing | Internet of Things (IoT) | Sensors,B2B | B2C | B2G,
521,BEDEZI STARTUPS PRIVATE LIMITED,"Pathanamthitta, Kerala",https://startups.startupmission.in/startups/ZrB3Z,https://www.bedezi-startups.com/,IT/ITeS,Enterprise Applications,Mobile Apps | Web technologies,B2B | B2C,
522,BEELYN LLP,"Ernakulam, Kerala",https://startups.startupmission.in/startups/8LqrO,https://www.hivenow.in/,IT/ITeS,Consumer Apps,Internet of Things (IoT),B2C | B2B,Tejas Christopher
523,BEEMAS PROJECTS AND INFRASTRUCTURE LLP,"Malappuram, Kerala",https://startups.startupmission.in/startups/ZEmbv,http://www.beemasprojects.com,Construction,Construction,Sustainable Construction,B2C | B2B,AHAMED AMAN SANJEETH | ZAJIDA ABDULLA HAMEED
524,BEETA RUBBERS INDIA PRIVATE LIMITED,"Kottayam, Kerala",https://startups.startupmission.in/startups/pmAVj,,Agriculture and Life Sciences,Agri Tech,Manufacturing,B2B | B2C,SAJEEV SREEDHARAN | SUJATHA
525,BEEYEMHEALTH AT 999 PRIVATE LIMITED,"Ernakulam, Kerala",https://startups.startupmission.in/startups/0JNey,https://www.healthat999.com/,Healthcare,Healthcare IT,AI / ML | Internet of Things (IoT) | Mobile Apps,Marketplace | D2C | B2C,Bijesh Muthirakkal
526,BEFIND SOLUTIONS PRIVATE LIMITED,"Kannur, Kerala",https://startups.startupmission.in/startups/8KmXn,https://www.fiinder.in/,Media and Entertainment,AdTech,Mobile Apps,B2B | Freemium | Marketplace,Muhammed Asharaf P
527,BEGIN4 SOLUTIONS,"Thiruvananthapuram, Kerala",https://startups.startupmission.in/startups/pmBkj,https://www.begin4solutions.com,IT/ITeS,Enterprise Infrastructure,Internet of Things (IoT) | Mobile Apps | Web technologies,B2B | B2C | B2G,Banisha Babu K | Badush Babu K
528,BEGO CARS PRIVATE LIMITED,"Ernakulam, Kerala",https://startups.startupmission.in/startups/Z1LK8,https://WWW.BEGO.CO.IN,Energy,Energy Generation and Distribution | Renewable Energy,Manufacturing | Mobile Apps | Display Technology,B2B | B2G,shahana shirin kp | BADARUDHEEN EM
529,Behind The Scene Apps,"Thiruvananthapuram, Kerala",https://startups.startupmission.in/startups/poXWO,https://www.behindthescene.app,IT/ITeS,Mobile,Mobile Apps,SaaS,Renjith S R | Shameer Sharafudeen
530,BEINEX CONSULTING PRIVATE LIMITED,"Kottayam, Kerala",https://startups.startupmission.in/startups/p61B0,https://www.beinex.com/,IT/ITeS,Enterprise Applications,AI / ML,B2B | B2C,
531,BELFORT OUTSOURCING LIMITED LIABILITY PARTNERSHIP,"Palakkad, Kerala",https://startups.startupmission.in/startups/8VYqp,http://belfort.in/index.php,IT/ITeS,Enterprise Applications,Web technologies,B2B | B2C,
532,BELLCHERRY VENTURES (OPC) PRIVATE LIMITED,"Ernakulam, Kerala",https://startups.startupmission.in/startups/pkrQ0,https://www.virginlocales.com/,,,,,
533,BELLIBI INNOVATIVE FOODS PRIVATE LIMITED,"Kannur, Kerala",https://startups.startupmission.in/startups/8gbdA,https://www.bellibi.com/,Food processing,Food & Food Tech,Manufacturing,B2B | D2C | B2C,JISHNU PUTHIYA PURAYIL | CHANDROTH HARISH PAVITHRAN
534,BELLYPARTNER PRIVATE LIMITED,"Thiruvananthapuram, Kerala",https://startups.startupmission.in/startups/073e0,https://www.saladcaffe.com,Food processing,Food & Food Tech,Big data | Mobile Apps,D2C,
535,BELMOPS TECHNOLOGIES,"Kollam, Kerala",https://startups.startupmission.in/startups/pvyER,https://www.belmopsecogen.com,Energy,Energy Generation and Distribution,Manufacturing,B2B,Venu J
536,Benagon Technologies Private Limited,"Idukki, Kerala",https://startups.startupmission.in/startups/8Logr,https://www.benagon.com,Healthcare,Healthcare IT,Web technologies | Big data,B2B,
537,BENDITA BIONICS PRIVATE LIMITED,"Idukki, Kerala",https://startups.startupmission.in/startups/pQQop,https://bendita.in/,Healthcare,Assistive Tech,3D Printing | AI / ML | Robotics,B2B,ROVER C JOSEPH | Ashik Ansary Madukoliparambil
538,BENDRA AEROSPACE PRIVATE LIMITED,"Thiruvananthapuram, Kerala",https://startups.startupmission.in/startups/0Mjxp,https://bendraaerospace.com/,Aerospace and Defense,Military,Manufacturing,B2B | B2G,BINOJ N | MANJU JAYACHANDRAN
539,BENETIZE PRIVATE LIMITED,"Thiruvananthapuram, Kerala",https://startups.startupmission.in/startups/04Lv0,https://www.benetizegroup.com/,Healthcare,Healthcare IT,Biotechnology,B2C,
540,BENLOTEX PRIVATE LIMITED,"Kottayam, Kerala",https://startups.startupmission.in/startups/Zrkmx,https://benlotex.com/,Agriculture and Life Sciences | Healthcare | Climate | Education | Energy | Consumer Goods,Agri Tech | Fitness & Wellness | Climate tech | EdTech | Renewable Energy | Consumer Hardware,Sensors | Internet of Things (IoT) | AI / ML | Nanotechnology | Big data | Blockchain | Smart Home | Robotics,B2B | B2G | B2C,Femy B Varghese | Geethu Joseph
541,BENLYCOS PRIVATE LIMITED,"Kozhikode, Kerala",https://startups.startupmission.in/startups/0MEk0,https://www.benlycos.com,Electronics and Communication,Telecom,Web technologies | Cyber Security,B2B,KUMAR MRINAL | Sajith EK
542,BENTURA TECHNOLOGIES PRIVATE LIMITED,"Ernakulam, Kerala",https://startups.startupmission.in/startups/8X54Z,https://www.benturatechnologies.com,IT/ITeS,Enterprise Applications,Web technologies,B2B | B2C,
543,BEPACE INTELLIGENCE PRIVATE LIMITED,"Thiruvananthapuram, Kerala",https://startups.startupmission.in/startups/0WXPp,http://pacehitech.com,IT/ITeS,Consumer Apps,Web technologies,B2B | B2C,
544,BESTER ACADEMY STUDY IN INDIA AND ABROAD PRIVATE LIMITED,"Wayanad, Kerala",https://startups.startupmission.in/startups/04W6M,https://besterlearning.com/,Education,EdTech,Geographic Information Systems,B2C | B2B,MUHAMMAD JABIR K P | FATHIMATH NAJEEBA
545,BET ENVIROCARE LLP,"Malappuram, Kerala",https://startups.startupmission.in/startups/ZOlk0,http://betenviro.com/,Climate,Waste Management,Biotechnology,B2B | B2C | B2G,Muhammed Swadhikh Pottayil | Nafila Alungal
546,BETATASK PRIVATE LIMITED,"Kollam, Kerala",https://startups.startupmission.in/startups/8AKm0,https://task19.com/,IT/ITeS,Consumer Apps,Mobile Apps | Web technologies,SaaS | B2B | B2C,AFSAL ABDUL KABEER | HAREES HANEEFA | FAIZAL HANEEFA
547,BETSER LIFE PRIVATE LIMITED,"Thiruvananthapuram, Kerala",https://startups.startupmission.in/startups/8Xkwm,https://www.betserlife.com,Healthcare,Healthcare IT,Web technologies | Mobile Apps,B2C | Platform,
548,BETTER DRIVES CARS7 LLP,"Ernakulam, Kerala",https://startups.startupmission.in/startups/pkw6m,https://www.cars7global.com/,Mobility,Auto,AI / ML,B2C,GIREESH KUMAR | BINU KARIAMKUNNEL GOPALAKRISHN | DINESH SOMAN
549,BETTERNET TASKING SOLUTIONS LLP,"Malappuram, Kerala",https://startups.startupmission.in/startups/ZEbaB,https://deskiapp.github.io/betternettasking.github.io,Consumer Goods,Consumer Goods,Internet of Things (IoT) | Mobile Apps,Marketplace,MOHAMMED SHAFEEQ KANNI PARAMBI | Mohammed Nadheer
550,BETTERONICS ALPHA PRIVATE LIMITED,"Thiruvananthapuram, Kerala",https://startups.startupmission.in/startups/0GOWw,https://www.betteronicsalpha.com,IT/ITeS,Consumer Apps | Enterprise Applications,AI / ML | Web technologies,B2B | B2C | Platform,
551,BETTERSHARK PRIVATE LIMITED,"Kozhikode, Kerala",https://startups.startupmission.in/startups/ZdDYZ,https://bettershark.com,IT/ITeS,Consumer Apps,Web technologies,B2B | B2C | Marketplace,
552,BEYLIM PRODUCTIONS LLP,"Ernakulam, Kerala",https://startups.startupmission.in/startups/poQyQ,https://beylim.in,Media and Entertainment,Events,Mobile Apps,Marketplace,Smitha Ajith
553,BEYOND CLOSINGGAP PRIVATE LIMITED,"Thiruvananthapuram, Kerala",https://startups.startupmission.in/startups/8KxYm,http://www.theclosinggap.net,IT/ITeS,Enterprise Applications,AI / ML | Web technologies | Virtual Reality (VR),B2B | Platform | B2C,JUBY ROBERT | HYCINTH NOEL FRANCIS NOEL | SUJA SURESH
554,Beyond Syllabus Pvt Ltd,"Ernakulam, Kerala",https://startups.startupmission.in/startups/07Pmp,https://www.miworld.co.in,Education,EdTech,Web technologies,Platform,
555,BEYONDWILL LLP,"Pathanamthitta, Kerala",https://startups.startupmission.in/startups/0G16z,https://www.beyondwill.in/,Retail,Retail,Web technologies | AI / ML,D2C | B2C,Ajuraj Rajan | Lijo Mathew Jacob
556,BFILLS PRODUCTS PRIVATE LIMITED,"Kannur, Kerala",https://startups.startupmission.in/startups/pmA6b,https://bfills.com/,Food processing | Consumer Goods,Food & Food Tech | FMCG,Manufacturing,D2C | B2C | B2B | Marketplace,THAMEEM MUHAMMED ANWAR PP | JAMEELA CP
557,BHARAT WIFI PRIVATE LIMITED,"Thiruvananthapuram, Kerala",https://startups.startupmission.in/startups/8KQ2G,https://bharatwifi.co/,Electronics and Communication,Telecom,Display Technology | AI / ML | Big data,B2B | B2G | SaaS,CHANDRA BHANU MOHAPATRA | SYAM KUMAR RAVINDRAN
558,BHARATEMIR INTERNATIONAL VENTURES PRIVATE LIMITED,"Kottayam, Kerala",https://startups.startupmission.in/startups/8KmOy,https://www.bharatemir.com/,Retail,Tourism,Web technologies,B2C,MRUDUL SUDHAN
559,BHARGA BIOTECH AND RE-ENERGY SOLUTIONS PRIVATE LIMITED,"Palakkad, Kerala",https://startups.startupmission.in/startups/05Dr6,https://www.bharga.co.in,Consumer Goods,Consumer Goods,Biotechnology,B2B,THACHANGHAT GOVINDAN NAIR UNNIKRISHNAN | SREEJA UNNIKRISHNAN | Jiju P S
560,BHEEMA ENVIORNMENT TECHNOLOGY (OPC) PRIVATE LIMITED,"Thiruvananthapuram, Kerala",https://startups.startupmission.in/startups/Z9WeP,https://www.bheema.co.in,Climate,Waste Management,Biotechnology,B2B | B2C,
561,BHEEMVERSE INNOVATION PRIVATE LIMITED,"Ernakulam, Kerala",https://startups.startupmission.in/startups/ZjqMx,https://bheemverse.com,IT/ITeS,Enterprise Applications,AI / ML,B2B | B2C,SUNDEEP BHUVANENDRAN KULATHUMK | JOSEPH GEORGE
562,BHOOSHAN ANIMATIONS INDIA PRIVATE LIMITED,"Ernakulam, Kerala",https://startups.startupmission.in/startups/Zj158,https://www.bhooshansjr.in/,Media and Entertainment,Animation & Graphics,Virtual Reality (VR) | Mobile Apps | Web technologies,B2B | Freemium | Platform,Sarath Bhooshan | Joseph Panikulam | Megha Suresh
563,Bhoovara Agro Traders Private Limited,"Ernakulam, Kerala",https://startups.startupmission.in/startups/8q6PB,https://www.bhoovara.com,Consumer Goods,FMCG,Manufacturing,B2B | D2C | Platform,RENJITH P R | SREEJITH MURALIDHAR
564,BHOUMA ENVIROTECH PRIVATE LIMITED,"South Delhi, Delhi (NCT)",https://startups.startupmission.in/startups/8Xkaz,http://bhouma.com/,Climate,Waste Management,Manufacturing,B2B | B2C | B2G,Vipindas Devadas | GOKUL GANGADHARAN | Manohar Varghese
565,BHUME WOMEN'S COLLECTIVE PRIVATE LIMITED,"Ernakulam, Kerala",https://startups.startupmission.in/startups/0J3kp,https://bhume.co.in,Climate,Waste Management,Manufacturing,B2B | B2G | B2C,BERNADETTE MOHANDAS | Nirmala Padmanabhan
566,BHUMINEXA LLP,"Palakkad, Kerala",https://startups.startupmission.in/startups/pQObx,https://bhuminexa.com/,Healthcare,Fitness & Wellness,Mobile Apps | Biotechnology,B2C,DEEPAK RAJ N R | KEERTHANA AJITH
567,BIDSCLUB AUTO TRADING PRIVATE LIMITED,"Kollam, Kerala",https://startups.startupmission.in/startups/Zj46p,https://www.bidsclub.in,Mobility,Logisitics & Transport,Web technologies,B2B,
568,BIGBILL TECHNO DESIGNS PRIVATE LIMITED,"Ernakulam, Kerala",https://startups.startupmission.in/startups/pQyLQ,https://bigskymobileimaging.com/,IT/ITeS,Enterprise Infrastructure,AI / ML | Big data | Web technologies,B2B,REVATHY GOPAKUMAR GEETHAKUMARI | GOPAL SUNIL KUMAR
569,BIGDATES AI SOFTWARES PRIVATE LIMITED,"Ernakulam, Kerala",https://startups.startupmission.in/startups/Z2PAz,https://bigdates.ai/home,IT/ITeS,Consumer Apps,AI / ML | Web technologies,B2C | Freemium | Platform,KOTTIKKAL SEKHARAN AKHIL
570,BIGFATFISH LIMITED LIABILITY PARTNERSHIP,"Ernakulam, Kerala",https://startups.startupmission.in/startups/Z3W47,https://bigfatfish.in/,Food processing,Food & Food Tech,Web technologies | Manufacturing | Mobile Apps,B2C | Platform | D2C,Preash Raj A | Suguna Devaraj
571,BIGGRO ENTERPRISES PRIVATE LIMITED,"Ernakulam, Kerala",https://startups.startupmission.in/startups/ZN9v8,https://www.biggro.com,Retail,Retail,Web technologies,B2C,
572,BIGLEARNING EDU TECH PRIVATE LIMITED,"Pathanamthitta, Kerala",https://startups.startupmission.in/startups/pYgxN,https://biglearning.co.in,Education,EdTech,Web technologies,B2C,
573,BIGMONKS TECHNOLOGIES LLP,"Ernakulam, Kerala",https://startups.startupmission.in/startups/ZEmEb,https://www.bigmonks.com/,Retail,Retail,Mobile Apps | Web technologies,SaaS | Marketplace | Platform,Jomon Sebastian | Jobin George
574,BIGONE TECHNOLOGIES LLP,"Thrissur, Kerala",https://startups.startupmission.in/startups/04lxx,https://bigone.tech,IT/ITeS,Enterprise Applications,AI / ML | Web technologies,B2B,Abhinand Gokhala K | Gokhala K K
575,BIGROWTEC CONSULTING PRIVATE LIMITED,"Ernakulam, Kerala",https://startups.startupmission.in/startups/0w3yg,https://www.bigrowtec.com/,Retail,Retail,Web technologies,B2B | B2G,Pulikkal Ajsal | Pulikkal Ashfaque | Fathima Mumthaz C K
576,BIGSLATE MEDIA SOLUTIONS PRIVATE LIMITED,"Kozhikode, Kerala",https://startups.startupmission.in/startups/pbgX3,https://www.bhavithaap@gmail.com/,Media and Entertainment,Social Media,Web technologies,B2B,BHAVITHA ACHI PILAKKOOL | SANIYO CHANDRAN SUVARNA
577,BIJU COCOTECH LLP,"Kollam, Kerala",https://startups.startupmission.in/startups/8V7MJ,https://www.bijucocotech.com,Agriculture and Life Sciences,Agriculture,Manufacturing,B2C | B2B,BIJU PILLAI GOVINDA PILLAI
578,BILDX TECHNOLOGIES PRIVATE LIMITED,"Ernakulam, Kerala",https://startups.startupmission.in/startups/05DGn,https://www.archpro.live,Retail,Real Estate Tech / Prop Tech,AI / ML | Big data | Virtual Reality (VR),Platform | B2B | B2C,Linto Mathew | John Mathew | Neethu Babuji
579,BILLMYKART TECHNOLOGIES PRIVATE LIMITED,"Kozhikode, Kerala",https://startups.startupmission.in/startups/8gbQ1,https://billmykart.com,IT/ITeS,Enterprise Applications,AI / ML | Mobile Apps | Web technologies,B2B,Nancy Varghese | Harikumar K T
580,BIMMATES COMUNIDAD LLP,"Kozhikode, Kerala",https://startups.startupmission.in/startups/Zrkd3,https://aecupskills.com/,Construction,Construction,AI / ML | Big data | Web technologies,SaaS | B2B | B2C,SUHAIL ABOOBACKER PUTHUVEETTIL | BASIM PATTANI CHALIL
581,BINAHMY VENTURES LLP,"Kozhikode, Kerala",https://startups.startupmission.in/startups/plnq5,https://www.binahmy.com,Climate,Waste Management,Mobile Apps,B2C,Amrutha K | SURESHKUMAR VC
582,BINALYTO DATA SERVICES PRIVATE LIMITED,"Kozhikode, Kerala",https://startups.startupmission.in/startups/pvVkp,http://www.binalyto.com,IT/ITeS,Enterprise Applications,Web technologies,B2C,ANAS MADAPPALLY | DIVYA S
583,BINDHUENGINEERING AND CONSTRUCTION PRIVATE LIMITED,"Alappuzha, Kerala",https://startups.startupmission.in/startups/pvDOx,http://www.bindhuengineers.in/,Construction,Construction,Sustainable Construction,B2C,JIJIMOL | ABHILASH
584,BINOVATION TECHNOLOGIES PRIVATE LIMITED,"Ernakulam, Kerala",https://startups.startupmission.in/startups/p6raE,http://bizupapp.com/,IT/ITeS,Enterprise Applications,Mobile Apps,B2B,HABEEBA KURUKKAN PEEDIKAYIL | THLIKKARAN PUTTATHIRA VALAPPIL
585,BINSHER-ICOOK (OPC) PRIVATE LIMITED,"Ernakulam, Kerala",https://startups.startupmission.in/startups/pvYz0,https://binshericook.com,Food processing,Food & Food Tech,Manufacturing,B2C | B2B | Marketplace,Bindu Sherry George
586,BIO MOUNT NUTRIENTS LLP,"Ernakulam, Kerala",https://startups.startupmission.in/startups/pvqN0,http://biomountnutrients.com/,Agriculture and Life Sciences,Agriculture,Manufacturing,B2B | B2C,ALEYAS PAUL | ISSAC PAUL
587,BIO VASTUM SOLUTIONS PRIVATE LIMITED,"Ernakulam, Kerala",https://startups.startupmission.in/startups/0MvVp,https://biovastumsolutions.com,Climate,Waste Management,Biotechnology,B2B | B2G,
588,BIO-ARYAVEDIC NATURALS PRIVATE LIMITED,"Ernakulam, Kerala",https://startups.startupmission.in/startups/07mnM,https://aryavedicnaturals.com/,Climate,Climate tech,Biotechnology | Nanotechnology,B2B | B2G | D2C,Vineetha A K | Arun B
589,BIOBYTE INFORMATICS PRIVATE LIMITED,"Ernakulam, Kerala",https://startups.startupmission.in/startups/8RD9x,https://www.biobyteglobal.com/,Healthcare,Healthcare IT,AI / ML | Big data,B2B | B2C | SaaS,ANAND JUDE CHRIPURAM | ABRAHAM SUDHI SIMON
590,BIODEV TECHNOLOGIES PRIVATE LIMITED,"Ernakulam, Kerala",https://startups.startupmission.in/startups/ZrPn9,http://www.biodevtechnologies.com,Other,Other,Biotechnology,D2C | B2C,
591,BIODROPS ENVIRONMENTAL SOLUTIONS PRIVATELIMITED,"Kannur, Kerala",https://startups.startupmission.in/startups/pl1r8,https://www.biodrops.in,Climate,Waste Management,Biotechnology | Nanotechnology,B2B | D2C | B2C,
592,Biomart Sustainable Projects Private Limited,"Ernakulam, Kerala",https://startups.startupmission.in/startups/8KQew,https://biomartsustainable.com,Climate | IT/ITeS,Waste Management | Consumer Apps,Sustainable Construction | AI / ML | Mobile Apps | Big data,B2B | Freemium | B2C,Ravikrishnan Kakkirikkan | Ritwik Ravikrishnan | Kakkirikkan Karayi Samal | Aswathi Sasidharan
593,BIOPHILE TECHNOLOGIES PRIVATE LIMITED,"Ernakulam, Kerala",https://startups.startupmission.in/startups/8KxDm,http://biophilebiotech.com/,Agriculture and Life Sciences,Agriculture,Biotechnology,B2C,G PADMA KUMARI AMMA | DHANYA B PILLAI
594,BIOPHILIA WELLNESS PRIVATE LIMITED,"Thiruvananthapuram, Kerala",https://startups.startupmission.in/startups/0PODK,https://hapinuscare.com/,Healthcare,Fitness & Wellness,Web technologies,B2C,ARUN SIVARAJAN | SIBI SOMARAJAN PANICKER
595,BIOPHOTON TECHNOLOGIES PRIVATE LIMITED,"Ernakulam, Kerala",https://startups.startupmission.in/startups/8nLd0,https://www.biophotontechnologies.com,Healthcare,Medical Devices,Manufacturing,B2B,
596,BIOQUATIX SOLUTIONS PRIVATE LIMITED,"Thiruvananthapuram, Kerala",https://startups.startupmission.in/startups/8Lqve,https://bqrdlab.in/,Agriculture and Life Sciences,Life Sciences,Biotechnology,B2B,Gokul V S
597,Biorich Agro Private Limited,"Wayanad, Kerala",https://startups.startupmission.in/startups/Zrkjx,https://www.biorichindia.com/,Agriculture and Life Sciences,Agriculture,Manufacturing,B2B,VINEESH MATHEW | BIBIN JOY
598,BIOROOT EXPLORATION INDIA PRIVATE LIMITED,"Ernakulam, Kerala",https://startups.startupmission.in/startups/8xjQ0,https://bioroot.in,Healthcare,Fitness & Wellness,Manufacturing | Biotechnology,B2C,
599,BIOSWIM TECH INNOVATIONS PRIVATE LIMITED,"Thrissur, Kerala",https://startups.startupmission.in/startups/8Kx2w,https://www.bioswim.in/,Climate,Waste Management,Manufacturing,B2B | B2C | Freemium,VINCENT MANGAN JOSEPH | KUNDIL VELAYUDHAN SUNIL | EARNEST RODRIGUES DOUGLAS
600,BIOTA PRECISION AGRICULTURE PRIVATE LIMITED,"Thiruvananthapuram, Kerala",https://startups.startupmission.in/startups/Z2jKZ,http://www.thebiota.in,Agriculture and Life Sciences,Agri Tech,Internet of Things (IoT) | Mobile Apps | Sensors,B2B | B2G | SaaS,Kavitha B
601,BIOTA VENTURES PRIVATE LIMITED,"Kollam, Kerala",https://startups.startupmission.in/startups/ZOmRx,https://www.biotaventures.com,Retail,Retail,Mobile Apps,B2C,
602,BIOVENT,"Thiruvananthapuram, Kerala",https://startups.startupmission.in/startups/pknQ0,http://biovent.co.in/,Agriculture and Life Sciences,Life Sciences,Biotechnology,B2C,
603,BIOVENT INNOVATIONS PRIVATE LIMITED,"Thiruvananthapuram, Kerala",https://startups.startupmission.in/startups/8VDM6,http://www.bioventinnovations.com,Agriculture and Life Sciences,Life Sciences,Biotechnology,B2B,Dhanyalekshmi C S | Roshin Elizabeth George | Shirly K Thomas
604,BIPHA BIOSCIENCE PRIVATE LIMITED,"Kottayam, Kerala",https://startups.startupmission.in/startups/pyyEp,https://www.bipha.com,Healthcare,Fitness & Wellness,Biotechnology | Manufacturing,B2C,
605,BIPHA OMNITECH PRIVATE LIMITED,"Kottayam, Kerala",https://startups.startupmission.in/startups/0GjXZ,https://www.bipha.com,Healthcare,Healthcare IT,Web technologies | Mobile Apps,B2C,
606,BIRAPT MARKETING AND SOLUTIONS PRIVATE LIMITED,"Ernakulam, Kerala",https://startups.startupmission.in/startups/Z3kLZ,https://birapt.com/home,Media and Entertainment,AdTech,Web technologies,B2B,
607,BISAURA TECHNOLOGIES PRIVATE LIMITED,"Kannur, Kerala",https://startups.startupmission.in/startups/8LoNK,https://www.bisauratechnologies.com,Media and Entertainment,AdTech,Web technologies,B2C | B2B,SUJITH JAMES | MULLIKOTTU SANTHOSH | CHATHADI SANEESH
608,BISTUX SOLUTIONS PRIVATE LIMITED,"Kozhikode, Kerala",https://startups.startupmission.in/startups/0PODW,https://ainvox.com,IT/ITeS,Enterprise Applications,AI / ML,B2B | B2C,PUTHANKARA SADIQUE ALI | MUBASHIRA THRICKULATH
609,BITGENICS DIGITAL VENTURES LLP,"Kottayam, Kerala",https://startups.startupmission.in/startups/pyLM0,https://bitgenics.in/,Retail,Retail,Web technologies | Mobile Apps | AI / ML,SaaS | B2B | Platform,Aromal Rajagopal | Indu Aromal
610,BITRYT SOLUTIONS PRIVATE LIMITED,"Ernakulam, Kerala",https://startups.startupmission.in/startups/plnBZ,https://bitryt.com/,Media and Entertainment,Entertainment & Media,Mobile Apps | Web technologies,Platform,Bibu Raj
611,BITSLEDGER INDIA PRIVATE LIMITED,"Ernakulam, Kerala",https://startups.startupmission.in/startups/8Xoyp,https://bitsledger.com,"Banking, Financial Services and Insurance",FinTech,Web technologies,B2B,
612,BITSTRAIL PRIVATE LIMITED,"Kannur, Kerala",https://startups.startupmission.in/startups/pmBM7,https://www.bitstrail.com,Retail,Tourism,Mobile Apps | Virtual Reality (VR) | AI / ML,Platform | B2B | D2C,Vazhakkuzhayil Thomas Sunny | Robin Thomas
613,BITSZOL PRIVATE LIMITED,"Thiruvananthapuram, Kerala",https://startups.startupmission.in/startups/0GJ1R,https://www.bitszol.com,Retail,Retail,Web technologies | Mobile Apps,B2C | B2B | Marketplace,Anjana A | Vinod US
614,BIZATOM UNIVERSAL LOYALTY CARD PRIVATE LIMITED,"Malappuram, Kerala",https://startups.startupmission.in/startups/0JN4k,https://bizatom.in/,"Banking, Financial Services and Insurance",FinTech,Display Technology | Internet of Things (IoT) | Security & Surveillance Technology,B2B | B2C | D2C,ABBAS MANI PARAMBATH | SADIQALI MULANHIPPULAKKAL
615,BIZBOOZT SERVICES LLP,"Ernakulam, Kerala",https://startups.startupmission.in/startups/Z21z8,https://www.bizboozt.com,"Banking, Financial Services and Insurance",Financial Services,Web technologies,B2B,
616,BIZCORN STARTUP CONSULTANCY LLP,"Kozhikode, Kerala",https://startups.startupmission.in/startups/Za2zR,https://bizcorn.in/,Education,EdTech,Mobile Apps,B2C,VIDHUNLAL MADATHILTHODI
617,BIZLEAF TECHNOLOGIES,"Pathanamthitta, Kerala",https://startups.startupmission.in/startups/Z9K6p,https://www.bizleaftechnologies.com,IT/ITeS,Enterprise Applications,Web technologies,B2B | B2C | Platform,
618,BIZLIN TECHNOLOGIES LLP,"Alappuzha, Kerala",https://startups.startupmission.in/startups/Z9BM6,https://bizlin.tech,IT/ITeS,Consumer Apps,AI / ML | Web technologies | Mobile Apps,B2B | SaaS | Platform,GILSON GILBERT
619,BIZMOOZE PRIVATE LIMITED,"Kollam, Kerala",https://startups.startupmission.in/startups/8XwVm,https://www.tourismooze.com/,Retail,Tourism,Mobile Apps,B2B | B2C,VISHNU VENUGOPAL | ARUN G S | ANAS ANSARI
620,BIZPOLE BUSINESS SOLUTIONS PRIVATE LIMITED,"Ernakulam, Kerala",https://startups.startupmission.in/startups/Z1Pb8,https://bizpole.in/,"Banking, Financial Services and Insurance",Financial Services,Web technologies,B2B,
621,BIZTROCRAT BUSINESS & TRADES PRIVATE LIMITED,"Ernakulam, Kerala",https://startups.startupmission.in/startups/ZdgG8,https://www.wati.live,IT/ITeS,Enterprise Applications,Web technologies,B2B | B2C | Marketplace | Platform,Johny Antony
622,BIZTUNE LLP,"Kozhikode, Kerala",https://startups.startupmission.in/startups/pbnn3,http://www.biztune.in/,Electronics and Communication,Telecom,Security & Surveillance Technology | Sensors,B2C | B2B | B2G,MUHAMMED NASIM | KUZHIPPALLI POTTAMMAL LIMSHA
623,BIZZCORP VENTURES PRIVATE LIMITED,"Idukki, Kerala",https://startups.startupmission.in/startups/8gR3G,http://www.bizzcorp.in,"Banking, Financial Services and Insurance",Financial Services,Web technologies,B2C,ABIN GEORGE | DELVIN JOLLY | DAWNJITH JOICE
624,BIZZDECK LLP,"Ernakulam, Kerala",https://startups.startupmission.in/startups/Z9BgQ,https://bizzdeck.com/,IT/ITeS,Enterprise Applications,AI / ML | Mobile Apps | Big data,B2B,Mohammed Rafath TP | Fida
625,BLACK STONE CUBE (OPC) PRIVATE LIMITED,"Kozhikode, Kerala",https://startups.startupmission.in/startups/pzGB8,http://blackstonecube.com,Healthcare,Healthcare IT,Web technologies | Mobile Apps,B2B,Mujeeb Rahman
626,BLACKFLY TECHNOLOGIES PRIVATE LIMITED,"Kozhikode, Kerala",https://startups.startupmission.in/startups/Z3VRL,https://blackfly.co.in/,Climate,Waste Management,Biotechnology,B2B | B2C | B2G,
627,BLACKPIE TECHNOLOGIES PRIVATE LIMITED,"Malappuram, Kerala",https://startups.startupmission.in/startups/pvyyQ,https://blackpie.co,Education,EdTech,AI / ML,B2C,Nimil Salam Mundodan | Razil Salam Mundodan
628,BLACKWINGS INNOVATIONS PRIVATE LIMITED,"Ernakulam, Kerala",https://startups.startupmission.in/startups/Z9QmP,https://blackwings.in/,IT/ITeS,Consumer Apps,Mobile Apps | Web technologies,B2B | B2C | SaaS,SAGEESH THACHUKUZHIYIL KUNJU | VALIYA PARAMBIL VIPIN | Aneesh Krishna
629,BLACKWOOD DYNAMICS (OPC) PRIVATE LIMITED,"Ernakulam, Kerala",https://startups.startupmission.in/startups/0Pdw0,https://blackwooddynamics.tech,IT/ITeS,Enterprise Applications,Web technologies,B2B | B2C,Joel Varghese
630,BLENDED EDTECH PRIVATE LIMITED,"Kozhikode, Kerala",https://startups.startupmission.in/startups/07YA8,https://www.blend-ed.com,Education,EdTech,Mobile Apps | Web technologies,B2B | SaaS | Platform,Puthenveetil Primshad | Nadheem Abdulla
631,BLESSED MARY INSTITUTE PRIVATE LIMITED,"Malappuram, Kerala",https://startups.startupmission.in/startups/0PO7W,http://blessedmaryinstitute.in,Education,EdTech,AI / ML | Web technologies,B2C | B2B,Jo Thomas Chennamparambil
632,BLITE BREAL PRIVATE LIMITED,"Kollam, Kerala",https://startups.startupmission.in/startups/8nVMK,https://blitebreal.com/,Healthcare,Fitness & Wellness,Mobile Apps | Web technologies,B2B | B2C | SaaS,Thasni S | Sreerag S
633,BLITZ PAINTS PRIVATE LIMITED,"Palakkad, Kerala",https://startups.startupmission.in/startups/Z2PWA,https://blitzpaint.com/,Consumer Goods | Construction,Consumer Goods | Construction,Manufacturing | Sustainable Construction,Marketplace | B2B | B2C,P KRISHNADAS | KIZHAKKEDATH VARIYAM SAJEESH
634,BLOCKBUSTER TECHNOLOGIES PRIVATE LIMITED,"Ernakulam, Kerala",https://startups.startupmission.in/startups/ZDVEp,https://smartbasket.ai/,"Banking, Financial Services and Insurance",FinTech,AI / ML,B2C,Nikhil Dharman | Thoppilthodi Raheem Shamsudheen
635,BLOOMBERG RESEARCH INSTITUTE OF DIGITAL COMMUNICATION PRIVATE LIMITED,"Malappuram, Kerala",https://startups.startupmission.in/startups/ZdlM4,https://bloombergintl.com/,Education,EdTech,Web technologies | Robotics | Manufacturing | Internet of Things (IoT),B2C | B2B | Platform,NOUSHAD PATHIYIL | SHAHALATH KALATHIL THODI
636,BLOOMBLOOM DREAMBIZ PRIVATE LIMITED,"Thiruvananthapuram, Kerala",https://startups.startupmission.in/startups/ZNNMN,https://www.bloombloom.co,Education,EdTech,Web technologies,B2C,
637,BLOQ QUANTUM PRIVATE LIMITED,"Kollam, Kerala",https://startups.startupmission.in/startups/8VGVE,https://www.bloq.in/,IT/ITeS,Enterprise Applications,Quantum Computing,B2B | Platform | SaaS,Sreekuttan Lalymol Sukesh | Jay Patel
638,BLOUNGE CO-WORKING PRIVATE LIMITED,"Kozhikode, Kerala",https://startups.startupmission.in/startups/Za2kK,http://blounge.in/,Other,Other,Big data,B2C,SHAMJID K P | MUHAMMED ANAS K K
639,Bloxeed Techlabs. LLP,"Malappuram, Kerala",https://startups.startupmission.in/startups/0wgKG,https://www.bloxeed.com,"Banking, Financial Services and Insurance | IT/ITeS",FinTech | Enterprise Applications,AI / ML | Blockchain | Big data | Mobile Apps | Web technologies,B2C | Marketplace | Platform | SaaS | B2B | B2G,Vazhappully House | Shamla
640,BLUE JUGNU PRIVATE LIMITED,"Ernakulam, Kerala",https://startups.startupmission.in/startups/8AGEl,https://rashtramat.com/,Other,Other,Internet of Things (IoT),B2C,raavi kishor | kishor shinde | shamrao bhagwan yadav
641,BLUE SUN INNOVATIONS PRIVATE LIMITED,"Ernakulam, Kerala",https://startups.startupmission.in/startups/0PbG8,https://www.bluesunindia.com,Energy,Energy Generation and Distribution,Internet of Things (IoT) | Semiconductors,B2B,
642,BLUEBEEZ DESIGNS LLP,"Ernakulam, Kerala",https://startups.startupmission.in/startups/8AGD5,https://bluebeez.in/,Agriculture and Life Sciences,Agri Tech,Web technologies | Mobile Apps | AI / ML | Internet of Things (IoT),B2C | B2B,
643,BLUEGEN MARINE PRIVATE LIMITED,"Ernakulam, Kerala",https://startups.startupmission.in/startups/8LqPx,https://bluegen.zohosites.com/,Construction,Construction,Sustainable Construction,B2B,BINOY DINESH | ARUN KUMAR HARI | Travancore Precisions Components Pvt Ltd
644,BLUEHOUR TECHNOLOGIES PRIVATE LIMITED,"Kottayam, Kerala",https://startups.startupmission.in/startups/Z1wVp,https://bluehour.app,Retail,Retail,AI / ML | Web technologies | Mobile Apps,B2B | SaaS,Christy Abraham Joy | Sheethal GK | Jayadeep S
645,BLUELOTUZ AI PRIVATE LIMITED,"Palakkad, Kerala",https://startups.startupmission.in/startups/0er5m,https://finskil.org/,Education,EdTech,AI / ML,B2C | B2B,Rajeev Ramanath Hariharan | Shobha K H
646,BLUEOCEAN BLUELINE LOGISTICS PRIVATE LIMITED,"Kannur, Kerala",https://startups.startupmission.in/startups/8xrjv,https://www.blueoceanbluelinelogistics.com/,Mobility,Logisitics & Transport,AI / ML | Internet of Things (IoT),B2B | Marketplace | B2C,RETHISH KAKKARAKAL | KACHERIVALAPPIL SAHADEVAN SREY
647,BLUESTRIX SOLUTIONS PRIVATE LIMITED,"Thiruvananthapuram, Kerala",https://startups.startupmission.in/startups/ZaVer,http://bluestrix.in/,IT/ITeS,Enterprise Applications,Augmented Reality (AR) | Robotics | AI / ML,B2B | B2G | Marketplace,Chinnu Chandran | petreshia gladston gomez
648,BLUETIMBRE MUSIC PRIVATE LIMITED,"Ernakulam, Kerala",https://startups.startupmission.in/startups/pYxGj,https://www.musicpandit.com/,Education,EdTech,Web technologies,B2C,Serah John | Sherin Winstent
649,BLULINES EDUCATIONAL SERVICES PRIVATE LIMITED,"Malappuram, Kerala",https://startups.startupmission.in/startups/8XwkK,https://www.linkedin.com,Education,EdTech,Mobile Apps,B2C,MUHAMED NISAMUDDEEN | DANIYA AHAMED
650,BLURD TECHNOLOGIES PRIVATE LIMITED,"Thrissur, Kerala",https://startups.startupmission.in/startups/Z1VAb,https://3dn.app/,IT/ITeS,Consumer Apps,Internet of Things (IoT) | AI / ML,B2B | B2C | SaaS,Hari Krishna somanadhan | VISAKH P
651,BLUSEED FOOD PRODUCTS PRIVATE LIMITED,"Thrissur, Kerala",https://startups.startupmission.in/startups/8njY8,https://www.zutton.in,Food processing,Food & Food Tech,Geographic Information Systems | Big data,B2C,
652,BLUSTEAK MEDIA PRIVATE LIMITED,"Kottayam, Kerala",https://startups.startupmission.in/startups/ZO1op,https://blusteak.com/,Media and Entertainment,AdTech,Web technologies,B2B,Telson Thomas | Jaison Thomas
653,BMS CLOUD CAMPUS LLP,"Ernakulam, Kerala",https://startups.startupmission.in/startups/ZrP2w,https://bmscloudcampus.com/,Healthcare,Veterinary Tech,Manufacturing,B2C,Jobin Varghese | Biju CV
654,BNKHUB FINSERV PRIVATE LIMITED,"Ernakulam, Kerala",https://startups.startupmission.in/startups/ZNMwW,https://www.bankhubsolutions.com,"Banking, Financial Services and Insurance",Financial Services,Mobile Apps,B2B | Platform,ABHILASH CHANDRAN | NIMMY JOHN | KIRAN T JOSEPH
655,BOANERGES AVENUES TEKHNOLOGIA PRIVATE LIMITED,"Ernakulam, Kerala",https://startups.startupmission.in/startups/8q66B,https://boanergesavenues.com/,Construction,Architecture,Sustainable Construction | Manufacturing,B2B | B2C,RACHANA PRAVEEN | PRAVEEN JOLLY
656,Bochdale Solutions Private Limited,"Thiruvananthapuram, Kerala",https://startups.startupmission.in/startups/8VDlq,https://bochdale.com,IT/ITeS,Enterprise Applications,AI / ML | Mobile Apps | Web technologies,B2B,Ajith vijayan
657,BODHIE ASSOCIATES,"Thiruvananthapuram, Kerala",https://startups.startupmission.in/startups/ZrX3p,https://solarshop.co.in/,Energy,Clean Energy,Manufacturing,B2B | B2C,
658,BODHWI TECHNOLOGIES PRIVATE LIMITED,"Ernakulam, Kerala",https://startups.startupmission.in/startups/8XJY0,http://findmyhostel.in,IT/ITeS | Retail,Consumer Apps | Real Estate Tech / Prop Tech,Web technologies | Mobile Apps,B2B | B2C,Hanzal Salim | Shiyas
659,BODINA NATURALS PRIVATE LIMITED,"Ernakulam, Kerala",https://startups.startupmission.in/startups/pYw3Z,https://www.bodinanaturals.com,Agriculture and Life Sciences,Life Sciences,Biotechnology,B2C,
660,BODKIN TECHNOLOGIES PRIVATE LIMITED,"Thiruvananthapuram, Kerala",https://startups.startupmission.in/startups/8qvEZ,https://bodkintech.com,Mobility,Mobility,Manufacturing,B2B,Jubin George Kurien | Nithin Murali K
661,BODVITA ALCHEME PRIVATE LIMITED,"Ernakulam, Kerala",https://startups.startupmission.in/startups/p6d3y,,Healthcare,Fitness & Wellness,Biotechnology,B2C,JOSEPH MICHAEL SEBASTIAN | JOSEPH GOMEZ
662,Body Tree Naturals Private Limited,"Ernakulam, Kerala",https://startups.startupmission.in/startups/ZNNv4,https://bodytree.in/,Consumer Goods,Consumer Goods,Biotechnology,B2C,MANOJ KUTTANPILLAI RETNAMMA | RANJINI KRISHNAN PUTHANARAKKAL
663,BOHEMIAN LIFESTYLE INDIA PRIVATE LIMITED,"Thiruvananthapuram, Kerala",https://startups.startupmission.in/startups/ZD7Ya,https://borntoimagine.com/,Education,EdTech,Web technologies,D2C,Ajith Kumar
664,BONDER CONNECT LLP,"Kozhikode, Kerala",https://startups.startupmission.in/startups/pkwJr,https://www.bonderconnect.com/,Construction,Construction,Mobile Apps,B2C | B2B,MUHAMMED SHAMEEM KOLOTHUM THODI | MUHAMMED JASLIN
665,BONVOICE SOLUTIONS PRIVATE LIMITED,"Ernakulam, Kerala",https://startups.startupmission.in/startups/0JNPg,https://bonvoice.com/,IT/ITeS,Enterprise Applications,Web technologies,B2B | Platform,GIS GEORGE | FEROZ MUJEEB REHMAN
666,BOOFIGO ORDERING APP (OPC) PRIVATE LIMITED,"Kasaragod, Kerala",https://startups.startupmission.in/startups/ZdroQ,http://boofigo.in,Other,Other,Mobile Apps | Geographic Information Systems | Big data,B2B | D2C | B2C,KUNHIAHAMMED MUTTAM ABDUL RAHI
667,BOOK YOUR HOSPITAL BYSTANDER,"Ernakulam, Kerala",https://startups.startupmission.in/startups/07XRM,https://bookyourhospitalbystander.com/,Healthcare,Healthcare IT,Mobile Apps | Web technologies,B2C | B2B,ACHSAY MARY ALEXANDER | RUPEN PHILIPOSE
668,BOOKARCHO PRIVATE LIMITED,"Alappuzha, Kerala",https://startups.startupmission.in/startups/Z3aXp,https://www.bookarcho.com,Construction,Construction,Web technologies | Mobile Apps | Sustainable Construction,B2C | B2B,Bijina V | Viswanatha Pillai Vinayadas
669,BOOKBARB BUSINESS PRIVATE LIMITED,"Kannur, Kerala",https://startups.startupmission.in/startups/Z1mRK,https://bookbarb.online,IT/ITeS,Consumer Apps,Mobile Apps,B2B | B2C | Platform,SHEROZ PAKKAR MOOPPAN | CHULLIYODAN PATTUVAMVALAPPIL M
670,BOOTLAND SPORTS INSTITUTE AND RESEARCH CENTRE PRIVATE LIMITED,"Kannur, Kerala",https://startups.startupmission.in/startups/Zd46Z,https://bootlandsportsinstitute.com/,Retail,Retail,Internet of Things (IoT) | Mobile Apps,B2C | Platform | B2B,KOOTHIREZHI HARIKRISHNAN | SUJI RADHAKRISHNAN
671,Bornbix Technologies Private Limited,"Thiruvananthapuram, Kerala",https://startups.startupmission.in/startups/07mwe,https://www.wekeralam.com,IT/ITeS,Consumer Apps,Web technologies,Marketplace | Freemium,NANDINI ANILKUMAR | VISAKH SHAJI
672,BOSON INFO TECH PRIVATE LIMITED,"Kannur, Kerala",https://startups.startupmission.in/startups/8gRBJ,https://bosoninfotech.com,IT/ITeS,Enterprise Applications,Mobile Apps | Web technologies,B2B | B2C | SaaS,GINCY VARGHESE | SHAJI ALEX
673,BOTANGELOS LLP,"Kozhikode, Kerala",https://startups.startupmission.in/startups/pQOvX,https://botangelos.com/,IT/ITeS,Enterprise Applications,AI / ML,B2B,Mary | Kokul Jose
674,BOTANICA GLOBAL PRODUCTS PRIVATE LIMITED,"Thrissur, Kerala",https://startups.startupmission.in/startups/ZdrQ9,https://in.linkedin.com/company/sanigen-global-chemicals-pvt-ltd,Food processing,Food & Food Tech,Manufacturing | Web technologies | Internet of Things (IoT),B2B | B2G,Aswathy Asokan | Deepur Ram
675,BOTCAST INDUSTRIES PRIVATE LIMITED,"Kozhikode, Kerala",https://startups.startupmission.in/startups/0ernP,http://botcast.in/,Media and Entertainment,AdTech,Web technologies,B2B,MUHAMMED IHSAN CP | Farsin CP
676,BOULDER DEVELOPERS PRIVATE LIMITED,"Malappuram, Kerala",https://startups.startupmission.in/startups/8VDOq,https://www.facebook.com/boulderdevelopers/,Construction,Construction,Mobile Apps,B2C | B2B,ABDUL RAZAK VALARTHODI | MOHAMED IQBAL CHANGANAKATTIL
677,BOURGEON INNOVATIONS PRIVATE LIMITED,"Kozhikode, Kerala",https://startups.startupmission.in/startups/0BkKp,https://bourgeoninnovations.com,Retail,Retail,Web technologies,B2B,SISIRA P | RAM MOHAN THEKKEPAT HARINARAYA
678,BOXALL ONLINE DELIVERY PRIVATE LIMITED,"Ernakulam, Kerala",https://startups.startupmission.in/startups/8RNAG,https://www.boxall.in,Retail,Retail,Mobile Apps,B2C | Marketplace,Jai Krishnan Murali | ROHIN JOHNSON | Arun K B | Ananth Joy
679,Boxop Solutions India Private Limited,"Thiruvananthapuram, Kerala",https://startups.startupmission.in/startups/8VMop,https://www.boxop.in,Retail,Retail,Web technologies,B2C,
680,BPAX Technologies LLP,"Kozhikode, Kerala",https://startups.startupmission.in/startups/pQOno,https://www.bpax.in,IT/ITeS,Enterprise Applications,Web technologies,B2B,Rayhan Abdul Rahiman | Sabarinath Vylassery
681,BPM POWER PRIVATE LIMITED,"Thiruvananthapuram, Kerala",https://startups.startupmission.in/startups/8VJJ8,https://www.chargemod.com,Energy,Renewable Energy,Manufacturing | Mobile Apps | Internet of Things (IoT),B2B | B2C | B2G,Chris Thomas | Anoop V | Ramanunni M
682,BPM-WAKALAH TASWEEQ LLP,"Thiruvananthapuram, Kerala",https://startups.startupmission.in/startups/8Lq6l,,Media and Entertainment,Entertainment & Media,Web technologies,B2B,YADU PRADEEP | ARUN RAJ RAJENDRAN NAIR
683,Brai Ro Tech Private Limited,"Thrissur, Kerala",https://startups.startupmission.in/startups/0WPVQ,https://prasobhkp111@gmail.com,Healthcare,Assistive Tech,Sensors | Manufacturing,B2C,
684,BRAINBOX ENGINEERING PRIVATE LIMITED,"Kottayam, Kerala",https://startups.startupmission.in/startups/0WBBZ,https://www.gotobrainbox.in/,Retail,Retail,AI / ML,B2B,
685,BRAINBRIX AI PRIVATE LIMITED,"Thrissur, Kerala",https://startups.startupmission.in/startups/ZrkB5,https://brainbrix.in/,Education,EdTech,AI / ML,B2C | B2B,Gobish Gopalakrishnan | Gayathri Krishnan
686,BRAINSIL ED TECH PRIVATE LIMITED,"Kannur, Kerala",https://startups.startupmission.in/startups/pvDwr,https://brainsil.com/,Education,EdTech,Mobile Apps,D2C | Freemium | Platform,Gokul P
687,BRAINWIRE MEDI TECHNOLOGIES PRIVATE LIMITED,"Ernakulam, Kerala",https://startups.startupmission.in/startups/pkk3Q,https://basicresponders.com/,Healthcare,Healthcare IT,Virtual Reality (VR) | Web technologies | Mobile Apps,B2B | B2C,KIRAN NADUVATHEZHATHUCHIRAYIL | Manzoor Ali Zayed
688,Brainwired,"Ernakulam, Kerala",https://startups.startupmission.in/startups/0JNN0,http://brainwired.in,Agriculture and Life Sciences,Agriculture,Web technologies | Internet of Things (IoT) | Mobile Apps,B2B | B2C,
689,BRAND MASTERS INDIA PRIVATE LIMITED,"Ernakulam, Kerala",https://startups.startupmission.in/startups/Z2WMG,https://brandmasters.world,IT/ITeS,Enterprise Infrastructure,AI / ML,B2B,Misbah Salam | Raneesha Misbah Salam
690,BRANDFELL TECHNOLOGIES PRIVATE LIMITED,"Thiruvananthapuram, Kerala",https://startups.startupmission.in/startups/pvor8,https://brandfell.com,Media and Entertainment | Education,AdTech | EdTech,Web technologies,B2B | B2C,
691,Branding Hut,"Kozhikode, Kerala",https://startups.startupmission.in/startups/07mBx,https://brandinghut.in,Media and Entertainment,AdTech,Web technologies,B2B,Nithin Sai | Vaishnav
692,BRANDLABZ DIGITAL SOLUTIONS PRIVATE LIMITED,"Kottayam, Kerala",https://startups.startupmission.in/startups/0MVMp,https://www.brandLabz.in,IT/ITeS,Enterprise Applications,Mobile Apps | Web technologies,B2B,Saralamani | Sooraj B
693,BREAKNCO GLOBAL PRIVATE LIMITED,"Ernakulam, Kerala",https://startups.startupmission.in/startups/0erNr,https://www.breaknco.com,IT/ITeS,Enterprise Applications,AI / ML,B2B,Shalini Bhuvanendranathan Nair | Joseph Tharakan Francis
694,BREAKTHROUGH ENGINEERING PRIVATE LIMITED,"Ernakulam, Kerala",https://startups.startupmission.in/startups/pm31K,https://www.breakthroughengg.co.in,Energy,Renewable Energy,Manufacturing,B2B | B2C | Marketplace,ASWIN RAJ | JAYASREE | AKHIL KISHORE
695,BREEZE BRAIN TECHNOLOGIES PRIVATE LIMITED,"Thiruvananthapuram, Kerala",https://startups.startupmission.in/startups/0Wx74,https://www.breezebrain.com/,Education,EdTech,Web technologies,B2C,Vijith B Nair
696,BREKLERS PRIVATE LIMITED,"Kozhikode, Kerala",https://startups.startupmission.in/startups/0WxkL,https://breklers.com/,Food processing,Food & Food Tech,Manufacturing | Mobile Apps,B2C,Abdul Hazeer
697,BREW DELIGHT LLP,"Thiruvananthapuram, Kerala",https://startups.startupmission.in/startups/8n6JN,https://share.google/Lmej5MdMhX36djPG6,Food processing,Food & Food Tech,Biotechnology,B2B | B2C,ASWANTH B S | MEGHNA J PAI
698,BRICON TECHNOLOGIES PRIVATE LIMITED,"Ernakulam, Kerala",https://startups.startupmission.in/startups/ZD7Kx,http://www.brictechnologies.com,IT/ITeS,Enterprise Applications,Mobile Apps | Web technologies,B2B,Anandu P A
699,BRIDGEON SOLUTIONS LLP,"Malappuram, Kerala",https://startups.startupmission.in/startups/pzO3Q,https://bridgeon.in/,Education,EdTech,Web technologies,B2C,
700,Bridging Dots Media Solutions Private Limited,"Thiruvananthapuram, Kerala",https://startups.startupmission.in/startups/0wg5e,https://www.bridgingdots.com/,Media and Entertainment,Social Media,Web technologies,B2B,ARUN | prabodh
701,BRIDGR INNOVATIONS PRIVATE LIMITED,"Ernakulam, Kerala",https://startups.startupmission.in/startups/0WPY4,https://www.bridgrcarbon.com,Climate,Climate tech,Manufacturing,B2B,ELEDATHUPARAMBIL ANOOP | MENON KRISHNA SANJAY | KENNETH WILSON
702,BRIGHT TREE VENTURES PRIVATE LIMITED,"Thiruvananthapuram, Kerala",https://startups.startupmission.in/startups/0w4Op,https://www.tastetre.com,Food processing,Food & Food Tech,Web technologies | Big data | Mobile Apps,Platform,
703,BRIGHT WHEELZHUB PRIVATE LIMITED,"Palakkad, Kerala",https://startups.startupmission.in/startups/8L5zK,http://www.behica.com,Retail,Retail,Web technologies,B2C,BRINTO BABU | ALOOR KIZHAKKOOT BRINO BABU | ALOORKIZHAKUTE FRANCIS BABU
704,BRIGHTFORGE SOLUTIONS AND TECHNOLOGIES LLP,"Kollam, Kerala",https://startups.startupmission.in/startups/ZN51W,https://www.brightforgetechnologies.com/,IT/ITeS,Enterprise Infrastructure,AI / ML | Cyber Security,B2C | B2B | SaaS,Ajimsha M | Noorul Ameen N | Mohammed Fizal
705,BRILLE ENTERPRISES LIMITED LIABILITY PARTNERSHIP,"Kozhikode, Kerala",https://startups.startupmission.in/startups/pkbn0,https://www.google.com,Construction,Construction,Sustainable Construction,B2C | B2B | B2G,
706,BRILLE INFRASTRUCTURE LLP,"Kozhikode, Kerala",https://startups.startupmission.in/startups/0GXMp,https://www.google.com,Mobility,Auto,Manufacturing,B2B,
707,BRILLPEPS LLP,"Alappuzha, Kerala",https://startups.startupmission.in/startups/Za2YR,http://www.brillpeps.com,IT/ITeS,Enterprise Applications,Mobile Apps,B2C | B2B | SaaS,JYODISH BALACHANDRA PANICKER | JAYAKUMAR BALACHANDRA PANICKER
708,BRITENX PRIVATE LIMITED,"Ernakulam, Kerala",https://startups.startupmission.in/startups/8KxKy,https://britenx.com/,IT/ITeS,Consumer Apps,AI / ML,B2C,Dilip K Gopal | Krishna C S
709,BRIXO TECH PRIVATE LIMITED,"Malappuram, Kerala",https://startups.startupmission.in/startups/0MJyb,https://play.google.com/store/apps/details?id=com.brixo.user,Construction,Construction,Mobile Apps | Sustainable Construction | Big data,B2B | Marketplace | SaaS,MUHAMMED SAJU DILKKAR | Fathima shaman m
710,BRIYA AIL PRIVATE LIMITED,"Thiruvananthapuram, Kerala",https://startups.startupmission.in/startups/Z2W3V,https://mortyce.com,Construction,Architecture,Internet of Things (IoT) | Manufacturing,B2B | B2C | Marketplace,ADHITHYA CHAKRAVARTHI | Uthara Sujan
711,BROADBILL DYNAMICS PRIVATE LIMITED,"Kozhikode, Kerala",https://startups.startupmission.in/startups/8RA9M,https://supatutor.in/,Consumer Goods | Education,Consumer Electronics | EdTech,Semiconductors | Manufacturing | Mobile Apps | AI / ML | Web technologies,D2C | B2B | B2C | SaaS,MOHAMMED SHEFEEQ B | MUHAMMED RABIN | Ashique Muhammed A
712,BROONS PLANTATION AND PRODUCE PRIVATE LIMITED,"Kottayam, Kerala",https://startups.startupmission.in/startups/8nVBJ,https://www.broonstea.in,Consumer Goods,FMCG,Manufacturing,D2C | B2C | Marketplace,Shaji Thomas | Rosaline Shaji
713,BROROOT PRIVATE LIMITED,"Kozhikode, Kerala",https://startups.startupmission.in/startups/04lY3,https://brorootacademy.com/,Education,EdTech,Mobile Apps | Web technologies,B2C | B2B,
714,BRQ GLOB TECH PRIVATE LIMITED,"Kasaragod, Kerala",https://startups.startupmission.in/startups/ZDlvZ,http://www.brqassociates.in/,IT/ITeS,Enterprise Applications,Web technologies,B2B | B2C,AYSA | Aysath Rabiya
715,Bruvsha Llp,"Malappuram, Kerala",https://startups.startupmission.in/startups/0WPEm,https://www.bruvsha.com,IT/ITeS,Enterprise Applications,Web technologies,B2B | B2C,
716,BST SOFTWARE PRIVATE LIMITED,"Kottayam, Kerala",https://startups.startupmission.in/startups/poQL3,http://www.bstsoft.in,IT/ITeS,Enterprise Applications,Mobile Apps | Web technologies,B2B | B2C,BINO CHAKUPURAKAL | JESSY BINO
717,BT INTEGRATED SOLUTIONS PRIVATE LIMITED,"Ernakulam, Kerala",https://startups.startupmission.in/startups/8n6vN,https://www.builttech.in/,Construction,Construction,Sustainable Construction,B2B | B2C,ROSE MARY THOMAS | BINOY THOMAS
718,BTREE IOT TECHNOLOGIES PRIVATE LIMITED,"Thiruvananthapuram, Kerala",https://startups.startupmission.in/startups/pvqR0,https://www.btree.in,Healthcare,Assistive Tech,Sensors | Security & Surveillance Technology | Manufacturing,B2C,
719,BUCLE TECHNOLOGIES PRIVATE LIMITED,"Thiruvananthapuram, Kerala",https://startups.startupmission.in/startups/8LbQ0,https://www.bucle.in,IT/ITeS,Consumer Apps,Mobile Apps,B2B | B2C,
720,BUDDHYANTRA LLP,"Kozhikode, Kerala",https://startups.startupmission.in/startups/ZEmOb,https://buddhyantra.com/,IT/ITeS,Enterprise Applications,Web technologies,B2B,MIDHUN GEETHA SOMANATHANPILLAI | ANUSREE RAJ JAYASREE SOUNDARAJ
721,BUDDIZ LEARNING SOLUTIONS PRIVATE LIMITED,"Alappuzha, Kerala",https://startups.startupmission.in/startups/plMGl,https://www.buddiz.ai,Education,EdTech,AI / ML,B2C | B2B,ANOOP SREERAJ | RENJITH ABRAHAM THOMAS | ABHILASH SREERAJ | SANJITH JACOB THOMAS
722,BUDMORE AGRO INDUSTRIES PRIVATE LIMITED,"Alappuzha, Kerala",https://startups.startupmission.in/startups/0weg8,https://budmore.com/,Agriculture and Life Sciences,Agri Tech,Internet of Things (IoT) | Mobile Apps | AI / ML,B2B | SaaS | Marketplace | Platform,Najeeb MA | Pradeep Kumar Ayappan Pilla | Anilkumar Sasi | Karthika Prasad | Syamlal Sasi
723,BUFFERBYTES TECHNOLOGIES PRIVATE LIMITED,"Kozhikode, Kerala",https://startups.startupmission.in/startups/ZdY5X,https://bufferbytes.io,Other,Other,AI / ML | Big data | Mobile Apps,B2B | SaaS,SABIQUE AHAMMED LAVA | SUMESH SIVAN P
724,BUILD PATCH TECHNOLOGIES PRIVATE LIMITED,"Malappuram, Kerala",https://startups.startupmission.in/startups/0BwNO,https://www.buildpatch.com,IT/ITeS,Enterprise Applications,Web technologies | Mobile Apps,B2C | B2B,Shafin Muhammed | SHAS
725,BUILDASQUARE PRIVATE LIMITED,"Alappuzha, Kerala",https://startups.startupmission.in/startups/ZdYvQ,https://buildasquare.com/,Construction,Architecture,Manufacturing | Sustainable Construction,B2B | B2C | B2G,ARJUN RAJEEVAN | ATHULJITH ANIL
726,BUILDING BLEND PRIVATE LIMITED,"Kollam, Kerala",https://startups.startupmission.in/startups/Zjx5p,https://buildingblend.com/,"Banking, Financial Services and Insurance | Other",FinTech | Other,Web technologies,Platform | Marketplace | B2C | B2B,
727,BUILDOSE PRIVATE LIMITED,"Malappuram, Kerala",https://startups.startupmission.in/startups/8RDNV,https://www.buildose.com,Construction,Architecture,Web technologies,Platform | Marketplace,MOHAMMED YAZEED | MOHAMMED SAVAD K
728,BUILDTOSUSTAIN SOLUTIONS PRIVATE LIMITED,"Malappuram, Kerala",https://startups.startupmission.in/startups/8X7e4,https://buildtosustain.net/,Climate,Waste Management,Mobile Apps,B2C,Aravind Arul | Aparna G M
729,BUILT IN 87 TECHNOLOGIES PRIVATE LIMITED,"Thiruvananthapuram, Kerala",https://startups.startupmission.in/startups/0GOJX,https://www.parkmeapp.in,Mobility,Logisitics & Transport,Big data | Geographic Information Systems | Mobile Apps,B2B | B2C | SaaS,SHYAM
730,BUMBLE KIDS (OPC) PRIVATE LIMITED,"Pathanamthitta, Kerala",https://startups.startupmission.in/startups/8n7WZ,https://bumblekids.in,Retail,Retail,Web technologies,B2C | Marketplace | Platform,
731,BUMBLEBEE INSTRUMENTS PRIVATE LIMITED,"Palakkad, Kerala",https://startups.startupmission.in/startups/05Wvx,https://www.bumblebeeinstruments.in/,Consumer Goods,Consumer Electronics,Semiconductors | Sensors,Marketplace | Platform | D2C,ANANTHU SASIKUMAR | ABHINAV RAJEEV | ARVIND AJOY
732,BURSTCODE TECHNOLOGIES PRIVATE LIMITED,"Thiruvananthapuram, Kerala",https://startups.startupmission.in/startups/8Xwly,https://burstcode.in,Healthcare,Assistive Tech,Sensors,B2C,VATAKKE THACHOTH MADHU | PALATHIL NJANTIALA RESHMA
733,BUSIFROG TECH PRIVATE LIMITED,"Kozhikode, Kerala",https://startups.startupmission.in/startups/8Vbv8,https://www.busifrog.com,Retail,Retail,Augmented Reality (AR) | Virtual Reality (VR),B2B,Sreenath MOORCHILOT RAJENDRA KURUP SREE
734,BUSINESS BEYOND BORDERS PRIVATE LIMITED,"Thiruvananthapuram, Kerala",https://startups.startupmission.in/startups/8nqLp,https://www.instagram.com/jodha_emporio/,Retail,Retail,Manufacturing,B2C,Rajani Kunnath Nellikapully | Bhavana Prakash Menon
735,BUTOMY PRIVATE LIMITED,"Thiruvananthapuram, Kerala",https://startups.startupmission.in/startups/8xo3p,http://www.techbutomy.com,Food processing | IT/ITeS,Food & Food Tech | Enterprise Applications,Mobile Apps | Web technologies,B2B | B2C,MAMMUTTY P S | TOJO THOMAS
736,BUYEX FINTECH SOLUTIONS PRIVATE LIMITED,"Ernakulam, Kerala",https://startups.startupmission.in/startups/0JgYp,https://buyexchange.in,"Banking, Financial Services and Insurance",FinTech,Web technologies,B2B | B2C,Praveen R | Ratheesh PS | Mukhthadir PK
737,BUYMEAWORK.COM LLP,"Thrissur, Kerala",https://startups.startupmission.in/startups/Z3orZ,https://buymeawork.com,Retail,Retail,Web technologies,B2B | Platform,
738,BUZCATCH PRIVATE LIMITED,"Kannur, Kerala",https://startups.startupmission.in/startups/0MmN0,http://buzcatch.com/,IT/ITeS,Enterprise Applications,Web technologies,B2B | B2C | D2C,SHEMINA ANISH | ANISH MATHEW
739,BUZY 2050 EDUTECH LLP,"Malappuram, Kerala",https://startups.startupmission.in/startups/Z2wd0,https://projectxedu.com/,Education,EdTech,Web technologies,B2C,Habeeb Rahman | Muhammed Shameem Elanthi
740,BUZY2050 TECHNOLOGIES LLP,"Malappuram, Kerala",https://startups.startupmission.in/startups/8KQPy,http://erootstechnologies.com/,Energy,Renewable Energy,Manufacturing,B2C,ABOOBACKER SIDEEQUE MANITHODI | MUHAMMED SHAMEEM ELANTHI
741,BYLIN MEDTECH PRIVATE LIMITED,"Thiruvananthapuram, Kerala",https://startups.startupmission.in/startups/ZNPvp,https://bylinmedtech.com,Healthcare,Medical Devices,Biotechnology,B2B,DR LINI BASIL | DR ALEXANDER K A
742,BYMIN PRIVATE LIMITED,"Malappuram, Kerala",https://startups.startupmission.in/startups/8Xwlm,https://bymin.com,Retail,Retail,Web technologies | Mobile Apps | Internet of Things (IoT),Marketplace | B2B | B2C,MUHAMMED THAKHYUDHEEN CHITTOOR | Zainulabedeen
743,BYON CARE PRIVATE LIMITED,"Ernakulam, Kerala",https://startups.startupmission.in/startups/pbAB0,https://byoncare.com/,Healthcare,Healthcare IT,AI / ML | Mobile Apps | Big data,B2B | D2C | SaaS,Nebu Kallumpurathu Abraham | Kallumpurathu Abraham Abraham | Dr. Shine Philip | Dr. George Varghese
744,BYOND BIOCARE PRIVATE LIMITED,"Thiruvananthapuram, Kerala",https://startups.startupmission.in/startups/pmAOo,https://livebyond.in,Healthcare,Fem Tech,Biotechnology,D2C,CASTRO CLIVE | GOBITA JANET
745,BYTE INFOTECH LLP,"Thiruvananthapuram, Kerala",https://startups.startupmission.in/startups/ZEbQK,https://byteinfotech.co/,IT/ITeS,Consumer Apps,AI / ML | Web technologies | Mobile Apps,SaaS | Platform,Akhil Bose | Sobin Benny | Aflah V P
746,BYTE7 SERVICES PRIVATE LIMITED,"Ernakulam, Kerala",https://startups.startupmission.in/startups/Z9WGm,https://byte7.in/,Media and Entertainment,Social Media,Web technologies,B2B,AJAY KANTH | SREERENJINI J
747,BYTEDART TECHNOLOGIES PRIVATE LIMITED,"Ernakulam, Kerala",https://startups.startupmission.in/startups/ZjG1r,https://www.bytedart.com,Media and Entertainment,AdTech,Mobile Apps | Web technologies,B2B,MERCY | ALWIN REJI
748,BYTES DELIVERY LLP,"Malappuram, Kerala",https://startups.startupmission.in/startups/ZD55K,https://www.bytesonline.in,IT/ITeS,Consumer Apps,Mobile Apps,B2C,MOHAMMED AFRIN SALEEM K M | THAHA V P
749,BYTESTRONE INDIA PRIVATE LIMITED,"Ernakulam, Kerala",https://startups.startupmission.in/startups/04axp,https://www.bytestrone.com,IT/ITeS,Enterprise Applications,Web technologies | Mobile Apps | AI / ML,B2B | B2C,GOPAKUMAR KIZHAKKE VELLATTU | ANEESH KUNJUVEETTIL | JANSON JOSEPH CHACKO | SHAJU SUKUMARAN | JOVIN JOSEPH | THIPARAMBIL MOHAMMEDALIBAVA MO
750,BYTETALE CORP PRIVATE LIMITED,"Thiruvananthapuram, Kerala",https://startups.startupmission.in/startups/0Jrwk,https://udeoai.com/,IT/ITeS,Consumer Apps,AI / ML,B2C,Crispin Lawrence | Revamma
751,BYTEWAVE DIGITAL CONSULTANTS PRIVATE LIMITED,"Thiruvananthapuram, Kerala",https://startups.startupmission.in/startups/8qjEZ,https://www.bytewavedigital.com,"Banking, Financial Services and Insurance",FinTech,Web technologies | Big data | Cyber Security,B2B | Platform,
752,BYTSOLV DIGITAL TRANSFORMATIONS PRIVATE LIMITED,"Ernakulam, Kerala",https://startups.startupmission.in/startups/py6bW,https://bytsolv.com/,IT/ITeS,Enterprise Applications,Web technologies | Mobile Apps,B2B,Faris Mohamed | Ejas Muhammed
753,BZANALYTICS PRIVATE LIMITED,"Thiruvananthapuram, Kerala",https://startups.startupmission.in/startups/8KdnZ,https://www.bzanalytics.ai/,IT/ITeS,Enterprise Applications,Web technologies | AI / ML | Big data,B2B,SULTHANA SHAFI | SUBUHAN SHAFI
754,BZOLUTIONS GLOBAL PRIVATE LIMITED,"Thiruvananthapuram, Kerala",https://startups.startupmission.in/startups/8KQom,https://www.bzolutions.com/,Media and Entertainment,AdTech,Web technologies,B2B,RAJEEV KUMAR SANKARVEL | PADMAM NANDAKUMAR SINDHU
755,C SCHOOL OF CREATIVE STUDIES LLP,"Malappuram, Kerala",https://startups.startupmission.in/startups/pkwAz,http://thecschool.in,Education | Media and Entertainment,EdTech | AdTech,AI / ML | Web technologies | Mobile Apps,B2C | B2B,MUHAMMED SHAMSAD ELAMKUZHI | MUHAMMED HENEEN V
756,C-DISC TECHNOLOGIES PRIVATE LIMITED,"Kozhikode, Kerala",https://startups.startupmission.in/startups/8qdMp,https://www.cdisctechnologies.com,Construction,Construction,Smart Home | Internet of Things (IoT) | Virtual Reality (VR) | Manufacturing | Sustainable Construction | Blockchain | Web technologies,B2B | B2C | B2G,Kala CP | Jeesh Venmarath
757,C-HUB CAREER DESIGNERS PRIVATE LIMITED,"Kozhikode, Kerala",https://startups.startupmission.in/startups/8VG35,https://www.definemycareer.com,Education,EdTech,AI / ML | Web technologies,B2B | B2C,AZEEB PARA KKANDI | MUHAMMED MUFLIH
758,C-LAND INFOSOFT PRIVATE LIMITED,"Palakkad, Kerala",https://startups.startupmission.in/startups/0JRWy,https://www.cland.co.in/,Retail,Retail,Web technologies,B2C,
759,C-NOSH BIOSCIENCE,"Ernakulam, Kerala",https://startups.startupmission.in/startups/8A4vp,https://c-noshbioscience.com/,Food processing,Food & Food Tech,Biotechnology,B2B,Jijo John Isaac | Mary John
760,C-NOSH BIOSCIENCE PRIVATE LIMITED,"Ernakulam, Kerala",https://startups.startupmission.in/startups/0WlQp,http://c-noshbioscience.com/,Food processing,Food & Food Tech,Biotechnology,B2B | B2C,MARY JOHN | JIJO JOHN ISAAC
761,C4CAREER LEARNING SOLUTIONS PRIVATE LIMITED,"Thiruvananthapuram, Kerala",https://startups.startupmission.in/startups/8xXQ8,https://c4career.in/,Education,EdTech,Web technologies | Mobile Apps,B2C,
762,C4CRED PRIVATE LIMITED,"Thrissur, Kerala",https://startups.startupmission.in/startups/ZEr20,https://www.c4cred.com,Energy,Clean Energy,Web technologies,B2B,
763,Cadala,"Pathanamthitta, Kerala",https://startups.startupmission.in/startups/p6qg0,https://cadala.in/,Retail,Retail,Web technologies,B2C | B2B,
764,CADB INDUSTRIAL PARK PRIVATE LIMITED,"Thiruvananthapuram, Kerala",https://startups.startupmission.in/startups/8Vlo0,https://cadbip.business.site/,Construction,Construction,Smart Home,B2C,
765,CADMATE SOFTWARE LLP,"Pathanamthitta, Kerala",https://startups.startupmission.in/startups/0eqm0,https://www.cadmate.org,IT/ITeS,Enterprise Applications,Web technologies,B2C,
766,CADREAGO DE PRIVATE LIMITED,"Kasaragod, Kerala",https://startups.startupmission.in/startups/0JNa6,https://stocxer.in,"Banking, Financial Services and Insurance",FinTech,AI / ML | Big data | Web technologies,Freemium | B2B | B2C,YASHODHA | BINESH BALAN
767,CADXSTUDIO PRIVATE LIMITED,"Ernakulam, Kerala",https://startups.startupmission.in/startups/pm3Gj,https://cadxstudio.in/,IT/ITeS,Enterprise Applications,AI / ML,SaaS,John Santhosh | Praphul S Warrier
768,Caffeine Shots,"Ernakulam, Kerala",https://startups.startupmission.in/startups/07E38,https://vimeo.com/user154082081,Retail,Retail,Web technologies,B2B,
769,CAKESIFY SYSTEMS PRIVATE LIMITED,"Wayanad, Kerala",https://startups.startupmission.in/startups/Z1zbE,https://www.cakesify.com,IT/ITeS,Consumer Apps,AI / ML | Web technologies,B2B | Platform | SaaS,MARTIN MARAVATTICKAL | ANBURAJA MATHIMARAN
770,CAKIYO PRODUCTS PRIVATE LIMITED,"Kozhikode, Kerala",https://startups.startupmission.in/startups/0MooN,https://cakiyo.com,IT/ITeS,Consumer Apps,Web technologies | Mobile Apps,B2C | Marketplace,Nidhin K C | Raisal U | Shahin Ibrahim | Shameer Ibrahim | Shafeekh | Muhammed Shafi
771,CAKSU FOUNDATION,"Palakkad, Kerala",https://startups.startupmission.in/startups/ZD5bl,https://.caksu.in,Education,EdTech,AI / ML,B2B,ganarajan sivasubramanian | P A Sivasubramanian
772,CALICUT COUSINS PRIVATE LIMITED,"Kozhikode, Kerala",https://startups.startupmission.in/startups/Z3eGr,https://www.fulva.in/,Consumer Goods,FMCG,Manufacturing | Web technologies,D2C | B2C | B2B,SHABAS AHAMMED N C | THASREEF ALI P K | IRFAN SAFAR S | SANU MUHAMMED C
773,CALICUT DIGITAL ACADEMY LLP,"Kozhikode, Kerala",https://startups.startupmission.in/startups/ZD7ml,https://calicutdigitalacademy.com/,Education,EdTech,Web technologies,B2C,Hudaif K V | Basant Meghna | dhanoop | nidasha riyaz | Nishant Krishnan KN
774,CALICZBEE SOLUTIONS PRIVATE LIMITED,"Kozhikode, Kerala",https://startups.startupmission.in/startups/ZEWxp,https://pillsbee.com/,Healthcare,Healthcare IT,AI / ML | Big data | Mobile Apps,B2B,Nidhun K | Abhijith E M | Mohamed Risvan V
775,CALINOVA AI ADVISORY PRIVATE LIMITED,"Kozhikode, Kerala",https://startups.startupmission.in/startups/0PgBK,https://calinova.ai/,IT/ITeS,Enterprise Applications,AI / ML,Platform,Nabeel Moosa | PALLI VEEDU JASEEM
776,CALINOVA INNOVATION PRIVATE LIMITED,"Kozhikode, Kerala",https://startups.startupmission.in/startups/p6djE,https://www.calinova.ai/,IT/ITeS,Enterprise Applications,AI / ML,SaaS,NABEEL MOOSA
777,CALLBELL PRIVATE LIMITED,"Thrissur, Kerala",https://startups.startupmission.in/startups/0BnA0,https://callbellsecurity.wordpress.com/,IT/ITeS,Enterprise Applications,AI / ML | Cyber Security | Web technologies,B2B | B2C | Platform,
778,Calletic Technologies Private Limited,"Thiruvananthapuram, Kerala",https://startups.startupmission.in/startups/Z1mEb,https://www.cloi.ai/,Retail,Retail,Web technologies | AI / ML,B2B,Mustafa Subuhan | anish | mathew varghese
779,CALLNDR TECH PRIVATE LIMITED,"Kottayam, Kerala",https://startups.startupmission.in/startups/8L5ke,https://www.callndr.app,Media and Entertainment,Entertainment & Media,Mobile Apps | Web technologies,Platform,Edacherry Jamaludeen Amal | MARTIN MATHEWS | MANU JOSEPH
780,CALPARTEC SOLUTIONS PRIVATE LIMITED,"Thrissur, Kerala",https://startups.startupmission.in/startups/pyNg8,https://www.calparglobal.com,IT/ITeS,Consumer Apps,Web technologies | AI / ML,B2C | B2B | Freemium,UMMER KK | BUSHARA
781,CAMPERVAN CAMPS & TRAILS PRIVATE LIMITED,"Thiruvananthapuram, Kerala",https://startups.startupmission.in/startups/poG4x,https://www.travelkeet.com,Retail,Tourism,Web technologies | Mobile Apps,Platform | B2C,K M VANDHAN | R SUBRAMANIAN
782,CAMRON MULTI TECHNOLOGIES PRIVATE LIMITED,"Ernakulam, Kerala",https://startups.startupmission.in/startups/pm3wq,https://675284b470999.site123.me/,Consumer Goods,Consumer Goods,Manufacturing,Marketplace,JOBICHAN CHIRAYILKALAM JOSEPH | Jolly Joseph | Johny Joseph
783,CANARY DIGITAL,"Ernakulam, Kerala",https://startups.startupmission.in/startups/0Molx,https://canarydigital.ai/,Healthcare,Fitness & Wellness,AI / ML | Web technologies,B2C,MANOJKUMAR RADHAKRISHNAN | Arun Menon A
784,CANDELA RESEARCH CENTRE PRIVATE LIMITED,"Kollam, Kerala",https://startups.startupmission.in/startups/0wgAe,https://www.candelarc.com/,Climate,Waste Management,Biotechnology,Marketplace | Platform,HENCY JOSE | LAKSHMI PRASAD
785,CANDG INNOVATIONS PRIVATE LIMITED,"Ernakulam, Kerala",https://startups.startupmission.in/startups/pooAp,https://www.nil.com,Mobility,Logisitics & Transport,Internet of Things (IoT),B2B,
786,Candour Edutech Private Limited,"Ernakulam, Kerala",https://startups.startupmission.in/startups/poXAj,https://www.candourgroup.in,Education,EdTech,Web technologies,B2C,
787,CANFIT PRIVATE LIMITED,"Kasaragod, Kerala",https://startups.startupmission.in/startups/8KxX3,https://infocanfit.wixsite.com/canfit,Healthcare,Healthcare IT,AI / ML | Biotechnology | Quantum Computing,B2B | B2G | B2C,ABDUL HAKHEEM | Abdul azeez Mohammed Harshad
788,CANZA TECHNOLOGY CONSULTANTS PRIVATE LIMITED,"Thiruvananthapuram, Kerala",https://startups.startupmission.in/startups/Za2En,https://www.canzatech.com/,IT/ITeS,Enterprise Applications,Web technologies | Internet of Things (IoT) | Security & Surveillance Technology,B2B | D2C | Marketplace,NIMMY SYEDMOINUDEEN SHAMSHAD | ABDUL AZEEZ
789,Capablanca Chess School Private Limited,"Thiruvananthapuram, Kerala",https://startups.startupmission.in/startups/p6rmg,https://capablancachessschool.com/,Education,EdTech,Web technologies | Mobile Apps,B2B | B2C,VIJIN BABU S | SREERAM S T
790,CAPERMIND PRIVATE LIMITED,"Alappuzha, Kerala",https://startups.startupmission.in/startups/8XkyD,https://www.capermind.com,Retail,Retail,Web technologies | Mobile Apps,B2C,
791,Capservo Global,"Alappuzha, Kerala",https://startups.startupmission.in/startups/0MJ7x,https://capservo.com/,Electronics and Communication,Manufacturing,Sensors,B2B,Vineesh
792,CAPSQUARE TECHNOLOGIES PRIVATE LIMITED,"Ernakulam, Kerala",https://startups.startupmission.in/startups/pkJw2,https://capsquare.in/,"Banking, Financial Services and Insurance",Financial Services,AI / ML,B2C,Vishnu M Nair | Alex Jacob
793,Captains Social Foundation,"Kollam, Kerala",https://startups.startupmission.in/startups/0PAOW,https://www.thesocialcaptains.org/,Other,Other,Web technologies,B2B | B2C,Afsal Mohammed B
794,CARBELIM PRIVATE LIMITED,"Ernakulam, Kerala",https://startups.startupmission.in/startups/pyrLO,https://www.carbelim.io,Climate,Climate tech,Biotechnology | Internet of Things (IoT) | Sensors,B2G | B2B,GOPAKUMAR GOPALAN | KARTHIKA GOPI | RAHUL BABU ACHAKKOTTIL
795,CARBON AND WHALE SUSTAINABLE INNOVATIONS PRIVATE LIMITED,"Ernakulam, Kerala",https://startups.startupmission.in/startups/pzMk0,https://carbonandwhale.com/,Climate,Waste Management,Manufacturing,B2B | B2G | Platform,Suraj Varma | Siddharth A K
796,CARBON BAE PRIVATE LIMITED,"Thrissur, Kerala",https://startups.startupmission.in/startups/8Kaw0,https://www.carbonbae.com,Healthcare,Fitness & Wellness,Manufacturing,B2C,
797,CARE BRIDGE HOME PRIVATE LIMITED,"Ernakulam, Kerala",https://startups.startupmission.in/startups/0wKeL,https://carebridgehome.co.in/,Healthcare,Fitness & Wellness,Mobile Apps,B2C,Saji George
798,CAREAYU PRIVATE LIMITED,"Pathanamthitta, Kerala",https://startups.startupmission.in/startups/pokxp,https://www.careayu.com,Healthcare,Healthcare IT,Web technologies | Mobile Apps,B2C | Platform,
799,CARECINE PRIVATE LIMITED,"Ernakulam, Kerala",https://startups.startupmission.in/startups/8KmNk,https://squivv.com/,IT/ITeS,Consumer Apps,Mobile Apps | AI / ML | Web technologies,Platform | B2B | Freemium,ADISH | SARATH M
800,CAREER GRIDS SERVICES PRIVATE LIMITED,"Ernakulam, Kerala",https://startups.startupmission.in/startups/0BGVv,https://healjobs.ai,Healthcare,Healthcare IT,Mobile Apps | Web technologies,Marketplace,ANANDH RAMAIAH
801,CARLAND360 LLP,"Ernakulam, Kerala",https://startups.startupmission.in/startups/pQgNZ,https://adviciya.com/,Mobility,Auto,Internet of Things (IoT),B2C,Jerin John | Harikrishnan MS
802,CARMIC TECH SOLUTIONS PRIVATE LIMITED,"Thiruvananthapuram, Kerala",https://startups.startupmission.in/startups/055W0,https://www.carmictech.com,Media and Entertainment,Events,Web technologies,B2B,
803,CARMOND INFINITY PRIVATE LIMITED,"Bengaluru (Bangalore) Urban, Karnataka",https://startups.startupmission.in/startups/pmBqo,https://carmondinfinity.com/,Media and Entertainment,Animation & Graphics,Web technologies,B2B,Anantha Krishnan T.U
804,CAROL SOLUTIONS,"Ernakulam, Kerala",https://startups.startupmission.in/startups/ZEe7b,http://www.carolsolutions.com,IT/ITeS,Enterprise Applications,Web technologies,B2B,ANTONY V M | LISSAMMA U J
805,CARRDY TECHNOLOGIES PRIVATE LIMITED,"Ernakulam, Kerala",https://startups.startupmission.in/startups/pvybr,https://carrdy.com/,Education,EdTech,AI / ML,Freemium,Sachin P | C Prathapmohan Nair
806,CARRIMEN TECH SOLUTIONS PRIVATE LIMITED,"Ernakulam, Kerala",https://startups.startupmission.in/startups/0WP1P,https://carrimen.in/,IT/ITeS,Consumer Apps,Mobile Apps,B2B | B2C | Platform,muhammed razik h | farook sain ibrahim | afsal puthuparambil
807,CARTIFY LLP,"Alappuzha, Kerala",https://startups.startupmission.in/startups/8X7d4,,IT/ITeS,Enterprise Applications,Web technologies,Marketplace | Platform | SaaS,Stephan Saji Daniel Kizhakkada | SAJI DANIEL
808,CARTON INDIA ALLIANCE PRIVATE LIMITED,"Kannur, Kerala",https://startups.startupmission.in/startups/pmDe0,http://www.cartonindia.com,Construction,Construction,Manufacturing,B2G,PERINGALI ARAYADATH BIJUMOHAN | MUHAMMAD ASIF KEETUKANDI
809,CARTOWER PRIVATE LIMITED,"Thiruvananthapuram, Kerala",https://startups.startupmission.in/startups/ZrGx0,https://www.cartowerpvt.com,Mobility,Logisitics & Transport,Manufacturing,B2B | B2C,
810,CASAVA VENTURES PRIVATE LIMITED,"Ernakulam, Kerala",https://startups.startupmission.in/startups/8L5Ka,https://casavaventures.com/home,Retail,Retail,AI / ML | Mobile Apps | Web technologies,D2C | B2B | B2C,Fauz Mohammed | Faiz Mohammed
811,CASBIRO SOLUTIONS PRIVATE LIMITED,"Ernakulam, Kerala",https://startups.startupmission.in/startups/0WxWP,https://casbiro.com/,Education,EdTech,Mobile Apps,B2C,Sakeer Ali | Nisar Ahammed | Mohamed Rafeeh Vallakkattil
812,CASCADE HEADWAY PRIVATE LIMITED,"Ernakulam, Kerala",https://startups.startupmission.in/startups/07mXD,https://www.cascadeheadway.com,IT/ITeS,Enterprise Applications,Web technologies,B2C,
813,CASUAL PUNCH GAME STUDIOS PRIVATE LIMITED,"Kottayam, Kerala",https://startups.startupmission.in/startups/0PQwp,http://www.casualpunch.com,Media and Entertainment,Gaming,Web technologies,B2C,
814,CATALOG TECHNOLOGIES PRIVATE LIMITED,"Kottayam, Kerala",https://startups.startupmission.in/startups/Z39ap,https://www.nearhat.com,Construction,Construction,Web technologies,B2C,
815,CATALYCA PRIVATE LIMITED,"Thiruvananthapuram, Kerala",https://startups.startupmission.in/startups/pykQZ,https://www.catalyca.com/,Retail,Tourism,Web technologies,B2C,
816,CAVIRA INNOVATIONS PRIVATE LIMITED,"Ernakulam, Kerala",https://startups.startupmission.in/startups/0erEv,https://cavira.in/,Healthcare,Medical Devices,Biotechnology | AI / ML | Internet of Things (IoT),B2B | B2G | SaaS,Neeraj Padmajan Manipuram | Sreejith Rajan
817,CAVZ MEDIA PRIVATE LIMITED,"Kozhikode, Kerala",https://startups.startupmission.in/startups/04l1R,https://www.thecavz.com/,IT/ITeS,Enterprise Infrastructure,Mobile Apps | Web technologies,Platform | B2B,VIMALA CK | subhisha madhu
818,CAVZON PRIVATE LIMITED,"Kollam, Kerala",https://startups.startupmission.in/startups/0MAEV,https://www.cavzon.com/,IT/ITeS,Enterprise Applications,Web technologies,B2B | B2C,
819,CAWOBA PRIVATE LIMITED,"Ernakulam, Kerala",https://startups.startupmission.in/startups/0PYGp,https://cawoba.com,Construction,Architecture,Web technologies | AI / ML | Internet of Things (IoT),Platform | SaaS,Naseel K P | Raseel V M | Shabeeb Ali O
820,CAZADORZ TRADES,"Thrissur, Kerala",https://startups.startupmission.in/startups/8AGl5,https://wa.me/message/3QKMXJRWTQRCI1,Retail,Retail,Internet of Things (IoT),Marketplace | Platform,AKHIL BALU D B | SOJAN KOCHUDEVASSY
821,CBUY FINTECH PRIVATE LIMITED,"Kannur, Kerala",https://startups.startupmission.in/startups/ZEbYK,https://www.cbuy.org/home,"Banking, Financial Services and Insurance",FinTech,Mobile Apps | Web technologies,B2B | B2C | Platform,Elan Georgin Martin | Laiju K George
822,CCPEEPS TECHNOLOGIES PRIVATE LIMITED,"Alappuzha, Kerala",https://startups.startupmission.in/startups/pvymz,https://theccpeeps.com,IT/ITeS,Enterprise Applications,AI / ML | Big data | Web technologies,B2B | B2G | SaaS,IJAB M RAHMAN | ABHIJITH N
823,CEANGAL SPECIALITY INGREDIENTS LLP,"Ernakulam, Kerala",https://startups.startupmission.in/startups/pmAe7,https://ceangal.in,Other,Other,Manufacturing,B2B,Arun George James | Sajani Arun
824,CEED EDU SOLUTIONS PRIVATE LIMITED,"Kasaragod, Kerala",https://startups.startupmission.in/startups/pbVKG,https://www.ceedinternational.org/,Education,EdTech,Internet of Things (IoT),B2C,SHARAFUDHEEN M K | AHAMMED HASIF CHAKKIPARAMBAN
825,CEIR GLOBAL PRIVATE LIMITED,"Thiruvananthapuram, Kerala",https://startups.startupmission.in/startups/0BVGw,https://ceirglobal.com/,Education,EdTech,Web technologies,B2C,
826,CEL-FI TECHNOLOGIES PRIVATE LIMITED,"Ernakulam, Kerala",https://startups.startupmission.in/startups/8RA1g,https://www.celfitechnologies.com/,Electronics and Communication,Telecom,Geographic Information Systems,B2B,Santhosh Kumar S | BEN B BABY
827,CELEBEES TECHNOLOGIES PRIVATE LIMITED,"Ernakulam, Kerala",https://startups.startupmission.in/startups/pvQN0,https://www.celebees.com/,IT/ITeS,Consumer Apps,Web technologies,B2C,Sunitha Faizal | Mohammed Nizam | Faizal M Khalid
828,CELEBRATE LEARNING PRIVATE LIMITED,"Thrissur, Kerala",https://startups.startupmission.in/startups/pv5l0,https://docemy.com/,Education,EdTech,Web technologies | Mobile Apps,B2C,Dr Nishanth B Singh
829,CELECTRIC AUTOMOTIVE DRIVES PRIVATE LIMITED,"Ernakulam, Kerala",https://startups.startupmission.in/startups/8xw3p,http://c-electricdrives.com/,Mobility,Auto,Manufacturing,B2B,Ratheesh.Nair | Bavil varghese
830,CELESTALIGN INNOVATIONS PRIVATE LIMITED,"Kanyakumari, Tamil Nadu",https://startups.startupmission.in/startups/8VGkq,https://celestalign.com/,Healthcare,Medical Devices,3D Printing | Manufacturing,B2B | B2C,SHIVADHATH R P | SUVYA SURENDRAN | GIREESAN ANITHA ADERSH
831,CELF VENTURES PRIVATE LIMITED,"Thiruvananthapuram, Kerala",https://startups.startupmission.in/startups/8AQel,https://celfventures.com/,Food processing,Food & Food Tech,Internet of Things (IoT) | Manufacturing,D2C | B2B | B2C,Arun Mohan | Gokul Geetha Das
832,CELLUPRO GREEN PRIVATE LIMITED,"Alappuzha, Kerala",https://startups.startupmission.in/startups/ZEbD1,https://celluprogreen.com,Other | Healthcare,Other | Fitness & Wellness,Biotechnology | Manufacturing,B2C | B2B,PADMAKUMAR KESAVA PILLAI | RESHMY RAJASEKHARAN NAIR
833,CELO SOFTWARES PRIVATE LIMITED,"Thrissur, Kerala",https://startups.startupmission.in/startups/8qAB8,https://celosoftwares.com/,Construction,Construction,Mobile Apps,B2C | B2B,
834,CENFIX SOFTWARE PRIVATE LIMITED,"Kozhikode, Kerala",https://startups.startupmission.in/startups/pzgqv,https://cenfix.in/,IT/ITeS,Consumer Apps,Mobile Apps | Web technologies,B2B | B2C,VIPIN CHEREEKANDY | AREEKKANATU NITHA
835,CENTER FOR RESEARCH ON MOLECULAR AND APPLIED SCIENCES PRIVATE LIMITED,"Thiruvananthapuram, Kerala",https://startups.startupmission.in/startups/ZD1w0,http://www.crmas.in,Agriculture and Life Sciences,Agriculture,Biotechnology,B2B,
836,CENTGRADE LABS PRIVATE LIMITED,"Malappuram, Kerala",https://startups.startupmission.in/startups/pYeNp,https://www.centgradelabs.com,Education,EdTech,Augmented Reality (AR) | Mobile Apps,B2C,
837,CENTRE C EDTECH PRIVATE LIMITED,"Thiruvananthapuram, Kerala",https://startups.startupmission.in/startups/poYAZ,,Education,EdTech,Web technologies | Mobile Apps,Platform | B2C,
838,CENTRE FOR INCLUSION STANDARDS AND PRACTICE PRIVATE LIMITED,"Idukki, Kerala",https://startups.startupmission.in/startups/0Wb2K,https://www.cispindia.com/,Other,Other,AI / ML | Big data | Internet of Things (IoT),B2B | B2C | SaaS,SHIBIN BINOY | SHINCY BINOY
839,CENTRIF PRIVATE LIMITED,"Ernakulam, Kerala",https://startups.startupmission.in/startups/pQyV6,https://www.centrif.net/,Electronics and Communication,Manufacturing,Manufacturing,B2B,
840,CENTRRIC INNOVATIONS PRIVATE LIMITED,"Ernakulam, Kerala",https://startups.startupmission.in/startups/ZrYE8,https://centrric.com/,IT/ITeS,Enterprise Applications,Web technologies | Mobile Apps | AI / ML,B2B,SAHAD PAREED | ALTHAF KALARICKAL SHAPHY
841,CEPAT TECHNOLOGIES PRIVATE LIMITED,"Alappuzha, Kerala",https://startups.startupmission.in/startups/Z1mx7,https://cepat.in/,Energy | Retail,Renewable Energy | Retail,Smart Home | Security & Surveillance Technology | Robotics | Cyber Security,B2B | B2C | Marketplace,ARUNDEV A V | SUMI VIJAYAN
842,CEPHAS RESEARCH PRIVATE LIMITED,"Pathanamthitta, Kerala",https://startups.startupmission.in/startups/8Aej8,https://cephasresearch.com,IT/ITeS,Enterprise Applications,Blockchain,Platform,
843,CEROED TECHNOLOGIES PRIVATE LIMITED,"Thiruvananthapuram, Kerala",https://startups.startupmission.in/startups/0G1Jz,https://ceroed.com/,Climate,Climate tech,Blockchain | Internet of Things (IoT),B2B,SURAKUTTY MANJUMOLE
844,CERRA BIOTECH LLP,"Ernakulam, Kerala",https://startups.startupmission.in/startups/0JNyx,http://www.cerrabiotech.com,Healthcare,Pharma,Biotechnology,B2B,Remya Robinson | Robinson Kallarackal Varghese
845,CEYMOX TECHNOLOGIES PRIVATE LIMITED,"Ernakulam, Kerala",https://startups.startupmission.in/startups/0MoAv,https://ceymox.com/,IT/ITeS,Mobile | Enterprise Applications,Mobile Apps | Web technologies | AI / ML,B2B | Platform | SaaS,KC Jagadeep
846,CGM SURFACE PRIVATE LIMITED,"Ernakulam, Kerala",https://startups.startupmission.in/startups/07Xj6,https://www.instagram.com/cgmsurfacepvtltd?igsh=cjJuZWZsY3g4Mjgw,Construction,Construction,Manufacturing,B2B | B2C,SHIFAS ELAVAKKATTU ABDULSALAM | SUHAIL ELAVAKKATTU ABDULSALAM
847,CHAAVIE SOLUTIONS LLP,"Kozhikode, Kerala",https://startups.startupmission.in/startups/0e59n,https://www.chaaviesolutions.com/,Mobility,Logisitics & Transport,Mobile Apps | Web technologies,B2B | Platform | SaaS,Gokul Hari | DEVI SAYEERAM CHITRA | PADICHARAKOTTAPARAMBIL SHABEER | KOYA HASSAN ALI KOYA NHARAM CH
848,CHAINZENT PRIVATE LIMITED,"Thiruvananthapuram, Kerala",https://startups.startupmission.in/startups/pvVLx,https://chainzent.com/,Retail,Tourism,Web technologies | Mobile Apps,B2C | B2B,PRANAV A | SREEJITH KRISHNA NARAYANAN | ADITHYAN ULLAS
849,CHAKKAKKOOTTAM INTERNATIONAL PRIVATE LIMITED,"Ernakulam, Kerala",https://startups.startupmission.in/startups/pQaGp,https://www.chakkakkoottam.com,Food processing,Food & Food Tech,Manufacturing,B2B | B2C | Platform,MANU CHANDRAN | VIPIN KUMAR | SABU ARAVIND
850,CHALISA POWER (OPC) PRIVATE LIMITED,"Thrissur, Kerala",https://startups.startupmission.in/startups/0BVz3,https://www.google.com/,Consumer Goods,Consumer Hardware,Manufacturing,B2C | B2B,Aneesh K U
851,CHAMS PHYGITAL MEDIA PRIVATE LIMITED,"Ernakulam, Kerala",https://startups.startupmission.in/startups/8ArYZ,https://letsplayoutdoors.in/home,Media and Entertainment,AdTech,Web technologies,B2B,
852,CHANGEMENT CAPACITY BUILDING PRIVATE LIMITED,"Thiruvananthapuram, Kerala",https://startups.startupmission.in/startups/ZNNKB,https://changemanagemententerprise.com/,Education,EdTech,AI / ML,B2G,Shobha Talaghatti | SANTOSH BABURAO TALGHATTI
853,CHANNEL 5 HI-TECH ENGINEERING,"Thiruvananthapuram, Kerala",https://startups.startupmission.in/startups/ZD7ww,https://www.channel5tech.com/,Agriculture and Life Sciences,Agri Tech,Manufacturing,B2C,MOHANAKUMAR G S | BINDHU C | KARTHIK MOHAN
854,Channu's Solutions Private Limited,"Ernakulam, Kerala",https://startups.startupmission.in/startups/8x6j0,https://jobro.in,IT/ITeS,Consumer Apps,Web technologies | Mobile Apps,B2C | Platform | Freemium,Mohammed Rahil Sahashad | Ahamed Nihal Shanfar C
855,CHAOS NUMERICS PRIVATE LIMITED,"Kottayam, Kerala",https://startups.startupmission.in/startups/0PAro,https://chaosnumerics.com,Energy,Renewable Energy,Manufacturing | 3D Printing | Semiconductors,SaaS | Platform,Tom Mathew
856,CHAPTER 1 ED TEC (OPC) PRIVATE LIMITED,"Thiruvananthapuram, Kerala",https://startups.startupmission.in/startups/05BoW,https://learnwithchapter1.com/,Education,EdTech,Web technologies,Freemium | B2C | D2C,REMYA GIRIJA
857,CHARIS REMEDIES PRIVATE LIMITED,"Kottayam, Kerala",https://startups.startupmission.in/startups/0JJx0,https://www.charisremedies.com/,Healthcare,Healthcare IT,Mobile Apps | Manufacturing,B2C,
858,CHARISMA FOODS PRIVATE LIMITED,"Thiruvananthapuram, Kerala",https://startups.startupmission.in/startups/8X772,https://charismafoods.com,Food processing,Food & Food Tech,Biotechnology,B2B | B2C,AMIT V N | VIJAYAKUMAR DAVID
859,CHEFBAE mushroom,"Kollam, Kerala",https://startups.startupmission.in/startups/pbgxw,https://www.chefbae.co.in,Food processing,Food & Food Tech,Biotechnology | Manufacturing,D2C,
860,CHEMRAW TECH (OPC) PRIVATE LIMITED,"Malappuram, Kerala",https://startups.startupmission.in/startups/Z9Qjm,https://chemraw.com,Other | Consumer Goods | Climate,Other | Consumer Goods | Climate tech,Biotechnology,B2B | B2C | Platform | Marketplace,ABDUL HABID PULLICHOLA
861,CHERAI HOSPITALITY PRIVATE LIMITED,"Ernakulam, Kerala",https://startups.startupmission.in/startups/0Gw50,https://www.cheraihospitality.com,IT/ITeS,Enterprise Infrastructure,Web technologies,B2C | B2B,
862,CHESHIRE TECH CORP PRIVATE LIMITED,"Thiruvananthapuram, Kerala",https://startups.startupmission.in/startups/0w35L,https://cheshiretechcorp.com/,Mobility,Logisitics & Transport,AI / ML | Internet of Things (IoT),B2B,Ammu Prakash | Vivek Ponthenkandath
863,CHILLI PEPPER GOURMET KITCHENS PRIVATE LIMITED,"Thiruvananthapuram, Kerala",https://startups.startupmission.in/startups/p6rVE,https://www.chillipepper.kitchen/,Food processing,Food & Food Tech,Manufacturing,B2B | D2C,
864,CHIPNOVA TECHNOLOGIES PRIVATE LIMITED,"Thiruvananthapuram, Kerala",https://startups.startupmission.in/startups/ZN5ba,https://chipnovatech.com/,Electronics and Communication,Manufacturing,Semiconductors,B2B,BANARJI BHASKARAN | Dhanya Ramachandran
865,CHIRAD TECHNOLOGIES LLP,"Ernakulam, Kerala",https://startups.startupmission.in/startups/plM6o,https://chirad.co/,IT/ITeS,Enterprise Applications,Web technologies,Freemium,Anandhakrishnan V S | Malavika Narayanan | BIJOY KARIYATTI SIJO
866,CHIRAMEL VENTURES PRIVATE LIMITED,"Ernakulam, Kerala",https://startups.startupmission.in/startups/ZNNJL,https://www.chiramelventures.com/,Media and Entertainment,AdTech,Web technologies,B2B | B2C,JOY CHIRAMEL PAUL | HENNAMARY JOSE
867,CHIRI LABS PRIVATE LIMITED,"Ernakulam, Kerala",https://startups.startupmission.in/startups/0WjmZ,https://www.chiri.in,IT/ITeS,Consumer Apps,Web technologies,B2B,
868,CHISQUARE LABS PRIVATE LIMITED,"Thrissur, Kerala",https://startups.startupmission.in/startups/0GBjZ,https://www.chisquarelabs.com/,Healthcare,Healthcare IT,AI / ML | Web technologies,B2B | B2C,
869,CHOFLUID PRIVATE LIMITED,"Thiruvananthapuram, Kerala",https://startups.startupmission.in/startups/Z3e37,https://www.chofluid.com,Media and Entertainment,Social Media,Web technologies,B2B | SaaS,SHINOMOL PALATHANATH MUHAMMED | SHAHNAZ BASHEER
870,CHOICEMED HEALTHCARE SOLUTIONS PRIVATE LIMITED,"Ernakulam, Kerala",https://startups.startupmission.in/startups/pyvd8,,Healthcare,Assistive Tech,Web technologies,B2C,
871,CHOSEN CARPENTER AGRO LLP,"Ernakulam, Kerala",https://startups.startupmission.in/startups/Zjga0,https://tccagro.com/,Agriculture and Life Sciences,Agriculture,Biotechnology,B2C,
872,CHROMA CREATIVE PRIVATE LIMITED,"Ernakulam, Kerala",https://startups.startupmission.in/startups/0BGk3,https://www.chromacreativeagency.com,IT/ITeS | Healthcare,Enterprise Applications | Fitness & Wellness,Web technologies | Mobile Apps,SaaS | B2C,Amal C S | Akhil Ashok
873,Chukkukappy Creatives Llp,"Ernakulam, Kerala",https://startups.startupmission.in/startups/plnXo,http://chukkukappy.com,Healthcare,Healthcare IT,Internet of Things (IoT) | Virtual Reality (VR),Platform,NISAR MUHAMMED ABDULLA | MITHRA MURALEEKRISHNAN
874,CHULLY FARM SERVICE PRIVATE LIMITED,"Kasaragod, Kerala",https://startups.startupmission.in/startups/ZNMWR,http://www.chullyfarm.com,Agriculture and Life Sciences | Food processing,Agri Tech | Food & Food Tech | Agriculture,Nanotechnology | Manufacturing | Sensors | Geographic Information Systems | Internet of Things (IoT),B2B | B2C | D2C,PULINKALAYIL CHACKO BINOY | MANJU BINOY
875,CIBERA DEFENCE PRIVATE LIMITED,"Thiruvananthapuram, Kerala",https://startups.startupmission.in/startups/8nVEx,https://cdc-on.in/,Other,Other,Internet of Things (IoT) | Cyber Security,B2B | D2C | B2G,Pradeep Ravi | Krishna Lal Ramchandran Nair
876,CINEMACLUBBY BUSINESS SOLUTIONS PRIVATE LIMITED,"Alappuzha, Kerala",https://startups.startupmission.in/startups/Z9gmp,https://www.cinemaclubby.com,Media and Entertainment,Social Media,Web technologies,B2B | B2C,
877,CINEPOP ENTERTAINMENTS PRIVATE LIMITED,"Malappuram, Kerala",https://startups.startupmission.in/startups/Z3e7X,https://cinepopentertainments.in/,Media and Entertainment,Entertainment & Media,Web technologies,Marketplace,CHEMBAKA KATTIL JAMSHEER | ARUNDEV K | PAVITHRA VIJAYAN
878,CINESENTINEL PRIVATE LIMITED,"Kollam, Kerala",https://startups.startupmission.in/startups/07XKm,https://sites.google.com/view/cinesentinel/home,Media and Entertainment,AdTech,AI / ML | Security & Surveillance Technology,B2B,VISHNU V | DEEPTHI VINODKUMAR
879,CINESPHERE PRIVATE LIMITED,"Malappuram, Kerala",https://startups.startupmission.in/startups/8Lob5,https://www.castmee.in,Media and Entertainment,Entertainment & Media,Mobile Apps,Platform | B2B,CHITHALMANNIL SHADHULI | MOHAMMED BAHEEJ NALAKATH
880,CIPRIME MODUS PRIVATE LIMITED,"Ernakulam, Kerala",https://startups.startupmission.in/startups/ZONx8,https://www.iowater.co/,Climate,Climate tech,AI / ML | Internet of Things (IoT) | Manufacturing,D2C | B2C | B2B,Brahmasoor Anirudhan
881,CIRIST ECOSYSTEM PRIVATE LIMITED,"Ernakulam, Kerala",https://startups.startupmission.in/startups/pmBne,http://www.cirist.com/,Agriculture and Life Sciences,Life Sciences | Agri Tech,Biotechnology,B2B | B2C | D2C | B2G,SAFEER PM | SUBAIDA PM
882,CITIZEN DIGITAL FOUNDATION,"Thiruvananthapuram, Kerala",https://startups.startupmission.in/startups/poj30,https://www.citizendigitalfoundation.org,Education,EdTech,Web technologies,B2C,
883,CITSA TECHNOLOGIES PRIVATE LIMITED,"Thiruvananthapuram, Kerala",https://startups.startupmission.in/startups/0PwoZ,https://citsat.com,IT/ITeS,Enterprise Infrastructure,Security & Surveillance Technology | Cyber Security | Display Technology,B2B | B2C | D2C,PEEYUSHA | Sreekumar P M | Parasaran PM
884,CITY 17 INTERACTIVE (OPC) PRIVATE LIMITED,"Thiruvananthapuram, Kerala",https://startups.startupmission.in/startups/plnvB,https://www.city17.io/,Media and Entertainment,Animation & Graphics,Augmented Reality (AR) | Virtual Reality (VR),B2B,Joel Kunnil Zachariah
885,Civilianz,"Thiruvananthapuram, Kerala",https://startups.startupmission.in/startups/Z3NJ8,https://www.civilianz.com,Education,EdTech,Mobile Apps,B2C,
886,CIVILION DEBUILTOR PRIVATE LIMITED,"Ernakulam, Kerala",https://startups.startupmission.in/startups/0Wxa9,https://www.civiliondebuiltor.in/,Construction,Construction,Manufacturing,B2B | B2C,Jenet George K | Dhinoop K Enasy
887,CIVRA TECH PRIVATE LIMITED,"Kozhikode, Kerala",https://startups.startupmission.in/startups/05Wno,https://civra.co.in/,Retail,Real Estate Tech / Prop Tech,Web technologies | Mobile Apps,SaaS,Vivek Das | Rizwin Noushad
888,Clan Leo Private Limited,"Ernakulam, Kerala",https://startups.startupmission.in/startups/Z1mm5,https://www.clanleo.com/,IT/ITeS,Mobile,Mobile Apps,Freemium | B2B | B2C,SREEKANTH S | Anitha T.R
889,CLAP,"Ernakulam, Kerala",https://startups.startupmission.in/startups/Z91PZ,Http://getclap.in,Media and Entertainment,Social Media,Web technologies,Platform,
890,CLAPS LEARN EDTECH LLP,"Kozhikode, Kerala",https://startups.startupmission.in/startups/Zdla4,https://clapslearn.com,Education,EdTech,Mobile Apps,Platform | B2C,MUFSIR MP | Rishad V | Fazil T | Amnas Ahamed KT
891,CLAYBIOME INNOVATIONS PRIVATE LIMITED,"Malappuram, Kerala",https://startups.startupmission.in/startups/pQOgW,https://www.claybiomeinnovations.com,Agriculture and Life Sciences,Life Sciences,Biotechnology,B2B | B2C,Chidambareswaren Mahadevan | Rajeswari Subramanian
892,CLAZZO INNOVATIONS LLP,"Malappuram, Kerala",https://startups.startupmission.in/startups/0JGgp,https://www.clazzo.in,Media and Entertainment,AdTech,Web technologies,B2B,
893,CLEAN CIRCLE PRIVATE LIMITED,"Ernakulam, Kerala",https://startups.startupmission.in/startups/ZD2wp,https://www.cleancircle.earth/,IT/ITeS,Consumer Apps,Web technologies,B2B,
894,CLEAN INDIA DRAINAGE SOLUTION PRIVATE LIMITED,"Thrissur, Kerala",https://startups.startupmission.in/startups/ZEml1,https://cleanindiadrainagesolution.com/,Climate,Waste Management,Internet of Things (IoT),B2B | B2C,DALIM P V | SHAMSEERA DALIM
895,CLEANPLANET ECO SOLUTION PRIVATE LIMITED,"Ernakulam, Kerala",https://startups.startupmission.in/startups/8A11m,http://cleanplanetecosolution.in/,Climate,Waste Management,Manufacturing,B2B,FAMITHA S P | farook K A
896,CLEAREYE.AI PRIVATE LIMITED,"Thiruvananthapuram, Kerala",https://startups.startupmission.in/startups/p6bdp,https://www.aiware.ai,IT/ITeS,Enterprise Applications,AI / ML | Web technologies,B2B | B2C,
897,CLEARPROMPT PRIVATE LIMITED,"Ernakulam, Kerala",https://startups.startupmission.in/startups/07WAx,https://clearprompt.dev/,IT/ITeS,Enterprise Applications,AI / ML | Big data | Web technologies,B2B | Freemium | Marketplace,VISHNUDAS VASUDEVAN | ANITHA KESAVAN
898,CLEARSCRAP ECO SOLUTIONS INDIA PRIVATE LIMITED,"Kollam, Kerala",https://startups.startupmission.in/startups/8VGL6,https://clearscrap.in/,Climate,Waste Management,Mobile Apps,Marketplace,RASHEED ALIYAR SAHIB | RAFEEKHA
899,CLEOMED MEDICAL SYSTEMS PRIVATE LIMITED,"Kollam, Kerala",https://startups.startupmission.in/startups/Za2Ar,https://www.cleomed.in,Healthcare,Medical Devices,Manufacturing,B2B,HARI KS
900,CLEVERX HEALTHCARE PRIVATE LIMITED,"Alappuzha, Kerala",https://startups.startupmission.in/startups/0Wb5B,https://cleverx.in/,Healthcare,Healthcare IT,AI / ML | Mobile Apps | Web technologies,B2B | B2C,SHABU KHAN HABEEB | SHEEJA ABDUL BEEVI
901,CLICK TO GET TECHNOLOGY SOLUTIONS PRIVATE LIMITED,"Ernakulam, Kerala",https://startups.startupmission.in/startups/py2G8,https://www.foodbey.com,Mobility,Logisitics & Transport,Mobile Apps,B2B,
902,CLICKO PHONETICS LAB PRIVATE LIMITED,"Ernakulam, Kerala",https://startups.startupmission.in/startups/p6WNj,https://www.phoneticslab.in/,Education,EdTech,AI / ML,B2C | B2G | B2B,Jose Varghese Mundencherry | Josna Varghese Mundencherry
903,CLICKTOINDIA DIGISOLUTIONS PRIVATE LIMITED,"Palakkad, Kerala",https://startups.startupmission.in/startups/pvdvZ,http://clicktoindia.in,IT/ITeS,Consumer Apps,Web technologies,B2B | B2C,PRAVEEN K S
904,CLIMAI CLEANTECH PRIVATE LIMITED,"Thiruvananthapuram, Kerala",https://startups.startupmission.in/startups/pzgwQ,https://www.solyield.com/,Energy,Renewable Energy,AI / ML | Big data | Internet of Things (IoT),B2B | SaaS | Platform,Siva Harsh S
905,Climateforce Technologies Private Limited,"Kollam, Kerala",https://startups.startupmission.in/startups/0PANo,https://greenfi.ai,Climate,Climate tech,Web technologies | AI / ML | Big data,B2B,BARUN CHANDRAN BALACHANDRAN
906,Climebot Innovations Private Limited,"Ernakulam, Kerala",https://startups.startupmission.in/startups/Z1mmN,http://www.climebot.com,Climate,Climate tech,Internet of Things (IoT),B2C,SALEEM ALI CHAKKALA KUNNAN | MOHAMMED SADIQUE
907,CLINARE TECHNOLOGIES PRIVATE LIMITED,"Ernakulam, Kerala",https://startups.startupmission.in/startups/pzglq,https://clinare.com,Healthcare,Healthcare IT,Web technologies,SaaS,MILHA THESNI PAUL | JINTU VINCENT KANAKKASSERY VINCENT
908,CLINEXIZ CLINICAL RESEARCH SERVICES PRIVATE LIMITED,"Kozhikode, Kerala",https://startups.startupmission.in/startups/0JrmK,https://clinexiz.com/,Healthcare,Healthcare IT,AI / ML | Biotechnology | Web technologies,B2B | SaaS | Platform,PRATHAP VASU C | Anusree P Dev
909,CLIPARTINDIA IMAGES PRIVATE LIMITED,"Thiruvananthapuram, Kerala",https://startups.startupmission.in/startups/plMa8,https://www.clipartindia.com,Media and Entertainment,Animation & Graphics,Web technologies,B2B | B2C,
910,CLL ACADEMY PRIVATE LIMITED,"Ernakulam, Kerala",https://startups.startupmission.in/startups/ZNM5W,https://www.academycll.com,Education,EdTech,Internet of Things (IoT) | Big data | Web technologies,Platform,AJITHAKUMARI M M | ABHILASH CHANDRAN
911,CLOCKBAY STUDIO PRIVATE LIMITED,"Kozhikode, Kerala",https://startups.startupmission.in/startups/0wVzZ,https://www.clockbaystudio.in,Consumer Goods,Consumer Goods,Web technologies,D2C,
912,CLOCKHASH TECHNOLOGIES LLP,"Ernakulam, Kerala",https://startups.startupmission.in/startups/8n1WJ,https://clockhash.com/your_trusted_cloud_solutions_partner,IT/ITeS,Enterprise Applications,AI / ML | Security & Surveillance Technology | Web technologies,Platform | Marketplace | SaaS,JOSE MAPRANATHUKARAN OUSEPH | THOMAS THANKACHAN
913,CLOCKWELL INTERNATIONAL LLP,"Malappuram, Kerala",https://startups.startupmission.in/startups/Z1zjb,https://www.clockwell.in/,Other,Other,Web technologies,B2B | B2C,MOHAMMED SONU AFNAN P K | Muhammed Shaheel V V
914,CLOODOT PRIVATE LIMITED,"Thrissur, Kerala",https://startups.startupmission.in/startups/pvQQ0,https://www.cloodot.com,IT/ITeS,Enterprise Applications,Web technologies,B2B | B2C,
915,CLOOTRACK SOFTWARE LABS PRIVATE LIMITED,"Ernakulam, Kerala",https://startups.startupmission.in/startups/4Z2k0,https://www.clootrack.com,IT/ITeS,Enterprise Applications,AI / ML,B2B | B2C | Platform,
916,CLOUD ONE BUSINESS SOLUTIONS PRIVATE LIMITED,"Kozhikode, Kerala",https://startups.startupmission.in/startups/Z2rdZ,http://cloudonebs.com/,Healthcare,Healthcare IT,Web technologies,B2B | B2C,VELUPPAL MIDHUN KUMAR | ANJALI EDAKKANDY
917,CLOUDEX369 IT SOLUTIONS PRIVATE LIMITED,"Malappuram, Kerala",https://startups.startupmission.in/startups/ZNNbv,https://cloudex369.com,IT/ITeS,Enterprise Infrastructure,Web technologies,B2B | B2C,Kishor KS | Nowshad MU
918,CLOUDFLOWER PRIVATE LIMITED,"Ernakulam, Kerala",https://startups.startupmission.in/startups/ZOXQL,https://www.edibleforest.org/,Other,Other,Sustainable Construction,B2C,JACKSON DSILVA | MIDHUN SASI KUMAR | THANURAM AVYAYAN CHEMBANEZHATH
919,CLOUDGM MARKETING PRIVATE LIMITED,"Pathanamthitta, Kerala",https://startups.startupmission.in/startups/0GER8,https://www.cloudgm.com,IT/ITeS,Consumer Apps,Web technologies,B2B | B2C | B2G,
920,CLOUDHOUSE TECHNOLOGIES PRIVATE LIMITED,"Thrissur, Kerala",https://startups.startupmission.in/startups/ZdrwQ,https://cloudhousetechnologies.com,IT/ITeS,Enterprise Applications,Web technologies,B2B | B2C,VIJAYRAJ AMMANCHERY RAJEEV | SREEKUTTY VENGATTU SREEKUMAR | Aswin Mohanan
921,CLOUDSIX INFOSYSTEMS PRIVATE LIMITED,"Ernakulam, Kerala",https://startups.startupmission.in/startups/pmBqW,https://cloud6.co.in/,IT/ITeS,Consumer Apps,Web technologies,B2B | B2C,
922,CLOUDSTACKLE SOLUTIONS LLP,"Kozhikode, Kerala",https://startups.startupmission.in/startups/Z3e9M,https://finanxerai.com/,IT/ITeS,Consumer Apps,AI / ML | Mobile Apps | Web technologies,B2B | B2C,Muhammed Anas K | Hijas Ansif KP
923,CLOUT BIO INNOVATORS PRIVATE LIMITED,"Thiruvananthapuram, Kerala",https://startups.startupmission.in/startups/0JNwx,https://www.cloutbioinnovators.com,Climate,Waste Management,Biotechnology | Manufacturing,B2B | B2C,Ajith Gopalakrishnan | Arun Kumar R
924,CLOWDERIN LLP,"Kollam, Kerala",https://startups.startupmission.in/startups/0P6K8,https://clowderin.com,Education,EdTech,Web technologies | Mobile Apps,B2C | Platform,
925,CLUBALPHA TECHNOLOGIES PRIVATE LIMITED,"Palakkad, Kerala",https://startups.startupmission.in/startups/pYnj8,https://www.cynapse.co.in,"Banking, Financial Services and Insurance",FinTech,Web technologies | Mobile Apps,B2C | D2C | Marketplace,
926,CLUBRAPHAEL PRIVATE LIMITED,"Ernakulam, Kerala",https://startups.startupmission.in/startups/0MVJp,https://www.clubraphael.co,Mobility,Aviation,Web technologies,B2B,
927,CLUFOX TECH SOLUTIONS PRIVATE LIMITED,"Thiruvananthapuram, Kerala",https://startups.startupmission.in/startups/0J6y0,https://www.clufox.com/,IT/ITeS,Enterprise Applications,Web technologies | Mobile Apps,B2B | B2C | Platform,
928,CLUSTERDEV TECHNOLOGIES PRIVATE LIMITED,"Ernakulam, Kerala",https://startups.startupmission.in/startups/0WzLZ,https://clusterdev.com/,,,,,
929,COAB SOLUTIONS PRIVATE LIMITED,"Ernakulam, Kerala",https://startups.startupmission.in/startups/8xr77,https://coab.club/,IT/ITeS,Enterprise Applications,Web technologies | Internet of Things (IoT) | Geographic Information Systems | Mobile Apps,B2B,SAVAD M V | AMALA P P
930,COCHIN AGRO MARKETING SOLUTIONS PRIVATE LIMITED,"Ernakulam, Kerala",https://startups.startupmission.in/startups/pzOPk,https://thecamsol.com/,Agriculture and Life Sciences,Agriculture,Manufacturing,B2B | Marketplace,PRINCE ROBERT
931,COCHIN STERILISATION SERVICES PRIVATE LIMITED,"Thrissur, Kerala",https://startups.startupmission.in/startups/pbnwn,,Other,Other,Web technologies | Biotechnology | Internet of Things (IoT),B2B | B2C,BALAKRISHNAN PRATAP NELLIPARAMBIL | Deepak
932,COCOA BUDS CHOCOLATIER LLP,"Kottayam, Kerala",https://startups.startupmission.in/startups/Z9BAP,https://cocoabuds.in,Food processing,Food & Food Tech,Manufacturing,B2C | Marketplace | B2B,AJMAL K BASHIR | MUBEENA E S
933,Cocoroots Organic Private Limited,"Kozhikode, Kerala",https://startups.startupmission.in/startups/041gL,https://www.cocorootsorganic.com,Consumer Goods,Consumer Goods,Biotechnology,D2C,
934,COCRI TECHNOLOGIES PRIVATE LIMITED,"Ernakulam, Kerala",https://startups.startupmission.in/startups/0POWw,https://www.cocri.online,Media and Entertainment,AdTech,Web technologies | Mobile Apps,B2B | Platform,NIKHIL JAMES | Delna O P
935,CODCOR TECHNOLOGY SOLUTIONS PRIVATE LIMITED,"Ernakulam, Kerala",https://startups.startupmission.in/startups/8nBY8,https://codcor.com/,Media and Entertainment,Entertainment & Media,Web technologies,B2B,
936,CODEACE IT SOLUTIONS LLP,"Kozhikode, Kerala",https://startups.startupmission.in/startups/0JW6p,https://www.codeace.com,Media and Entertainment,AdTech,Web technologies,B2B,
937,CODECARROTS TECHNOLOGIES LLP,"Ernakulam, Kerala",https://startups.startupmission.in/startups/0JNjy,https://codecarrots.com,Other,Other,Mobile Apps | Web technologies,B2C | B2B,MANU S | SREEKA CHANDRAN
938,CODECAT TECHNOLOGIES PRIVATE LIMITED,"Ernakulam, Kerala",https://startups.startupmission.in/startups/ZDx5x,https://www.codecattech.com,IT/ITeS,Consumer Apps,Mobile Apps | Internet of Things (IoT) | AI / ML,B2C | Platform,Rindo Randolph Michael
939,CODELATTICE LABS PRIVATE LIMITED,"Ernakulam, Kerala",https://startups.startupmission.in/startups/ZD77k,https://nueroid.com/,Mobility,Logisitics & Transport,Robotics,B2B,
940,CODEMISCHIEF SOFTWARE SOLUTIONS (OPC) PRIVATE LIMITED,"Kannur, Kerala",https://startups.startupmission.in/startups/Z2lXp,http://codemischief.tech,Retail,Retail,Web technologies | AI / ML | Internet of Things (IoT),B2B,Ramakrishnan Adiyodi
941,CODEMPULI LLP,"Ernakulam, Kerala",https://startups.startupmission.in/startups/05WzW,https://www.codempuli.com,IT/ITeS,Enterprise Applications,Mobile Apps,SaaS,Shilpa Antony
942,CODEOFDUTY INNOVATIONS PRIVATE LIMITED,"Thiruvananthapuram, Kerala",https://startups.startupmission.in/startups/0GO50,https://ryng.in/,IT/ITeS,Enterprise Applications,Web technologies,B2B,Sanju Mathew | Benjamin Mathews Abraham
943,CODESCRIBO TECHNOLOGIES PRIVATE LIMITED,"Alappuzha, Kerala",https://startups.startupmission.in/startups/poQrz,https://codescribo.com/overview#overview-box,IT/ITeS,Enterprise Applications,Web technologies,B2B | B2C,PRATHEESH MONEY
944,CODEZEP TECHNOLOGIES PRIVATE LIMITED,"Ernakulam, Kerala",https://startups.startupmission.in/startups/8KmGl,https://zep360.com/,IT/ITeS,Enterprise Applications,Web technologies | Mobile Apps | AI / ML,SaaS | B2B | Platform,DEEPU SASIKUMAR | FELIX GEORGE IRUMBEN
945,CODING MANTIS GAMES (OPC) PRIVATE LIMITED,"Thiruvananthapuram, Kerala",https://startups.startupmission.in/startups/8V7JE,https://codingmantisgames.com/,Media and Entertainment,Gaming,Mobile Apps,B2C,Nehal V
946,CODINGO PRIVATE LIMITED,"Thiruvananthapuram, Kerala",https://startups.startupmission.in/startups/0eEM0,http://www.codingo.co/,IT/ITeS,Enterprise Applications,Web technologies | Mobile Apps,B2B | SaaS | Platform,MINHAJ ABDURAHEEM E | PALLAVI DINESH | SUBHASH CHEERAKUZHIYIL
947,Codsair Technologies Llp,"Kozhikode, Kerala",https://startups.startupmission.in/startups/8AGWx,https://www.codsairtechnologies.com,Healthcare,Healthcare IT,Web technologies | Mobile Apps,B2B | B2C,
948,CODX SYSTEMS,"Ernakulam, Kerala",https://startups.startupmission.in/startups/Zdr4Q,https://codxsystems.in/,Electronics and Communication,Manufacturing,Robotics | Sensors | AI / ML,B2B,Akshay Kannan | Olickal Noble Jacob | Adhithya R
949,CODX SYSTEMS PRIVATE LIMITED,"Ernakulam, Kerala",https://startups.startupmission.in/startups/pQ4RJ,https://codxsystems.in/,Climate,Climate tech,Robotics | AI / ML | Sustainable Construction,B2B | B2G,Akshay Kannan | Adhithya R | Olickal Noble Jacob
950,COEARTH SUSTAINABLE PRODUCTS PRIVATE LIMITED,"Alappuzha, Kerala",https://startups.startupmission.in/startups/pbym0,http://www.coearthindia.com,Construction,Construction,Sustainable Construction | Manufacturing,D2C | B2C | B2B | B2G,Kusan Sivadasan | Naufal Salim | Shaik Suhail Mohiddin
951,COEXIN TECHNOLOGIES HEALTHCARE PRIVATE LIMITED,"Kozhikode, Kerala",https://startups.startupmission.in/startups/Zj5G8,https://www.coexintech.com,Healthcare,Medical Devices,Biotechnology | Display Technology | Manufacturing,B2B | B2C | B2G,Arshad M Koya | Muhsin O V
952,COFBA NETWORKS LLP,"Thiruvananthapuram, Kerala",https://startups.startupmission.in/startups/Z9ozp,https://www.connectoneclub.com/,Agriculture and Life Sciences,Agri Tech,Mobile Apps,B2B,Nima Daisy
953,Coffee Table,"Ernakulam, Kerala",https://startups.startupmission.in/startups/8qPjM,https://conzine.in/,Mobility,Logisitics & Transport,Web technologies,B2B,
954,COFSO TECHNOLOGIES LLP,"Palakkad, Kerala",https://startups.startupmission.in/startups/0e5yj,https://cofso.in/,IT/ITeS,Mobile,Web technologies | Mobile Apps,B2C | Platform | SaaS,ANOOB ANANDAKRISHNAN | VINOOB ANANTHAKRISHNAN
955,COGNIFLUENZ DEEPTECH PRIVATE LIMITED,"Thiruvananthapuram, Kerala",https://startups.startupmission.in/startups/0MoDv,https://www.cognifluenz.com,Mobility,Mobility,AI / ML | Drones | Robotics,B2B | SaaS,Rajeev Kumaraswamy | Leena Leela Krishnankutty
956,COGNIOR LLP,"Alappuzha, Kerala",https://startups.startupmission.in/startups/Z9Qar,https://www.cognior.com/,IT/ITeS,Enterprise Infrastructure,AI / ML,B2B,SRINIVASAN DEEPIKA | RAVINDRAN RAKESH
957,COGNITA CYBERNETICS PRIVATE LIMITED,"Ernakulam, Kerala",https://startups.startupmission.in/startups/0GJGM,https://www.cognita.org.in/,IT/ITeS,Enterprise Applications,AI / ML | Cyber Security | Web technologies,SaaS | B2C | B2G,ANEESH KATTUNGAL ASHOKAN | GREESHMA
958,COGNITIVE APPLICATIONS PRIVATE LIMITED,"Ernakulam, Kerala",https://startups.startupmission.in/startups/8gEm0,https://comp360.biz/,IT/ITeS,Enterprise Applications,Web technologies,B2B | B2C,
959,COGNOSIN PRIVATE LIMITED,"Thiruvananthapuram, Kerala",https://startups.startupmission.in/startups/8K130,http://www.cognosin.com/,IT/ITeS,Consumer Apps,AI / ML | Big data,B2B,Vikram Das
960,COINEDONE TECHNOLOGIES PRIVATE LIMITED,"Ernakulam, Kerala",https://startups.startupmission.in/startups/ZrwN0,https://www.helpaccess.io,IT/ITeS,Enterprise Applications,Web technologies,B2B | B2C,
961,COLLABO DIGITAL NETWORK PRIVATE LIMITED,"Thrissur, Kerala",https://startups.startupmission.in/startups/0GO7M,https://www.shespace.in/,Education | IT/ITeS,EdTech | Enterprise Applications,Mobile Apps | AI / ML | Web technologies,Platform | SaaS,akhil j plackal | cigi george | plackal varghese jijo
962,COLLABORATIVE LEARNING LABS PRIVATE LIMITED,"Thiruvananthapuram, Kerala",https://startups.startupmission.in/startups/Zr9w8,http://collabll.com,Food processing,Food & Food Tech,Mobile Apps,B2C,SARITHA ARUN | ARUNKUMAR T.V.
963,COLLATREE LLP,"Kozhikode, Kerala",https://startups.startupmission.in/startups/ZOmgo,https://www.collatree.com,Mobility,Logisitics & Transport,Web technologies,B2B,MUHAMMED NIYAS | RIFATH RAHMAN | AKSHAY VALIYAPARAMBATH | KAVITHA PRABHAKARAN NAIR | VIVEK | SUFAIL VALAPRA | NARAYANAN PILATHOTTATHIL SOORA
964,COLOMBIER LAB PRIVATE LIMITED,"Thrissur, Kerala",https://startups.startupmission.in/startups/0wgk5,https://www.colombierlab.com,Energy,Renewable Energy,Internet of Things (IoT) | Mobile Apps | Web technologies,B2C | B2B,George Antony K M | Thekkethala Liju George
965,COLUMBUS EDUPARK PRIVATE LIMITED,"Ernakulam, Kerala",https://startups.startupmission.in/startups/ZOmqx,https://www.columbuslearning.org/,Education,EdTech,Web technologies | Display Technology,Platform | B2C,KOZHIKKOTTUTHARAYIL ULAHANNAN | . GIJEESH CHACKO
966,COMBUS EDU SOLUTIONS LLP,"Malappuram, Kerala",https://startups.startupmission.in/startups/pkJGn,https://www.combus.in/,Education,EdTech,Web technologies | Mobile Apps | AI / ML,B2B | B2C | SaaS,Mohammed Mukthar E | Mushsthaque Ali Ahamed C P | Sajid M
967,COMFINITY TECHNOLOGIES PRIVATE LIMITED,"Palakkad, Kerala",https://startups.startupmission.in/startups/8XwYD,https://www.comfinityindia.com,Other,Other,AI / ML | Big data | Blockchain,B2B | B2C | Platform,Ajay Krishna K | Sooraj Sudevan
968,COMFORZ TECHNOLOGIES PRIVATE LIMITED,"Ernakulam, Kerala",https://startups.startupmission.in/startups/pyjrA,https://www.comforztech.online/,IT/ITeS,Consumer Apps,Web technologies,B2C,PRINCE JOSE FRANCIS | BOBY VARGHESE | Neethu Kiran
969,COMPASS TECH ENTERPRISES,"Thrissur, Kerala",https://startups.startupmission.in/startups/Z3VBr,https://www.compasstech.in/,Energy | IT/ITeS | Electronics and Communication,Clean Energy | Enterprise Infrastructure | Enterprise Applications | Manufacturing | Telecom,Sustainable Construction | Internet of Things (IoT) | Security & Surveillance Technology,B2B | B2C,Madhav Krishna K | Kells Seemon | Bimal K W
970,COMPETITIVE CRACKER PRIVATE LIMITED,"Ernakulam, Kerala",https://startups.startupmission.in/startups/0PEop,https://competitivecracker.com/,Education,EdTech,Web technologies,B2C,Ashamol PS | Bineesh Kumar PK | Abhilash PS
971,COMPLIANCE7 CONSULTING LLP,"Kottayam, Kerala",https://startups.startupmission.in/startups/0Pg3W,https://compliance7.com/,"Banking, Financial Services and Insurance",Financial Services,Web technologies,B2B,Ajith Samuel Abraham
972,COMPLY ARK SOLUTIONS PRIVATE LIMITED,"Ernakulam, Kerala",https://startups.startupmission.in/startups/pYxmQ,https://www.complyark.com/,IT/ITeS,Enterprise Applications,Web technologies | AI / ML,B2B,Navaneeth SS | Suresh KM
973,COMPREHEALTH TECHNOLOGIES PRIVATE LIMITED,"Ernakulam, Kerala",https://startups.startupmission.in/startups/0wXgp,https://www.comprehealth.com,Healthcare,Healthcare IT,Web technologies | Mobile Apps,B2C,
974,COMPUTING FREEDOM COLLECTIVE PRIVATE LIMITED,"Idukki, Kerala",https://startups.startupmission.in/startups/Z9nv0,https://cfc.net.in,IT/ITeS,Enterprise Applications,Web technologies | Geographic Information Systems,SaaS,Jithin Thankachan | Sachin Gracious
975,COMPUTRON SKILLSPARK PRIVATE LIMITED,"Ernakulam, Kerala",https://startups.startupmission.in/startups/8RDlB,https://computronsolutions.com/,Education,EdTech,AI / ML | Cyber Security | Internet of Things (IoT),B2B | B2C,Meena Vasudevan | SHAKIR ABDUL KHARIM
976,CONCEPT EDGE INDUSTRIAL STUDIO LLP,"Idukki, Kerala",https://startups.startupmission.in/startups/8L3mp,https://cedgegroup.com/,Mobility,Auto,3D Printing | Manufacturing,B2B | B2C,Hariprasad Prabhakar | Santhosh Kumar B S
977,CONCEPT HUNT EDUCATION PRIVATE LIMITED,"Kollam, Kerala",https://startups.startupmission.in/startups/8RwJZ,https://www.tellaclasses.com/,Education,EdTech,Web technologies,B2C | B2B | Platform,
978,Concepts Map Llp,"Ernakulam, Kerala",https://startups.startupmission.in/startups/041V3,https://www.conceptsmap.com,IT/ITeS,Enterprise Applications,Web technologies,B2B | B2C,
979,CONCEPTUS AUSTRALIS INDIA LLP,"Kasaragod, Kerala",https://startups.startupmission.in/startups/pbn6G,https://conceptusaustralis.com/,Construction,Architecture,3D Printing | AI / ML | Sustainable Construction,B2B | B2C,SUDARSHAN ARAMPATH THANKAPPAN | HRITHWIK POKKATH RAJEEV
980,CONECXIA ENTERPRISES LLP,"Kozhikode, Kerala",https://startups.startupmission.in/startups/Z3ea2,https://www.workwalaa.com/,IT/ITeS,Mobile,Mobile Apps,B2C,MOHAMMED NIHAL MUNDOLI | SIVADASAN NAIR SIDDHARTH | FARHAN KODITHODIKA
981,CONFIANZA STRUCTURES PRIVATE LIMITED,"Thiruvananthapuram, Kerala",https://startups.startupmission.in/startups/plM1o,https://confianzastr.com/,IT/ITeS,Enterprise Infrastructure,Virtual Reality (VR) | 3D Printing | Sustainable Construction,B2B,SASEENDRA KURUP VASANTHAM AJIN | Bella Bose
982,CONGLOMER INDIA PRIVATE LIMITED,"Thrissur, Kerala",https://startups.startupmission.in/startups/07mzM,https://www.conglomerindia.com/,Agriculture and Life Sciences,Agriculture,Biotechnology,B2C | B2B,ABHINAV M C | AKHIL T THOMAS
983,CONNECT INN TECHNOLOGIES PRIVATE LIMITED,"Pathanamthitta, Kerala",https://startups.startupmission.in/startups/8Krmp,https://www.connectinn.in,IT/ITeS,Consumer Apps,Web technologies,B2B | B2C,
984,CONNECT2SUN TECHNOLOGIES PRIVATE LIMITED,"Malappuram, Kerala",https://startups.startupmission.in/startups/0P7qZ,https://c2sweb.herokuapp.com/,Agriculture and Life Sciences,Agriculture,Sustainable Construction,B2B,
985,Connecting Dots Tech Ventures Private Limited,"Ernakulam, Kerala",https://startups.startupmission.in/startups/8xOVQ,https://datcarts.com/,Mobility,Logisitics & Transport,Sensors | Internet of Things (IoT) | Manufacturing,B2B,Nevin Michael | Abin Mele Purayil | Adarsh Bharathan | Abhishek Raj K K
986,CONNECTSTREAM (OPC) PRIVATE LIMITED,"Ernakulam, Kerala",https://startups.startupmission.in/startups/poQQz,https://connectstream.io/,IT/ITeS,Enterprise Applications,AI / ML | Web technologies,B2B | B2C | Freemium,SHAHILA K
987,CONNEKX PRIVATE LIMITED,"Thiruvananthapuram, Kerala",https://startups.startupmission.in/startups/8n12d,https://www.connekx.com/,IT/ITeS,Enterprise Applications,Mobile Apps,B2B | B2C,Krishnakumar Narayanan Nair | Vijayakumar Thankamany Sooraj
988,CONNESTER SB GLOBAL TECH PRIVATE LIMITED,"Pathanamthitta, Kerala",https://startups.startupmission.in/startups/8RAE2,https://connester.com,Media and Entertainment | Retail,Social Media | Retail,Mobile Apps | Web technologies | AI / ML,B2B | B2C | Marketplace,Gopika Geetha | Subeesh Bose
989,CONQZEN EDU TECH PRIVATE LIMITED,"Thiruvananthapuram, Kerala",https://startups.startupmission.in/startups/plnMO,https://conqzenias.com/,Education,EdTech,AI / ML | Mobile Apps,B2C,
990,Conroot Tech Private Limited,"Ernakulam, Kerala",https://startups.startupmission.in/startups/py69d,https://freeicons.io/,Retail | IT/ITeS,Retail | Consumer Apps | Enterprise Applications,Web technologies,B2C | Platform | B2B,
991,CONSCIENT FOODS PRIVATE LIMITED,"Ernakulam, Kerala",https://startups.startupmission.in/startups/0J3yp,https://www.mindfulfoodsco.com,Food processing,Food & Food Tech,Biotechnology | Manufacturing,B2B | B2C,
992,CONSOUL ASSOCIATES LLP,"Ernakulam, Kerala",https://startups.startupmission.in/startups/0GMR8,https://www.archihelp.consoulassociates.com/,IT/ITeS,Enterprise Applications,Web technologies,B2B | B2C | Platform,Roy John | NISHA K R
993,CONSULTCALIVE PRIVATE LIMITED,"Thiruvananthapuram, Kerala",https://startups.startupmission.in/startups/ZNka0,https://consultcalive.com,IT/ITeS,Enterprise Applications,Web technologies | AI / ML,B2B | B2C | Platform,
994,CONSYST DIGITAL INDUSTRIES PRIVATE LIMITED,"Ernakulam, Kerala",https://startups.startupmission.in/startups/0W6lZ,https://www.iiotnext.com,Energy,Renewable Energy,Internet of Things (IoT) | Semiconductors,B2B | Platform,
995,CONTACTOS PRIVATE LIMITED,"Ernakulam, Kerala",https://startups.startupmission.in/startups/pbVnO,https://contato.app/,IT/ITeS,Consumer Apps,Mobile Apps | Web technologies,SaaS | B2B | B2C,Abhilash Subashchandrababu | Suneeshkumar P O
996,CONTENTFACTORY MEDIA LLP,"Ernakulam, Kerala",https://startups.startupmission.in/startups/0e56m,https://www.realprompt.in,,,,,
997,CONVAI INNOVATIONS PRIVATE LIMITED,"Kasaragod, Kerala",https://startups.startupmission.in/startups/ZDwE8,https://convaiinnovations.com/,Healthcare,Healthcare IT,Virtual Reality (VR) | AI / ML | Mobile Apps,B2B,ANJALI MUKKUNNOTH | NANDAKISHOR MUKKUNNOTH | MUKKUNNOTH ARCHANA
998,CONVOLVE TECHNOLOGIES,"Ernakulam, Kerala",https://startups.startupmission.in/startups/Z3q2p,https://convolvetechnologies.com/,IT/ITeS,Enterprise Applications,Web technologies | Mobile Apps,B2B,Manoj C M | Bibin Bhanujan | Necer Ashraf
999,Coolmato Innovations Private Limited,"Ernakulam, Kerala",https://startups.startupmission.in/startups/ZD7xv,https://www.coolmato.com,Consumer Goods,Consumer Hardware,Manufacturing,B2C,
1000,CORBILTEK PRIVATE LIMITED,"Ernakulam, Kerala",https://startups.startupmission.in/startups/8Xwde,https://www.linkedin.com/COMPANY/CORBILTEK/,Construction,Architecture,AI / ML | Mobile Apps | Sustainable Construction,Freemium | SaaS | B2C,SREEJITHRAJ C R | DILJITHRAJ C R
