id,company_name,location,ksum_url,source_page
1,2 INFINITY LOGISTICS LLP,"Alappuzha, Kerala",https://startups.startupmission.in/startups/0BwQK,1
2,24LIV ENTERTAINMENTS PRIVATE LIMITED,"Thrissur, Kerala",https://startups.startupmission.in/startups/ZNMla,1
3,2HATS LOGIC SOLUTIONS PRIVATE LIMITED,"Ernakulam, Kerala",https://startups.startupmission.in/startups/pmJe8,1
4,360MARKETING SCHOOL PRIVATE LIMITED,"Malappuram, Kerala",https://startups.startupmission.in/startups/8n66W,1
5,369 VIRTUE,"Thrissur, Kerala",https://startups.startupmission.in/startups/pQyX6,1
6,3HNTRYPZ PRIVATE LIMITED,"Ernakulam, Kerala",https://startups.startupmission.in/startups/ZD5Lw,1
7,3VEES INTERNATIONAL PRIVATE LIMITED,"Ernakulam, Kerala",https://startups.startupmission.in/startups/Z1m75,1
8,42 Souls Enterprises Private Limited,"Alappuzha, Kerala",https://startups.startupmission.in/startups/Z1mbK,1
9,4CHAMPZ INNOVATIVE PRIVATE LIMITED,"Kollam, Kerala",https://startups.startupmission.in/startups/8L515,1
10,60PLUS VENTURES PRIVATE LIMITED,"Ernakulam, Kerala",https://startups.startupmission.in/startups/8qPWE,1
11,70mm Media Village LLP,"Ernakulam, Kerala",https://startups.startupmission.in/startups/Z2znV,1
12,A I N MED-FARM PRIVATE LIMITED,"Wayanad, Kerala",https://startups.startupmission.in/startups/Z1VWb,1
13,A U VENTURES LLP,"Kozhikode, Kerala",https://startups.startupmission.in/startups/0BGYv,1
14,A V W GLOBAL TRANSPORTS AND LOGISTICS LLP,"Ernakulam, Kerala",https://startups.startupmission.in/startups/0JNQe,1
15,A&J Creative Solutions,"Wayanad, Kerala",https://startups.startupmission.in/startups/0JRGy,1
16,A2Z ALPHABETSOLUTIONZ PRIVATE LIMITED,"Thiruvananthapuram, Kerala",https://startups.startupmission.in/startups/py61O,1
17,A4 MERCANTILES PRIVATE LIMITED,"Ernakulam, Kerala",https://startups.startupmission.in/startups/ZjGjx,1
18,AA AGRO BHARAT PRIVATE LIMITED,"Alappuzha, Kerala",https://startups.startupmission.in/startups/8glm1,1
19,AAA SOFTWARE SOLUTION PRIVATE LIMITED,"Thiruvananthapuram, Kerala",https://startups.startupmission.in/startups/8R5jp,1
20,AAKRI IMPACT PRIVATE LIMITED,"Ernakulam, Kerala",https://startups.startupmission.in/startups/8xjaQ,1
21,AALMAAV VENTURES PRIVATE LIMITED,"Ernakulam, Kerala",https://startups.startupmission.in/startups/plnRO,2
22,AAM HEALTH NEEDS PRIVATE LIMITED,"Thrissur, Kerala",https://startups.startupmission.in/startups/ZNNnN,2
23,AARADHYADECOR PRIVATE LIMITED,"Ernakulam, Kerala",https://startups.startupmission.in/startups/0wgnz,2
24,AARAFLOW PRIVATE LIMITED,"Thiruvananthapuram, Kerala",https://startups.startupmission.in/startups/pyjAg,2
25,AARANDALE TECH SOLUTIONS PRIVATE LIMITED,"Thiruvananthapuram, Kerala",https://startups.startupmission.in/startups/Z1m4V,2
26,AARIV TOYS PRIVATE LIMITED,"Ernakulam, Kerala",https://startups.startupmission.in/startups/ZEe9v,2
27,AAROHA ENGINEERS PRIVATE LIMITED,"Malappuram, Kerala",https://startups.startupmission.in/startups/8n6QL,2
28,Aasayaa Media Soultions,"Thiruvananthapuram, Kerala",https://startups.startupmission.in/startups/ZOmmb,2
29,AASK EDUTECH PRIVATE LIMITED,"Ernakulam, Kerala",https://startups.startupmission.in/startups/0w1G8,2
30,AASTHA AHAM BUILDERS LLP,"Thiruvananthapuram, Kerala",https://startups.startupmission.in/startups/0Mo2N,2
31,AAYACARE PRIVATE LIMITED,"Malappuram, Kerala",https://startups.startupmission.in/startups/pzgWV,2
32,ABACI TECHNOLOGIES PRIVATE LIMITED,"Kozhikode, Kerala",https://startups.startupmission.in/startups/8Xkkm,2
33,ABEATHA VENTURES PRIVATE LIMITED,"Ernakulam, Kerala",https://startups.startupmission.in/startups/04W1x,2
34,ABHIRAM ENGINEERING WORKS PRIVATE LIMITED,"Kottayam, Kerala",https://startups.startupmission.in/startups/Z3WPd,2
35,ABHRAM TECHNOLOGIES PRIVATE LIMITED,"Ernakulam, Kerala",https://startups.startupmission.in/startups/8AQWj,2
36,ABIBIN ACADEMY LLP,"Kozhikode, Kerala",https://startups.startupmission.in/startups/Z1VoA,2
37,ABIX GLOBAL PRIVATE LIMITED,"Kozhikode, Kerala",https://startups.startupmission.in/startups/Zrg90,2
38,ABIZEN NUTRITION PRIVATE LIMITED,"Kannur, Kerala",https://startups.startupmission.in/startups/04lmL,2
39,ABLECURE HEALTHCARE PRIVATE LIMITED,"Malappuram, Kerala",https://startups.startupmission.in/startups/Z1WAp,2
40,ABRINALDRICH AGRONIC PRODUCTS PRIVATE LIMITED,"Ernakulam, Kerala",https://startups.startupmission.in/startups/Z1mBN,2
41,ABROADANGELS CONSULTANCY PRIVATE LIMITED,"Kannur, Kerala",https://startups.startupmission.in/startups/0BwEw,3
42,ABROBS PRIVATE LIMITED,"Ernakulam, Kerala",https://startups.startupmission.in/startups/ZrkNe,3
43,ABSECO INTERNATIONAL PRIVATE LIMITED,"Malappuram, Kerala",https://startups.startupmission.in/startups/ZjPrp,3
44,ABSOLUTE MIND PRIVATE LIMITED,"Kozhikode, Kerala",https://startups.startupmission.in/startups/8grAp,3
45,ABZ OMADA,"Kannur, Kerala",https://startups.startupmission.in/startups/0Jvk0,3
46,ACADEMY OF MEDIA AND DESIGN LLP,"Palakkad, Kerala",https://startups.startupmission.in/startups/8q4Bp,3
47,ACCELMOVE DYNAMICS PRIVATE LIMITED,"Thiruvananthapuram, Kerala",https://startups.startupmission.in/startups/ZEElZ,3
48,ACCENDON TECHNOLOGIES PRIVATE LIMITED,"Ernakulam, Kerala",https://startups.startupmission.in/startups/pynv8,3
49,ACCESS HOME LAB SOLUTIONS LLP,"Thrissur, Kerala",https://startups.startupmission.in/startups/p6rrV,3
50,ACCESSIBILITY HUB PRIVATE LIMITED,"Thiruvananthapuram, Kerala",https://startups.startupmission.in/startups/8KmBG,3
51,ACCEVION PRIVATE LIMITED,"Kozhikode, Kerala",https://startups.startupmission.in/startups/pm3D1,3
52,ACCGUY FINANCIAL SERVICES PRIVATE LIMITED,"Kottayam, Kerala",https://startups.startupmission.in/startups/poQYx,3
53,ACCOENG CONSULTANTS PRIVATE LIMITED,"Ernakulam, Kerala",https://startups.startupmission.in/startups/py6mE,3
54,ACCOVET INFOTECH PRIVATE LIMITED,"Thiruvananthapuram, Kerala",https://startups.startupmission.in/startups/Z3OxZ,3
55,ACCU WORX INDIA LLP,"Kozhikode, Kerala",https://startups.startupmission.in/startups/pmBDo,3
56,Accubits Invent Private Limited,"Thiruvananthapuram, Kerala",https://startups.startupmission.in/startups/0GOMG,3
57,ACCUCERTS TECHNOLOGIES PRIVATE LIMITED,"Thiruvananthapuram, Kerala",https://startups.startupmission.in/startups/0W7l0,3
58,ACCURANT ENGINEERS AND CONSULTANTS PRIVATE LIMITED,"Ernakulam, Kerala",https://startups.startupmission.in/startups/Za2xJ,3
59,ACETROOP CREATIONS LLP,"Ernakulam, Kerala",https://startups.startupmission.in/startups/pzQY0,3
60,ACEWARE FINTECH SERVICES PRIVATE LIMITED,"Ernakulam, Kerala",https://startups.startupmission.in/startups/ZdX4Z,3
61,ACHYUTH VEDIC AND NATURALS PRIVATE LIMITED,"Thrissur, Kerala",https://startups.startupmission.in/startups/ZEeA2,4
62,Acmaey Accounting Solutions Private Limited,"Thiruvananthapuram, Kerala",https://startups.startupmission.in/startups/p6rgE,4
63,ACODEZ EDUCATIONAL & CONSULTING SOLUTIONS PRIVATE LIMITED,"Kozhikode, Kerala",https://startups.startupmission.in/startups/0e5vG,4
64,ACOLYTE HEALTH CARE LLP,"Kozhikode, Kerala",https://startups.startupmission.in/startups/pQOqX,4
65,Acowale Technologies Private Limited,"Idukki, Kerala",https://startups.startupmission.in/startups/041bv,4
66,ACQODIS TECHNOLOGIES LLP,"Ernakulam, Kerala",https://startups.startupmission.in/startups/ZrkGE,4
67,ACTAI TECHNOLOGIES PRIVATE LIMITED,"Malappuram, Kerala",https://startups.startupmission.in/startups/0MJdV,4
68,ACTION2 CASTMEE PRIVATE LIMITED,"Malappuram, Kerala",https://startups.startupmission.in/startups/pQBx8,4
69,ACTIONCLUB,"Thrissur, Kerala",https://startups.startupmission.in/startups/ZEmj2,4
70,ACTIVELOGICA LIFESCIENCE INNOVATIONS PRIVATE LIMITED,"Ernakulam, Kerala",https://startups.startupmission.in/startups/8AWl0,4
71,ACTNOW GLOBAL BUSINESS SOLUTIONS PRIVATELIMITED,"Kottayam, Kerala",https://startups.startupmission.in/startups/0MNbp,4
72,ACUTE ENDEAVORS PRIVATE LIMITED,"Ernakulam, Kerala",https://startups.startupmission.in/startups/pYgRA,4
73,ACUTRO TECHNOLOGIES PRIVATE LIMITED,"Thiruvananthapuram, Kerala",https://startups.startupmission.in/startups/0WNQZ,4
74,AD HOC HEALTHCARE SUPPLY AND SERVICES PRIVATE LIMITED,"Kottayam, Kerala",https://startups.startupmission.in/startups/8gAA0,4
75,ADAAR VFX PRIVATE LIMITED,"Thiruvananthapuram, Kerala",https://startups.startupmission.in/startups/8xzm0,4
76,ADAM MUSHROOMS PRIVATE LIMITED,"Thrissur, Kerala",https://startups.startupmission.in/startups/8VDN5,4
77,ADAPTA VENTURES (OPC) PRIVATE LIMITED,"Ernakulam, Kerala",https://startups.startupmission.in/startups/Zj3VQ,4
78,ADAPTCRETE PRIVATE LIMITED,"Palakkad, Kerala",https://startups.startupmission.in/startups/ZD54a,4
79,ADARZA SYSTEMS PRIVATE LIMITED,"Thrissur, Kerala",https://startups.startupmission.in/startups/ZrOw0,4
80,ADDAY CREATIVE LLP,"Ernakulam, Kerala",https://startups.startupmission.in/startups/0w3eo,4
81,ADDMIGO PRIVATE LIMITED,"Wayanad, Kerala",https://startups.startupmission.in/startups/0417L,5
82,ADDONEZ MARKETPLACE LLP,"Ernakulam, Kerala",https://startups.startupmission.in/startups/Z9Qbr,5
83,ADDUS DYNAMICS LLP,"Ernakulam, Kerala",https://startups.startupmission.in/startups/ZDxE2,5
84,ADEXORB TECHNOLOGIES PRIVATE LIMITED,"Pathanamthitta, Kerala",https://startups.startupmission.in/startups/ZdYkX,5
85,ADHI VEDA PHARMACEUTICAL PRIVATE LIMITED,"Ernakulam, Kerala",https://startups.startupmission.in/startups/0e5Qj,5
86,ADHINIDHI NUTRIMENT PRODUCTS PRIVATE LIMITED,"Palakkad, Kerala",https://startups.startupmission.in/startups/0PAXq,5
87,ADHIPOOLS PRIVATE LIMITED,"Ernakulam, Kerala",https://startups.startupmission.in/startups/pQyRG,5
88,ADHISHT TECHNOLOGIES PRIVATE LIMITED,"Ernakulam, Kerala",https://startups.startupmission.in/startups/05B1R,5
89,Adhoc Global Connect Private Limited,"Kollam, Kerala",https://startups.startupmission.in/startups/pbg9m,5
90,ADHWAITHA WEB CONSULTANCY SERVICES PRIVATE LIMITED,"Thrissur, Kerala",https://startups.startupmission.in/startups/pvmx0,5
91,ADHYAYA EDUCATIONAL SOLUTIONS PRIVATE LIMITED,"Alappuzha, Kerala",https://startups.startupmission.in/startups/8q6DE,5
92,ADIDHI HOSPITALITY SOLUTIONS PRIVATE LIMITED,"Kannur, Kerala",https://startups.startupmission.in/startups/Zdav0,5
93,ADITYARASHMI EXPORTS AND LOGISTICS PRIVATE LIMITED,"Ernakulam, Kerala",https://startups.startupmission.in/startups/07mVG,5
94,ADIVINAR CATALYST IT SOLUTIONS LLP,"Ernakulam, Kerala",https://startups.startupmission.in/startups/8xrRb,5
95,ADMAR VENTURES (OPC) PRIVATE LIMITED,"Kozhikode, Kerala",https://startups.startupmission.in/startups/0JRvN,5
96,ADMAREN TECH PRIVATE LIMITED,"Ernakulam, Kerala",https://startups.startupmission.in/startups/pz6qp,5
97,ADME SOLUTIONS LLP,"Kozhikode, Kerala",https://startups.startupmission.in/startups/Zakxp,5
98,ADOWINGS PRIVATE LIMITED,"Thiruvananthapuram, Kerala",https://startups.startupmission.in/startups/Z9QWQ,5
99,ADPUMB PRIVATE LIMITED,"Malappuram, Kerala",https://startups.startupmission.in/startups/pbgVY,5
100,ADSFLO WORLDWIDE PRIVATE LIMITED,"Ernakulam, Kerala",https://startups.startupmission.in/startups/Z3eax,5
101,ADSTORY COMMUNICATIONS,"Thrissur, Kerala",https://startups.startupmission.in/startups/Zrjkw,6
102,ADSUM CONSULTANCY PRIVATE LIMITED,"Ernakulam, Kerala",https://startups.startupmission.in/startups/8KK38,6
103,Advaiga Creations Private Limited,"Kannur, Kerala",https://startups.startupmission.in/startups/8RNNG,6
104,ADVANCED BUSINESS SERVICE FORCE PRIVATE LIMITED,"Ernakulam, Kerala",https://startups.startupmission.in/startups/07X2x,6
105,ADVONIT TECHNOLOGIES PRIVATE LIMITED,"Ernakulam, Kerala",https://startups.startupmission.in/startups/Z9BbQ,6
106,ADWAITHAM ENGICRAFT PRIVATE LIMITED,"Thiruvananthapuram, Kerala",https://startups.startupmission.in/startups/pvDOy,6
107,ADWAYGA PRIVATE LIMITED,"Thrissur, Kerala",https://startups.startupmission.in/startups/Z1VJW,6
108,ADZIS SOFTWARE PRIVATE LIMITED,"Thiruvananthapuram, Kerala",https://startups.startupmission.in/startups/0eBGp,6
109,ADZITO INTERNATIONAL PRIVATE LIMITED,"Malappuram, Kerala",https://startups.startupmission.in/startups/0GJk5,6
110,Aegous Healthcare Private Limited,"Wayanad, Kerala",https://startups.startupmission.in/startups/pvVDY,6
111,AEIOU EDU INNOVATIONS PRIVATE LIMITED,"Ernakulam, Kerala",https://startups.startupmission.in/startups/04A2p,6
112,AELVYNOR LLP,"Kottayam, Kerala",https://startups.startupmission.in/startups/pkJ3L,6
113,Aerobits Biotech Private Limited,"Ernakulam, Kerala",https://startups.startupmission.in/startups/07m7x,6
114,AEROBITS DEVELOPERS PRIVATE LIMITED,"Ernakulam, Kerala",https://startups.startupmission.in/startups/Zj7B0,6
115,AEROBIX ACTIVE PRIVATE LIMITED,"Malappuram, Kerala",https://startups.startupmission.in/startups/0JRJk,6
116,AEROBOTICS INNOVATION PRIVATE LIMITED,"Kollam, Kerala",https://startups.startupmission.in/startups/pzO4B,6
117,AEROKINESIS PRIVATE LIMITED,"Ernakulam, Kerala",https://startups.startupmission.in/startups/pzgbq,6
118,AEROLINK ELECTRONICS PRIVATE LIMITED,"Malappuram, Kerala",https://startups.startupmission.in/startups/0WxAQ,6
119,AEROMAN TECHNOLOGIES PRIVATE LIMITED,"Thrissur, Kerala",https://startups.startupmission.in/startups/pm31k,6
120,AEROSEA LOGISTICS SOLUTIONS PRIVATE LIMITED,"Alappuzha, Kerala",https://startups.startupmission.in/startups/0erPj,6
121,AEROVANTIX SYSTEMS PRIVATE LIMITED,"Kottayam, Kerala",https://startups.startupmission.in/startups/8Kmzm,7
122,AESA SPORTS AND ENTERTAINMENTS PRIVATE LIMITED,"Ernakulam, Kerala",https://startups.startupmission.in/startups/8qrrv,7
123,AESSTECH KITCHEN EQUIPMENTS PRIVATE LIMITED,"Thiruvananthapuram, Kerala",https://startups.startupmission.in/startups/8xRq0,7
124,Aesthete Decor LLP,"Ernakulam, Kerala",https://startups.startupmission.in/startups/8qPYE,7
125,AETH ANALYTICA PRIVATE LIMITED,"Kozhikode, Kerala",https://startups.startupmission.in/startups/Q0B3p,7
126,Aev Learning Solutions Private Limited,"Thrissur, Kerala",https://startups.startupmission.in/startups/pzgmD,7
127,AEXTA FUTURE MOBILITY PRIVATE LIMITED,"Ernakulam, Kerala",https://startups.startupmission.in/startups/pmAmq,7
128,AEYEGLANCE PRIVATE LIMITED,"Thiruvananthapuram, Kerala",https://startups.startupmission.in/startups/0wK1e,7
129,Afath Technologies Private Limited,"Thrissur, Kerala",https://startups.startupmission.in/startups/Z1mrb,7
130,Affa International Llp,"Malappuram, Kerala",https://startups.startupmission.in/startups/ZjGoB,7
131,AFFI EDUCATIONS LLP,"Kozhikode, Kerala",https://startups.startupmission.in/startups/pbgNG,7
132,AFFORDMATE PRIVATE LIMITED,"Malappuram, Kerala",https://startups.startupmission.in/startups/Z9WRv,7
133,AGASTYX LABS LLP,"Ernakulam, Kerala",https://startups.startupmission.in/startups/05BNe,7
134,AGC ENFORCEMENT SERVICES PRIVATE LIMITED,"Kozhikode, Kerala",https://startups.startupmission.in/startups/Z9Q36,7
135,AGENTICNEX AI PRIVATE LIMITED,"Kottayam, Kerala",https://startups.startupmission.in/startups/0erqP,7
136,AGENTICX KNOWLEDGE SOLUTIONS LLP,"Kollam, Kerala",https://startups.startupmission.in/startups/pY1kj,7
137,AGEO GLOBAL FOODS PRIVATE LIMITED,"Thiruvananthapuram, Kerala",https://startups.startupmission.in/startups/0w3OJ,7
138,AGERCLOUD TECHNOLOGIES PRIVATE LIMITED,"Kottayam, Kerala",https://startups.startupmission.in/startups/ZOmMx,7
139,Aggroflame Industries Private Limited,"Kollam, Kerala",https://startups.startupmission.in/startups/p6rzv,7
140,AGILEINFO TECHYTERN SOLUTIONS LLP,"Thiruvananthapuram, Kerala",https://startups.startupmission.in/startups/8nVVx,7
141,AGLAM TECHNOLOGIES PRIVATE LIMITED,"Thiruvananthapuram, Kerala",https://startups.startupmission.in/startups/ZaYmZ,8
142,AGNET AGRO MARKETING (OPC) PRIVATE LIMITED,"Pathanamthitta, Kerala",https://startups.startupmission.in/startups/ZNN2N,8
143,AGNICORE LABS PRIVATE LIMITED,"Ernakulam, Kerala",https://startups.startupmission.in/startups/0Bw3A,8
144,AGNIKUL COSMOS PRIVATE LIMITED,"Chennai, Tamil Nadu",https://startups.startupmission.in/startups/8AGeY,8
145,AGRI ASSIST INNOVATIONS LLP,"Thiruvananthapuram, Kerala",https://startups.startupmission.in/startups/8xjGm,8
146,AGRIGATE TECHNOLOGIES PRIVATE LIMITED,"Thiruvananthapuram, Kerala",https://startups.startupmission.in/startups/8ABlZ,8
147,AGRILINK SOLUTIONS PRIVATE LIMITED,"Pathanamthitta, Kerala",https://startups.startupmission.in/startups/8xO1Q,8
148,AGRINDA GLOBAL PRIVATE LIMITED,"Thrissur, Kerala",https://startups.startupmission.in/startups/8V71X,8
149,AGRINOVA SPICE PRIVATE LIMITED,"Ernakulam, Kerala",https://startups.startupmission.in/startups/ZOX9k,8
150,Agritech Innovations,"Thrissur, Kerala",https://startups.startupmission.in/startups/Zdznp,8
151,AGRIVATOR TECHNOLOGIES LLP,"Kollam, Kerala",https://startups.startupmission.in/startups/poJV0,8
152,AGRIVERSE TOURISM PRIVATE LIMITED,"Kozhikode, Kerala",https://startups.startupmission.in/startups/poGwz,8
153,AGROMETRIC INNOVATIONS LLP,"Ernakulam, Kerala",https://startups.startupmission.in/startups/8qPP3,8
154,AGROPARK INDUSTRIAL INFRASTRUCTURE PRIVATE LIMITED,"Ernakulam, Kerala",https://startups.startupmission.in/startups/ZOYjp,8
155,Agroroot Collection Llp,"Ernakulam, Kerala",https://startups.startupmission.in/startups/Z3VW2,8
156,AGROSAVER PRIVATE LIMITED,"Mahendragarh, Haryana",https://startups.startupmission.in/startups/Z1VeR,8
157,AGROSHIELD TECHNOLOGIES PRIVATE LIMITED,"Ernakulam, Kerala",https://startups.startupmission.in/startups/Z1mbR,8
158,AGROW BIOTECH SOLUTIONS PRIVATE LIMITED,"Ernakulam, Kerala",https://startups.startupmission.in/startups/8xOQb,8
159,AGROWTEIN LABS PRIVATE LIMITED,"Idukki, Kerala",https://startups.startupmission.in/startups/ZdrR6,8
160,AGSMARTIC TECHNOLOGIES PRIVATE LIMITED,"Ernakulam, Kerala",https://startups.startupmission.in/startups/0JoYp,8
161,Agso Agrosoldier Private Limited,"Alappuzha, Kerala",https://startups.startupmission.in/startups/ZjGma,9
162,Aguar Tech Industries India Private Limited,"Palakkad, Kerala",https://startups.startupmission.in/startups/ZdlVL,9
163,AHOPE SOLUTIONS PRIVATE LIMITED,"Thiruvananthapuram, Kerala",https://startups.startupmission.in/startups/poXQV,9
164,AHURA RESEARCH AND INNOVATION LAB LLP,"Kollam, Kerala",https://startups.startupmission.in/startups/8glzd,9
165,AI AERIAL DYNAMICS PRIVATE LIMITED,"Ernakulam, Kerala",https://startups.startupmission.in/startups/0BOwp,9
166,AI PORTA TECHNOLOGY LLP,"Ernakulam, Kerala",https://startups.startupmission.in/startups/pvDxz,9
167,AI-FYNEXT INNOVATIONS PRIVATE LIMITED,"Kasaragod, Kerala",https://startups.startupmission.in/startups/Z2938,9
168,AIBAK VENTURES PRIVATE LIMITED,"Malappuram, Kerala",https://startups.startupmission.in/startups/0JNEN,9
169,AIBLOCKS INDIA PRIVATE LIMITED,"Thiruvananthapuram, Kerala",https://startups.startupmission.in/startups/py9Ap,9
170,AIDRONE PRIVATE LIMITED,"Pathanamthitta, Kerala",https://startups.startupmission.in/startups/pzEQ0,9
171,AIERA SOLUTIONS PRIVATE LIMITED,"Ernakulam, Kerala",https://startups.startupmission.in/startups/8nDd0,9
172,AIFER EDUCATION PRIVATE LIMITED,"Kozhikode, Kerala",https://startups.startupmission.in/startups/poXLQ,9
173,AIGOSYS INNOVATION PRIVATE LIMITED,"Malappuram, Kerala",https://startups.startupmission.in/startups/0MowJ,9
174,AIKYAM MEDICAL CONSULTANCY SERVICES PRIVATE LIMITED,"Ernakulam, Kerala",https://startups.startupmission.in/startups/0wKvL,9
175,AIM WORLD MACHINERIES LLP,"Wayanad, Kerala",https://startups.startupmission.in/startups/04XV0,9
176,AIMY LUMINARIES INDIA PRIVATE LIMITED,"Thiruvananthapuram, Kerala",https://startups.startupmission.in/startups/Z3VPB,9
177,AINDRIYA AI AND DATA LABS PRIVATE LIMITED,"Ernakulam, Kerala",https://startups.startupmission.in/startups/pvywk,9
178,AINEX ENGINEERING SOLUTIONS PRIVATE LIMITED,"Thiruvananthapuram, Kerala",https://startups.startupmission.in/startups/8LqEQ,9
179,AINSURTECH PRIVATE LIMITED,"Thiruvananthapuram, Kerala",https://startups.startupmission.in/startups/poE3Z,9
180,AIOB ONLINE PRIVATE LIMITED,"Bengaluru (Bangalore) Urban, Karnataka",https://startups.startupmission.in/startups/8X7vy,9
181,AIOEAM CORPGLOBAL PRIVATE LIMITED,"Kollam, Kerala",https://startups.startupmission.in/startups/0WYP8,10
182,AION CREATIVE WINGS LLP,"Kollam, Kerala",https://startups.startupmission.in/startups/pkP58,10
183,AIPOPULI TECHNOLOGIES PRIVATE LIMITED,"Thiruvananthapuram, Kerala",https://startups.startupmission.in/startups/pvVRr,10
184,AIRAVAT CREATIONS PRIVATE LIMITED,"Thiruvananthapuram, Kerala",https://startups.startupmission.in/startups/0MJRv,10
185,AIRAVATA AUTOMATE WELLNESS PRIVATE LIMITED,"Kannur, Kerala",https://startups.startupmission.in/startups/pkwjm,10
186,AIREALM TECHNOLOGIES PRIVATE LIMITED,"Ernakulam, Kerala",https://startups.startupmission.in/startups/Z9Q16,10
187,AIRIS4D TECHNOLOGIES LLP,"Pathanamthitta, Kerala",https://startups.startupmission.in/startups/8V796,10
188,AIRIZZ CONSULTANCY SERVICES PRIVATE LIMITED,"Ernakulam, Kerala",https://startups.startupmission.in/startups/p6WAy,10
189,Airo Track Technologies Private Limited,"Alappuzha, Kerala",https://startups.startupmission.in/startups/p6dGV,10
190,AIRO3D PRIVATE LIMITED,"Thrissur, Kerala",https://startups.startupmission.in/startups/pY1Aw,10
191,Airvox Technologies Private Limited,"Thrissur, Kerala",https://startups.startupmission.in/startups/05Dle,10
192,AISHU'S ACADEMY PRIVATE LIMITED,"Thiruvananthapuram, Kerala",https://startups.startupmission.in/startups/07ox0,10
193,AIVOTECH INNOVATIONS PRIVATE LIMITED,"Kannur, Kerala",https://startups.startupmission.in/startups/0GOV6,10
194,AIWHIZ SOLUTIONS PRIVATE LIMITED,"Ernakulam, Kerala",https://startups.startupmission.in/startups/pzgra,10
195,AIXE LABS PRIVATE LIMITED,"Ernakulam, Kerala",https://startups.startupmission.in/startups/pmA71,10
196,AIXPANZA PRIVATE LIMITED,"Thiruvananthapuram, Kerala",https://startups.startupmission.in/startups/0WbEP,10
197,AIZAM CONSTRUCTIONS PRIVATE LIMITED,"Malappuram, Kerala",https://startups.startupmission.in/startups/Zrkxe,10
198,AJCS SKILL ACADEMY PRIVATE LIMITED,"Ernakulam, Kerala",https://startups.startupmission.in/startups/0JNOe,10
199,AJTECH ADVANCED INNOVATIONS PRIVATE LIMITED,"Malappuram, Kerala",https://startups.startupmission.in/startups/0Gew8,10
200,AJU ED SOLUTIONS LLP,"Thiruvananthapuram, Kerala",https://startups.startupmission.in/startups/8q6YP,10
201,AJUS PLAYS PRIVATE LIMITED,"Ernakulam, Kerala",https://startups.startupmission.in/startups/8n63x,11
202,AJXFITCLUB LLP,"Palakkad, Kerala",https://startups.startupmission.in/startups/plMQa,11
203,AKAM MIND CARE PRIVATE LIMITED,"Palakkad, Kerala",https://startups.startupmission.in/startups/0Mo1d,11
204,AKATSA LLP,"Kannur, Kerala",https://startups.startupmission.in/startups/Zdl4Y,11
205,AKINOZ DIGITAL MEDIA LLP,"Kozhikode, Kerala",https://startups.startupmission.in/startups/8Xw1z,11
206,AKSON FINTECH ADVISORY SERVICES PRIVATE LIMITED,"Ernakulam, Kerala",https://startups.startupmission.in/startups/8AGrl,11
207,AL HADI ECOMMERCE PRIVATE LIMITED,"Malappuram, Kerala",https://startups.startupmission.in/startups/ZDkk8,11
208,AL TEZZAI LLP,"Kannur, Kerala",https://startups.startupmission.in/startups/0POEw,11
209,AL WISDOM EDUCATION LLP,"Kozhikode, Kerala",https://startups.startupmission.in/startups/0w32J,11
210,ALATA VENTURES PRIVATE LIMITED,"Malappuram, Kerala",https://startups.startupmission.in/startups/ZrP6e,11
211,ALBEDO EDUCATOR PRIVATE LIMITED,"Malappuram, Kerala",https://startups.startupmission.in/startups/0BwB3,11
212,ALBETECH SOFTWARE SOLUTIONS LLP,"Kollam, Kerala",https://startups.startupmission.in/startups/0w3ve,11
213,ALCANTARA TECHNOLOGIES PRIVATE LIMITED,"Kollam, Kerala",https://startups.startupmission.in/startups/0wxop,11
214,ALCHEMY IBS PRIVATE LIMITED,"Thiruvananthapuram, Kerala",https://startups.startupmission.in/startups/0Wxy9,11
215,Alders Quess Llp,"Kozhikode, Kerala",https://startups.startupmission.in/startups/8LovQ,11
216,ALENIST TECH PRIVATE LIMITED,"Ernakulam, Kerala",https://startups.startupmission.in/startups/8XwKm,11
217,Alentador Customer Dienste Private Limited,"Thiruvananthapuram, Kerala",https://startups.startupmission.in/startups/Z2z9k,11
218,Alfursankayamkulam Private Limited,"Alappuzha, Kerala",https://startups.startupmission.in/startups/pmBJq,11
219,ALGAGEN BIOSOLUTIONS LLP,"Alappuzha, Kerala",https://startups.startupmission.in/startups/07mOG,11
220,ALGIMATE DENTAL SYSTEMS PRIVATE LIMITED,"Ernakulam, Kerala",https://startups.startupmission.in/startups/pvDkZ,11
221,Algobiz Innovations Llp,"Malappuram, Kerala",https://startups.startupmission.in/startups/pvVOv,12
222,ALGOL SOFT,"Thiruvananthapuram, Kerala",https://startups.startupmission.in/startups/pv9Q0,12
223,ALGONOTS INNOVATIONS PRIVATE LIMITED,"Thiruvananthapuram, Kerala",https://startups.startupmission.in/startups/0WbbP,12
224,ALGOPOWER PRIVATE LIMITED,"Palakkad, Kerala",https://startups.startupmission.in/startups/Z1obp,12
225,ALGORAY TECHNOLOGIES PRIVATE LIMITED,"Kozhikode, Kerala",https://startups.startupmission.in/startups/poXVl,12
226,Algorithma Digitech Private Limited,"Bengaluru (Bangalore) Urban, Karnataka",https://startups.startupmission.in/startups/8AGov,12
227,ALGORYTHAM TECHNOLOGIES PRIVATE LIMITED,"Ernakulam, Kerala",https://startups.startupmission.in/startups/8X7P1,12
228,ALI'A CART TECHNOLOGIES PRIVATE LIMITED,"Thiruvananthapuram, Kerala",https://startups.startupmission.in/startups/0MAod,12
229,ALIBI GLOBAL PRIVATE LIMITED,"Thiruvananthapuram, Kerala",https://startups.startupmission.in/startups/Zaorp,12
230,ALICORN MEDICAL PRIVATE LIMITED,"Thiruvananthapuram, Kerala",https://startups.startupmission.in/startups/041Lp,12
231,ALINA & REJI CONSULTANTS INDIA PRIVATE LIMITED,"Thiruvananthapuram, Kerala",https://startups.startupmission.in/startups/R8Xz0,12
232,ALIZON SCHOOL OF MEDICAL & DIGITAL INTELLIGENCE LLP,"Thiruvananthapuram, Kerala",https://startups.startupmission.in/startups/Z9Qyz,12
233,ALJALEEDI TRADING LLP,"Thrissur, Kerala",https://startups.startupmission.in/startups/8XwGY,12
234,ALKABYTES SOFTWARE PRIVATE LIMITED,"Malappuram, Kerala",https://startups.startupmission.in/startups/05J5p,12
235,ALL IN ZONE PRIVATE LIMITED,"Ernakulam, Kerala",https://startups.startupmission.in/startups/pmaWp,12
236,ALL SPACE TECHNOLOGIES PRIVATE LIMITED,"Thiruvananthapuram, Kerala",https://startups.startupmission.in/startups/8n9Yp,12
237,Allabout Innovations And Advanced Research Private Limited,"Alappuzha, Kerala",https://startups.startupmission.in/startups/0MAAd,12
238,ALLABOUT INNOVATIONS PRIVATE LIMITED,"Alappuzha, Kerala",https://startups.startupmission.in/startups/Z1Jx0,12
239,ALLPAY SERVICES PRIVATE LIMITED,"Pathanamthitta, Kerala",https://startups.startupmission.in/startups/pzlVZ,12
240,ALLSCOPE INDIA PRIVATE LIMITED,"Ernakulam, Kerala",https://startups.startupmission.in/startups/8qrVn,12
241,ALLUVIUM IOT SOLUTIONS PRIVATE LIMITED,"Ernakulam, Kerala",https://startups.startupmission.in/startups/0W9K8,13
242,ALLYYC BIZ SOLUTIONS PRIVATE LIMITED,"Ernakulam, Kerala",https://startups.startupmission.in/startups/8RPl0,13
243,ALMAZ100 GLOBAL PRIVATE LIMITED,"Thiruvananthapuram, Kerala",https://startups.startupmission.in/startups/pQ4q6,13
244,ALOGA INFOTECH INDIA PRIVATE LIMITED,"Ernakulam, Kerala",https://startups.startupmission.in/startups/8xO3x,13
245,ALONS ADVANCED TECHNOLOGIES PRIVATE LIMITED,"Ernakulam, Kerala",https://startups.startupmission.in/startups/ZO3Qj,13
246,ALORA INTERNATIONAL PRIVATE LIMITED,"Kannur, Kerala",https://startups.startupmission.in/startups/pYxOW,13
247,ALP TURNKEY SOLUTIONS PRIVATE LIMITED,"Thiruvananthapuram, Kerala",https://startups.startupmission.in/startups/8q4lp,13
248,ALPHA CAUSALITY PRIVATE LIMITED,"Idukki, Kerala",https://startups.startupmission.in/startups/pY6O8,13
249,ALPHA CLASSROOMS,"Thiruvananthapuram, Kerala",https://startups.startupmission.in/startups/Zj3Br,13
250,ALPHA DROP VENTURES PRIVATE LIMITED,"Ernakulam, Kerala",https://startups.startupmission.in/startups/pvykR,13
251,ALPHABOT SYSTEMS,"Thrissur, Kerala",https://startups.startupmission.in/startups/0Pw7Z,13
252,ALPHAGEEK ENTERPRISES PRIVATE LIMITED,"Alappuzha, Kerala",https://startups.startupmission.in/startups/pkKyp,13
253,ALPHANEX TECHNOLOGIES LLP,"Malappuram, Kerala",https://startups.startupmission.in/startups/0GJy5,13
254,ALPHAORBS INNOVATIONS PRIVATE LIMITED,"Ernakulam, Kerala",https://startups.startupmission.in/startups/Z9Qzl,13
255,ALPHAVOGUE (OPC) PRIVATE LIMITED,"Thiruvananthapuram, Kerala",https://startups.startupmission.in/startups/8Vd60,13
256,ALSTONIA BIO PRIVATE LIMITED,"Ernakulam, Kerala",https://startups.startupmission.in/startups/pkw21,13
257,ALTAIRE INSIGHTS TECHNOLOGIES PRIVATE LIMITED,"Thiruvananthapuram, Kerala",https://startups.startupmission.in/startups/8RVB8,13
258,ALTERSAGE INNOVATIONS PRIVATE LIMITED,"Kozhikode, Kerala",https://startups.startupmission.in/startups/ZD53l,13
259,ALTIBIX CODELAB PRIVATE LIMITED,"Kollam, Kerala",https://startups.startupmission.in/startups/0Jrr6,13
260,ALTIORA CAPITAL SOULTION PRIVATE LIMITED,"Ernakulam, Kerala",https://startups.startupmission.in/startups/0w3ke,13
261,ALTIX PUBLISHER PRIVATE LIMITED,"Thiruvananthapuram, Kerala",https://startups.startupmission.in/startups/pbnV3,14
262,ALTRUSE NEXUS PRIVATE LIMITED,"Thiruvananthapuram, Kerala",https://startups.startupmission.in/startups/8A1VY,14
263,ALWAYS BETTER SOLUTIONS PRIVATE LIMITED,"Kottayam, Kerala",https://startups.startupmission.in/startups/8gXYZ,14
264,ALZONE SOFTWARE PRIVATE LIMITED,"Thiruvananthapuram, Kerala",https://startups.startupmission.in/startups/0Gx6p,14
265,AMAHOP TECHNOLOGIES PRIVATE LIMITED,"Kannur, Kerala",https://startups.startupmission.in/startups/Z2zkZ,14
266,AMALCO RAIL INFRA PRIVATE LIMITED,"Thrissur, Kerala",https://startups.startupmission.in/startups/8L5QO,14
267,AMBERPATH LLP,"Ernakulam, Kerala",https://startups.startupmission.in/startups/8xrk3,14
268,AMERICAN ENGINEERING CONSULTANCY SERVICES LLP,"Pathanamthitta, Kerala",https://startups.startupmission.in/startups/pQAop,14
269,AMIGOSIA PRIVATE LIMITED,"Palakkad, Kerala",https://startups.startupmission.in/startups/8ANYZ,14
270,Amisys Learning Private Limited,"Ernakulam, Kerala",https://startups.startupmission.in/startups/plnJB,14
271,AMLA CONSULTANCY PRIVATE LIMITED,"Ernakulam, Kerala",https://startups.startupmission.in/startups/pvDrx,14
272,AMLIRE PRIVATE LIMITED,"Ernakulam, Kerala",https://startups.startupmission.in/startups/Zdlm4,14
273,AMNEEDS SERVICES PRIVATE LIMITED,"Thiruvananthapuram, Kerala",https://startups.startupmission.in/startups/ZDmE0,14
274,AMNOVA TECHNOLOGIES PRIVATE LIMITED,"Pathanamthitta, Kerala",https://startups.startupmission.in/startups/pyjxQ,14
275,AMPHOGENIX PRIVATE LIMITED,"Palakkad, Kerala",https://startups.startupmission.in/startups/07Wqk,14
276,AMR INNOVATIONS PRIVATE LIMITED,"Ernakulam, Kerala",https://startups.startupmission.in/startups/pm3vk,14
277,AMSQUARE AQUAROBICS PRIVATE LIMITED,"Kannur, Kerala",https://startups.startupmission.in/startups/Z1670,14
278,AMSTOR CONSULTANCY SERVICES PRIVATE LIMITED,"Thiruvananthapuram, Kerala",https://startups.startupmission.in/startups/pvVxQ,14
279,AMYNTOR TECH SOLUTIONS PRIVATE LIMITED,"Thiruvananthapuram, Kerala",https://startups.startupmission.in/startups/0wYJ8,14
280,AN & SU DEVELOPERS PRIVATE LIMITED,"Kottayam, Kerala",https://startups.startupmission.in/startups/8KQBn,14
281,ANA INFOTAINMENT PRIVATE LIMITED,"Ernakulam, Kerala",https://startups.startupmission.in/startups/0wNeZ,15
282,ANAKTRA PRIVATE LIMITED,"Kottayam, Kerala",https://startups.startupmission.in/startups/pvyXv,15
283,ANANDPRABHA AGRO LLP,"Kozhikode, Kerala",https://startups.startupmission.in/startups/pbVbO,15
284,ANANTHAM ONLINE PRIVATE LIMITED,"Ernakulam, Kerala",https://startups.startupmission.in/startups/ZjBbZ,15
285,ANCALAGON INDUSTRIES PRIVATE LIMITED,"Ernakulam, Kerala",https://startups.startupmission.in/startups/05W45,15
286,ANF INFINITY VENTURES PRIVATE LIMITED,"Kozhikode, Kerala",https://startups.startupmission.in/startups/pYxXO,15
287,ANG INLINE PRIVATE LIMITED,"Thiruvananthapuram, Kerala",https://startups.startupmission.in/startups/ZaQxZ,15
288,ANGEL BEES PRIVATE LIMITED,"Alappuzha, Kerala",https://startups.startupmission.in/startups/Z9jl0,15
289,ANGELSTAR ENTERPRISES PRIVATE LIMITED,"Pathanamthitta, Kerala",https://startups.startupmission.in/startups/8xjKQ,15
290,ANGLE-BELEARN EDUCATION PRIVATE LIMITED,"Kozhikode, Kerala",https://startups.startupmission.in/startups/pzOBa,15
291,ANIMAL SPIRITS TECH LLP,"Palakkad, Kerala",https://startups.startupmission.in/startups/0GDLp,15
292,ANIYAN'S INTEGRATED DAIRY PRIVATE LIMITED,"Kollam, Kerala",https://startups.startupmission.in/startups/ZdrYX,15
293,ANK LIFECARE PRIVATE LIMITED,"Ernakulam, Kerala",https://startups.startupmission.in/startups/8VKLZ,15
294,ANKAARA FASHION PRIVATE LIMITED,"Thrissur, Kerala",https://startups.startupmission.in/startups/8AQo7,15
295,ANKLE MOTION PRIVATE LIMITED,"Ernakulam, Kerala",https://startups.startupmission.in/startups/pYg7A,15
296,ANNA FUTURE TECHNOLOGY LLP,"Thrissur, Kerala",https://startups.startupmission.in/startups/8XN20,15
297,ANOTH INTERNATIONAL PRIVATE LIMITED,"Malappuram, Kerala",https://startups.startupmission.in/startups/0BGyA,15
298,ANSHAD INTERNATIONAL LOGISTICS LLP,"Thiruvananthapuram, Kerala",https://startups.startupmission.in/startups/0Bw4v,15
299,ANTDEL ENTERPRISES PRIVATE LIMITED,"Idukki, Kerala",https://startups.startupmission.in/startups/0MAyw,15
300,ANTHEM CONSULTANCY LLP,"Kozhikode, Kerala",https://startups.startupmission.in/startups/ZrPOE,15
301,ANTHORA CREATIVE PRIVATE LIMITED,"Kozhikode, Kerala",https://startups.startupmission.in/startups/pkJzw,16
302,ANTZMEDIA DIGITAL SOLUTIONS PRIVATE LIMITED,"Ernakulam, Kerala",https://startups.startupmission.in/startups/Z3eE2,16
303,ANUGRAHA NUTRACEUTICALS PRIVATE LIMITED,"Ernakulam, Kerala",https://startups.startupmission.in/startups/04lDM,16
304,ANUKRITI AI PRIVATE LIMITED,"Kollam, Kerala",https://startups.startupmission.in/startups/ZdYo9,16
305,ANURAG INFRA MANAGEMENT (OPC) PRIVATE LIMITED,"Thiruvananthapuram, Kerala",https://startups.startupmission.in/startups/8Aqe8,16
306,AONZ AI TECHNOSYS SOLUTIONS PRIVATE LIMITED,"Ernakulam, Kerala",https://startups.startupmission.in/startups/8LqM5,16
307,APENIR INNOVATIONS PRIVATE LIMITED,"Ernakulam, Kerala",https://startups.startupmission.in/startups/8A1re,16
308,APES AI INDIA PRIVATE LIMITED,"Malappuram, Kerala",https://startups.startupmission.in/startups/8n15N,16
309,APEXAVIONIX PRIVATE LIMITED,"Ernakulam, Kerala",https://startups.startupmission.in/startups/pbnLY,16
310,APEXDELTA VENTURES PRIVATE LIMITED,"Palakkad, Kerala",https://startups.startupmission.in/startups/07Wbe,16
311,APEXIUM GLOBAL PRIVATE LIMITED,"Palakkad, Kerala",https://startups.startupmission.in/startups/0G1MX,16
312,APKA AVIATION ADVENTURES PRIVATE LIMITED,"Thrissur, Kerala",https://startups.startupmission.in/startups/8LxO8,16
313,APOTHECARY HEALTH TECH SOLUTIONS PRIVATE LIMITED,"Ernakulam, Kerala",https://startups.startupmission.in/startups/0w3xJ,16
314,APOTHECARY MEDICAL SERVICES LLP,"Ernakulam, Kerala",https://startups.startupmission.in/startups/8KQnG,16
315,APP INTEGRITY PRIVATE LIMITED,"Thiruvananthapuram, Kerala",https://startups.startupmission.in/startups/8n6Pa,16
316,APP SPHERE B2B INDIA PRIVATE LIMITED,"Alappuzha, Kerala",https://startups.startupmission.in/startups/Z1V4K,16
317,APPFIDE PRIVATE LIMITED,"Ernakulam, Kerala",https://startups.startupmission.in/startups/0Wxoa,16
318,APPFINITY SOLUTIONS PRIVATE LIMITED,"Thrissur, Kerala",https://startups.startupmission.in/startups/0GvzZ,16
319,APPLIED CENTER FOR ACADEMIC DEVELOPMENT AND INNOVATION LLP,"Thrissur, Kerala",https://startups.startupmission.in/startups/ZdYVY,16
320,APPLIED ELECTRONICS AND ROBOTICS LABORATORY LLP,"Kannur, Kerala",https://startups.startupmission.in/startups/07W4G,16
321,APPSAAS AI TECHNOLOGIES PRIVATE LIMITED,"Thiruvananthapuram, Kerala",https://startups.startupmission.in/startups/8XwD4,17
322,APPSTRAY PRIVATE LIMITED,"Thiruvananthapuram, Kerala",https://startups.startupmission.in/startups/0PAAW,17
323,APPX IT CONSULTANCY LLP,"Thiruvananthapuram, Kerala",https://startups.startupmission.in/startups/poQAQ,17
324,APRO IT SOLUTIONS PRIVATE LIMITED,"Thrissur, Kerala",https://startups.startupmission.in/startups/Za26x,17
325,APTDEALZ BUYER HUB AND E-TRADING PRIVATELIMITED,"Ernakulam, Kerala",https://startups.startupmission.in/startups/0PKYZ,17
326,APTIBO SOLUTIONS PRIVATE LIMITED,"Kannur, Kerala",https://startups.startupmission.in/startups/pyr7g,17
327,APTINNOV LABS PRIVATE LIMITED,"Kottayam, Kerala",https://startups.startupmission.in/startups/8Kqk0,17
328,APTIVORA GLOBAL SOLUTIONS PRIVATE LIMITED,"Thrissur, Kerala",https://startups.startupmission.in/startups/0MoNV,17
329,APTO INNOVATIONS PRIVATE LIMITED,"Kozhikode, Kerala",https://startups.startupmission.in/startups/pkwXL,17
330,APZIANT TECHNOLOGIES PRIVATE LIMITED,"Kozhikode, Kerala",https://startups.startupmission.in/startups/0BDX8,17
331,AQOZA TECHNOLOGIES PRIVATE LIMITED,"Ernakulam, Kerala",https://startups.startupmission.in/startups/p6gv8,17
332,AQUA LEO SUBSEA INDIA PRIVATE LIMITED,"Ernakulam, Kerala",https://startups.startupmission.in/startups/ZD7bx,17
333,AQUALYS WATER TECHNOLOGIES PRIVATE LIMITED,"Ernakulam, Kerala",https://startups.startupmission.in/startups/pbVz3,17
334,AR TRADE FLAIR GRANT HOLDINGS PRIVATE LIMITED,"Kannur, Kerala",https://startups.startupmission.in/startups/0JRGk,17
335,ARAB INDUSTRIES PRIVATE LIMITED,"Kozhikode, Kerala",https://startups.startupmission.in/startups/ZOwDZ,17
336,ARAMAIA INTERNATIONAL RESIDENTIAL SCHOOLPRIVATE LIMITED,"Wayanad, Kerala",https://startups.startupmission.in/startups/0JrGY,17
337,ARAMIS IMAGING LLP,"Thiruvananthapuram, Kerala",https://startups.startupmission.in/startups/ZaXR8,17
338,ARAXION LABS PRIVATE LIMITED,"Kozhikode, Kerala",https://startups.startupmission.in/startups/pQ1Qp,17
339,ARBOVIS BIOTECH & RESEARCH PRIVATE LIMITED,"Ernakulam, Kerala",https://startups.startupmission.in/startups/0Bwyw,17
340,ARCADIA AUTOHUB PRIVATE LIMITED,"Wayanad, Kerala",https://startups.startupmission.in/startups/ZdYrJ,17
341,ARCHFIEND STUDIO PRIVATE LIMITED,"Pathanamthitta, Kerala",https://startups.startupmission.in/startups/Z3Vr8,18
342,ARCHIPAWS PRIVATE LIMITED,"Idukki, Kerala",https://startups.startupmission.in/startups/0eeaG,18
343,ARCHIRE GLOBAL PRIVATE LIMITED,"Kozhikode, Kerala",https://startups.startupmission.in/startups/8Kx6j,18
344,ARCHISOFT IT SOLUTIONS PRIVATE LIMITED,"Malappuram, Kerala",https://startups.startupmission.in/startups/8VGNq,18
345,ARCK INFRATECH PRIVATE LIMITED,"Thiruvananthapuram, Kerala",https://startups.startupmission.in/startups/Z9BKl,18
346,ARCOGNIS TECHNOLOGIES PRIVATE LIMITED,"Ernakulam, Kerala",https://startups.startupmission.in/startups/pY1dO,18
347,ARENA CREATIONS PRIVATE LIMITED,"Kannur, Kerala",https://startups.startupmission.in/startups/Za2KK,18
348,ARFWED ENERGY SOLUTIONS LLP,"Malappuram, Kerala",https://startups.startupmission.in/startups/pbEO0,18
349,ARGONITE INNOVATIONS PRIVATE LIMITED,"Malappuram, Kerala",https://startups.startupmission.in/startups/poQGx,18
350,Arine Solar Solutions Llp,"Thiruvananthapuram, Kerala",https://startups.startupmission.in/startups/pvV9z,18
351,ARISTO JUSTINIAN LEGALTECH PRIVATE LIMITED,"Kollam, Kerala",https://startups.startupmission.in/startups/8RA2J,18
352,ARIVAN LEARNING RESEARCH & DEVELOPEMENT (OPC) PRIVATE LIMITED,"Malappuram, Kerala",https://startups.startupmission.in/startups/0w3d1,18
353,ARJ INFOTECH PRIVATE LIMITED,"Kozhikode, Kerala",https://startups.startupmission.in/startups/8qLBp,18
354,Arkellis Technologies Private Limited,"Ernakulam, Kerala",https://startups.startupmission.in/startups/8Loex,18
355,ARKIN AGROTECH PRIVATE LIMITED,"Ernakulam, Kerala",https://startups.startupmission.in/startups/0PMwp,18
356,ARKIZARD ENTERPRISES PRIVATE LIMITED,"Kollam, Kerala",https://startups.startupmission.in/startups/0PO2o,18
357,ARKS Enterprises,"Palakkad, Kerala",https://startups.startupmission.in/startups/Z1mzx,18
358,ARMEDON HEALTHCARE PRIVATE LIMITED,"Ernakulam, Kerala",https://startups.startupmission.in/startups/0woe0,18
359,Armino Technologies Private Limited,"Kozhikode, Kerala",https://startups.startupmission.in/startups/py6x5,18
360,AROOHA TRAVEL AND TOURISM PRIVATE LIMITED,"Kozhikode, Kerala",https://startups.startupmission.in/startups/ZD5nK,18
361,AROUNDBEE PRIVATE LIMITED,"Kannur, Kerala",https://startups.startupmission.in/startups/8LqJa,19
362,ARRIVU ED-TECH LLP,"Kottayam, Kerala",https://startups.startupmission.in/startups/0wNOZ,19
363,ARSVITAE INFOTECH PRIVATE LIMITED,"Ernakulam, Kerala",https://startups.startupmission.in/startups/ZjGPG,19
364,ART OF AI ACADEMY PRIVATE LIMITED,"Kozhikode, Kerala",https://startups.startupmission.in/startups/0POJN,19
365,ARTICBOT PRIVATE LIMITED,"Kannur, Kerala",https://startups.startupmission.in/startups/VplBZ,19
366,ARTIFEX STUDIOS PRIVATE LIMITED,"Alappuzha, Kerala",https://startups.startupmission.in/startups/0POPN,19
367,ARTISTIC MEDIA SOLUTIONS PRIVATE LIMITED,"Ernakulam, Kerala",https://startups.startupmission.in/startups/Z9Wrm,19
368,ARTIZENSEHUB PRIVATE LIMITED,"Ernakulam, Kerala",https://startups.startupmission.in/startups/pbVwB,19
369,ARTOB AI PRIVATE LIMITED,"Kozhikode, Kerala",https://startups.startupmission.in/startups/8xOlR,19
370,Artsuite Private Limited,"Ernakulam, Kerala",https://startups.startupmission.in/startups/8n1GN,19
371,ARUNRAJKARTHA PRODUCTIONS PRIVATE LIMITED,"Ernakulam, Kerala",https://startups.startupmission.in/startups/ZaOnp,19
372,ARVENSION TECHNOLOGIES LLP,"Thiruvananthapuram, Kerala",https://startups.startupmission.in/startups/poAOZ,19
373,ARXEC SYSTEMS LLP,"Ernakulam, Kerala",https://startups.startupmission.in/startups/0Pgzo,19
374,ARYANS TRAVEL DREAM PRIVATE LIMITED,"Kollam, Kerala",https://startups.startupmission.in/startups/pbV1x,19
375,ARYAVEDIC NATURALS,"Ernakulam, Kerala",https://startups.startupmission.in/startups/ZEeV5,19
376,ASA MARKETING LLP,"Malappuram, Kerala",https://startups.startupmission.in/startups/8xrPj,19
377,ASA RAW INDIA SERVICES PRIVATE LIMITED,"Kozhikode, Kerala",https://startups.startupmission.in/startups/Z3V1x,19
378,ASALVEDA CONSUMER WELLNESS PRIVATE LIMITED,"Thrissur, Kerala",https://startups.startupmission.in/startups/Zdr9v,19
379,ASBO MIRACLE LLP,"Malappuram, Kerala",https://startups.startupmission.in/startups/ZD5ln,19
380,ASCCENDO TECHNOLOGIES PRIVATE LIMITED,"Thrissur, Kerala",https://startups.startupmission.in/startups/Z3bB8,19
381,ASCEDU SMARTCLASSON LLP,"Kozhikode, Kerala",https://startups.startupmission.in/startups/0POkq,20
382,ASCENDIO GLOBAL LLP,"Thiruvananthapuram, Kerala",https://startups.startupmission.in/startups/Z1zXx,20
383,ASCENT PLUS BUSINESS SOLUTIONS LLP,"Alappuzha, Kerala",https://startups.startupmission.in/startups/pyjOv,20
384,ASCIMOV TECHNOLOGIES PRIVATE LIMITED,"Ernakulam, Kerala",https://startups.startupmission.in/startups/07Xx3,20
385,ASERT FARMING SOLUTIONS PRIVATE LIMITED,"Ernakulam, Kerala",https://startups.startupmission.in/startups/polO8,20
386,ASHAPOWER PRIVATE LIMITED,"Malappuram, Kerala",https://startups.startupmission.in/startups/8XwAw,20
387,ASHER DIGITAL STORE LLP,"Ernakulam, Kerala",https://startups.startupmission.in/startups/Z9QAE,20
388,ASHTON HOMES & DEVELOPERS LLP,"Kozhikode, Kerala",https://startups.startupmission.in/startups/0Pgwj,20
389,ASHVAABHI PRIVATE LIMITED,"Thrissur, Kerala",https://startups.startupmission.in/startups/pkwGL,20
390,ASHWIN BAVANI INITIATIVES PRIVATE LIMITED,"Thiruvananthapuram, Kerala",https://startups.startupmission.in/startups/pYzA8,20
391,ASIAVILLE INTERACTIVE PRIVATE LIMITED,"Chennai, Tamil Nadu",https://startups.startupmission.in/startups/p6Wqn,20
392,ASIOS ALLIANCE PRIVATE LIMITED,"Kozhikode, Kerala",https://startups.startupmission.in/startups/poQd3,20
393,ASM ERP SOFTWARES PRIVATE LIMITED,"Alappuzha, Kerala",https://startups.startupmission.in/startups/0JNgy,20
394,ASMANTEC,"Thiruvananthapuram, Kerala",https://startups.startupmission.in/startups/0MxXZ,20
395,Asnaviram Networks Private Limited,"Palakkad, Kerala",https://startups.startupmission.in/startups/0PAwK,20
396,ASPIRA ONE PERCENT PRIVATE LIMITED,"Kozhikode, Kerala",https://startups.startupmission.in/startups/pmAXk,20
397,ASPIREJO HR SOLUTIONS LLP,"Ernakulam, Kerala",https://startups.startupmission.in/startups/ZjYx8,20
398,ASPIRING BUSINESS SOLUTIONS PRIVATE LIMITED,"Thiruvananthapuram, Kerala",https://startups.startupmission.in/startups/ZD7Xk,20
399,ASPIROM TECHNOLOGIES PRIVATE LIMITED,"Kollam, Kerala",https://startups.startupmission.in/startups/8n1NW,20
400,ASRT AGENCIES,"Palakkad, Kerala",https://startups.startupmission.in/startups/poXBk,20
401,ASSISTIVED INTELLIGENCE PRIVATE LIMITED,"Thiruvananthapuram, Kerala",https://startups.startupmission.in/startups/pkYLZ,21
402,ASSISTREND AI PRIVATE LIMITED,"Alappuzha, Kerala",https://startups.startupmission.in/startups/8X75e,21
403,Asta Infotech,"Idukki, Kerala",https://startups.startupmission.in/startups/0Jkgp,21
404,ASTERIMA NUTRICARE PRIVATE LIMITED,"Thrissur, Kerala",https://startups.startupmission.in/startups/04lXa,21
405,ASTIND INFOTECH PRIVATE LIMITED,"Thiruvananthapuram, Kerala",https://startups.startupmission.in/startups/Z2z4G,21
406,ASTOUNDIS INNOVATIONS PRIVATE LIMITED,"Ernakulam, Kerala",https://startups.startupmission.in/startups/pzdaZ,21
407,ASTREK INNOVATIONS PRIVATE LIMITED,"Ernakulam, Kerala",https://startups.startupmission.in/startups/05DQZ,21
408,ASTRIORB PRIVATE LIMITED,"Ernakulam, Kerala",https://startups.startupmission.in/startups/0BGwX,21
409,ASWAMANTRA FOOD SUPPLEMENT PRIVATE LIMITED,"Kannur, Kerala",https://startups.startupmission.in/startups/Z2PYK,21
410,AT BOTS,"Kottayam, Kerala",https://startups.startupmission.in/startups/Z9Be6,21
411,ATBIS DATA TECHNOLOGIES PRIVATE LIMITED,"Kozhikode, Kerala",https://startups.startupmission.in/startups/ZNaL8,21
412,Atbott Solutions,"Ernakulam, Kerala",https://startups.startupmission.in/startups/ZrP55,21
413,ATEES INDUSTRIAL TRAINING PRIVATE LIMITED,"Thrissur, Kerala",https://startups.startupmission.in/startups/ZrP73,21
414,ATHARSH DESIGN HOUSE PRIVATE LIMITED,"Ernakulam, Kerala",https://startups.startupmission.in/startups/ZD72a,21
415,ATHELSTAN TECHNOLABS PRIVATE LIMITED,"Ernakulam, Kerala",https://startups.startupmission.in/startups/Z1mgK,21
416,ATHENA ERUDITION,"Ernakulam, Kerala",https://startups.startupmission.in/startups/ZN5dv,21
417,Athengreen Private Limited,"Kozhikode, Kerala",https://startups.startupmission.in/startups/8xO67,21
418,ATHIYUS ENGINEERING SOLUTIONS PRIVATE LIMITED,"Thrissur, Kerala",https://startups.startupmission.in/startups/8AQvj,21
419,ATHLETEBIT HEALTHCARE PRIVATE LIMITED,"Kottayam, Kerala",https://startups.startupmission.in/startups/pvnrp,21
420,ATHMIC BIOTECH SOLUTIONS PRIVATE LIMITED,"Thiruvananthapuram, Kerala",https://startups.startupmission.in/startups/Z1n70,21
421,ATISSCO MARINE SUPPLY AND SERVICES PRIVATE LIMITED,"Kottayam, Kerala",https://startups.startupmission.in/startups/Z3eOL,22
422,ATLAS DREDGING PRIVATE LIMITED,"Palakkad, Kerala",https://startups.startupmission.in/startups/0BVa3,22
423,ATMA FARM TECH PRIVATE LIMITED,"Ernakulam, Kerala",https://startups.startupmission.in/startups/Z1K5p,22
424,ATMASUTRA WELLNESS PRIVATE LIMITED,"Thiruvananthapuram, Kerala",https://startups.startupmission.in/startups/8gRXA,22
425,ATMOFIC PRIVATE LIMITED,"Ernakulam, Kerala",https://startups.startupmission.in/startups/Zaxgm,22
426,ATTENTIVE SENIOR CARE PRIVATE LIMITED,"Ernakulam, Kerala",https://startups.startupmission.in/startups/pzv92,22
427,AUB BUILDUPONLINE PRIVATE LIMITED,"Ernakulam, Kerala",https://startups.startupmission.in/startups/0GaL8,22
428,AUCTOR BUSINESS SOLUTIONS PRIVATE LIMITED,"Ernakulam, Kerala",https://startups.startupmission.in/startups/ZdlEv,22
429,AUDENTO DIGITAL PRIVATE LIMITED,"Ernakulam, Kerala",https://startups.startupmission.in/startups/pzyQ0,22
430,AUDIO REALITIES PRIVATE LIMITED,"Ernakulam, Kerala",https://startups.startupmission.in/startups/0wl5p,22
431,AUGERIO LABS PRIVATE LIMITED,"Thiruvananthapuram, Kerala",https://startups.startupmission.in/startups/0Pv78,22
432,Augmenta Innovations Private Limited,"Ernakulam, Kerala",https://startups.startupmission.in/startups/0BVyB,22
433,AUGSENSE LAB PRIVATE LIMITED,"Thiruvananthapuram, Kerala",https://startups.startupmission.in/startups/ZOGbZ,22
434,AUITO PRIVATE LIMITED,"Kannur, Kerala",https://startups.startupmission.in/startups/0PAvK,22
435,AUKI DIGITAL INNOVATIONS PRIVATE LIMITED,"Ernakulam, Kerala",https://startups.startupmission.in/startups/ZN5NL,22
436,AURAFINA TECHNOLOGIES PRIVATE LIMITED,"Ernakulam, Kerala",https://startups.startupmission.in/startups/0wRzZ,22
437,AUREON PRIVATE LIMITED,"Thiruvananthapuram, Kerala",https://startups.startupmission.in/startups/Z9BxP,22
438,AURIX BUSINESS CORP PRIVATE LIMITED,"Thrissur, Kerala",https://startups.startupmission.in/startups/8q6x3,22
439,AUROGALE TECHNOLOGIES PRIVATE LIMITED,"Ernakulam, Kerala",https://startups.startupmission.in/startups/8X7VK,22
440,AUSTOUCH CLEANING SERVICES INDIA PRIVATE LIMITED,"Idukki, Kerala",https://startups.startupmission.in/startups/pmrY8,22
441,AUTO BRAIN SERVICES PRIVATE LIMITED,"Ernakulam, Kerala",https://startups.startupmission.in/startups/pkJVz,23
442,AUTOBAE TECHNOLOGIES PRIVATE LIMITED,"Ernakulam, Kerala",https://startups.startupmission.in/startups/8VRq8,23
443,AUTOBONICS PRIVATE LIMITED,"Malappuram, Kerala",https://startups.startupmission.in/startups/pl558,23
444,AUTOCHAT LLP,"Pathanamthitta, Kerala",https://startups.startupmission.in/startups/Zrjwz,23
445,Autogenbot LLP,"Palakkad, Kerala",https://startups.startupmission.in/startups/ZrP9z,23
446,AUTOKRAZE MARKETING PRIVATE LIMITED,"Thiruvananthapuram, Kerala",https://startups.startupmission.in/startups/8AQ37,23
447,AUTOMIGHTY TECH SOLUTIONS PRIVATE LIMITED,"Ernakulam, Kerala",https://startups.startupmission.in/startups/8gbyk,23
448,AUTOMITHRA INDIA PRIVATE LIMITED,"Palakkad, Kerala",https://startups.startupmission.in/startups/8noxZ,23
449,AUTONOME VENDING LLP,"Malappuram, Kerala",https://startups.startupmission.in/startups/pyjBM,23
450,AUTOSMART CONSULTANCY SOLUTIONS LLP,"Kannur, Kerala",https://startups.startupmission.in/startups/0e728,23
451,AUTUMNROOMS TECHNOLOGIES PRIVATE LIMITED,"Ernakulam, Kerala",https://startups.startupmission.in/startups/8AQPx,23
452,AUXBRAINS VENTURES PRIVATE LIMITED,"Kasaragod, Kerala",https://startups.startupmission.in/startups/pyAGp,23
453,AVANZA LOGISTICS PRIVATE LIMITED,"Ernakulam, Kerala",https://startups.startupmission.in/startups/Z3e3B,23
454,AVARTA IT AND DESIGN SOLUTIONS PRIVATE LIMITED,"Pathanamthitta, Kerala",https://startups.startupmission.in/startups/0JNvY,23
455,Avasarshala,"Ernakulam, Kerala",https://startups.startupmission.in/startups/0JaKZ,23
456,AVB PRECIPRO (OPC) PRIVATE LIMITED,"Kozhikode, Kerala",https://startups.startupmission.in/startups/8VG5E,23
457,AVES SCHOOL OF ARTS PRIVATE LIMITED,"Kollam, Kerala",https://startups.startupmission.in/startups/pymdp,23
458,AVIANTA SOLUTIONS GLOBAL LLP,"Malappuram, Kerala",https://startups.startupmission.in/startups/pQOKE,23
459,AVIASYS TECHNOLOGIES PRIVATE LIMITED,"Kollam, Kerala",https://startups.startupmission.in/startups/Z2zBG,23
460,AVINYA INFINITY SOLUTIONS PRIVATE LIMITED,"Palakkad, Kerala",https://startups.startupmission.in/startups/8KQwy,23
461,AVIO CONCEPTS LLP,"Kollam, Kerala",https://startups.startupmission.in/startups/Z1meW,24
462,AVIRAM TECHNOLOGY SERVICES PRIVATE LIMITED,"Ernakulam, Kerala",https://startups.startupmission.in/startups/8q6v9,24
463,AVISHKAR SOCIAL IMPACT VENTURES LLP,"Palakkad, Kerala",https://startups.startupmission.in/startups/8A1kD,24
464,AVM FUTUREFORGE PRIVATE LIMITED,"Ernakulam, Kerala",https://startups.startupmission.in/startups/8Lq5K,24
465,AWESCRIPTS LLP,"Kottayam, Kerala",https://startups.startupmission.in/startups/Z1VmA,24
466,AXEN SOFTWARE PRIVATE LIMITED,"Thiruvananthapuram, Kerala",https://startups.startupmission.in/startups/8q6PZ,24
467,AXISBRIDGE VENTURES PRIVATE LIMITED,"Kannur, Kerala",https://startups.startupmission.in/startups/Z3W5d,24
468,AXL LABS PRIVATE LIMITED,"Thiruvananthapuram, Kerala",https://startups.startupmission.in/startups/0eeLj,24
469,AXL SOFTWARE SOLUTIONS PRIVATE LIMITED,"Ernakulam, Kerala",https://startups.startupmission.in/startups/8AG3e,24
470,AXLDRONE INDIA PRIVATE LIMITED,"Ernakulam, Kerala",https://startups.startupmission.in/startups/ZNNq6,24
471,AXNOL DIGITAL SOLUTIONS PRIVATE LIMITED,"Thiruvananthapuram, Kerala",https://startups.startupmission.in/startups/pbM40,24
472,AXOBIS TECHNOLOGIES PRIVATE LIMITED,"Kozhikode, Kerala",https://startups.startupmission.in/startups/0BEvZ,24
473,AY CONSULTING (OPC) PRIVATE LIMITED,"Thiruvananthapuram, Kerala",https://startups.startupmission.in/startups/8xNk0,24
474,AYALSKILL PRIVATE LIMITED,"Thrissur, Kerala",https://startups.startupmission.in/startups/plk7B,24
475,AYIRAW TECH LLP,"Kasaragod, Kerala",https://startups.startupmission.in/startups/8XwwK,24
476,AYMAX VENTURES PRIVATE LIMITED,"Thiruvananthapuram, Kerala",https://startups.startupmission.in/startups/ZD7Yl,24
477,AYMER & CO SOLUTIONS PRIVATE LIMITED,"Malappuram, Kerala",https://startups.startupmission.in/startups/8qrje,24
478,Ayurcradle Private Limited,"Malappuram, Kerala",https://startups.startupmission.in/startups/pQyEq,24
479,AYURGREEN SCIENTIFICA RESEARCH INSTITUTE LLP,"Malappuram, Kerala",https://startups.startupmission.in/startups/pkw3z,24
480,AZHIKODE BUSINESS SOLUTIONS PRIVATE LIMITED,"Kannur, Kerala",https://startups.startupmission.in/startups/pmwYZ,24
481,AZIZ INDUSTRIES CORPORATION LLP,"Thiruvananthapuram, Kerala",https://startups.startupmission.in/startups/8XWYp,25
482,AZKENA TECHNOLOGIES PRIVATE LIMITED,"Ernakulam, Kerala",https://startups.startupmission.in/startups/pbgWn,25
483,B Jelt Technologies Private Limited,"Ernakulam, Kerala",https://startups.startupmission.in/startups/ZrPdb,25
484,B-AEGIS LIFE SCIENCES & RESEARCH PRIVATELIMITED,"Thiruvananthapuram, Kerala",https://startups.startupmission.in/startups/0JrB0,25
485,B4BRAIN LABS LLP,"Kozhikode, Kerala",https://startups.startupmission.in/startups/8VDGX,25
486,BAAC CONSTRUCTIONS PRIVATE LIMITED,"Kottayam, Kerala",https://startups.startupmission.in/startups/0erj2,25
487,BABBLETYM PRIVATE LIMITED,"Ernakulam, Kerala",https://startups.startupmission.in/startups/pkkb5,25
488,BABYLONIA AGSYS PRIVATE LIMITED,"Kozhikode, Kerala",https://startups.startupmission.in/startups/0MonM,25
489,BABYLONIA AGTECH PRIVATE LIMITED,"Kozhikode, Kerala",https://startups.startupmission.in/startups/ZEOlp,25
490,BAGMO PRIVATE LIMITED,"Kozhikode, Kerala",https://startups.startupmission.in/startups/ZaVK0,25
491,BALG TECHNOLOGIES PRIVATE LIMITED,"Thiruvananthapuram, Kerala",https://startups.startupmission.in/startups/8RNRG,25
492,BALNC CARE PRIVATE LIMITED,"Thiruvananthapuram, Kerala",https://startups.startupmission.in/startups/07veZ,25
493,BAMBERG GLOBAL PRIVATE LIMITED,"Alappuzha, Kerala",https://startups.startupmission.in/startups/8q6lE,25
494,BANAZA ENTERPRISES,"Malappuram, Kerala",https://startups.startupmission.in/startups/8nVwJ,25
495,BANAZA ENTERPRISES LLP,"Malappuram, Kerala",https://startups.startupmission.in/startups/0JrAa,25
496,BANCWISE TECHNOLOGIES LLP,"Thrissur, Kerala",https://startups.startupmission.in/startups/Z1VEN,25
497,BANIHAL TECHNOLOGIES LLP,"Kozhikode, Kerala",https://startups.startupmission.in/startups/pQoJZ,25
498,BANNOVI TECHNOLOGIES PRIVATE LIMITED,"Thiruvananthapuram, Kerala",https://startups.startupmission.in/startups/07Wl3,25
499,BANZAN VENTURES PRIVATE LIMITED,"Ernakulam, Kerala",https://startups.startupmission.in/startups/05Ko8,25
500,BARETOS INTERNATIONAL PRIVATE LIMITED,"Kannur, Kerala",https://startups.startupmission.in/startups/pbnbB,25
501,BASE OF STARS TECHNOLOGIES LLP,"Kozhikode, Kerala",https://startups.startupmission.in/startups/p6dzV,26
502,BASELINET PRIVATE LIMITED,"Ernakulam, Kerala",https://startups.startupmission.in/startups/Z3grZ,26
503,BASEMENT'S KITCHEN PRIVATE LIMITED,"Thiruvananthapuram, Kerala",https://startups.startupmission.in/startups/8KmDj,26
504,BASSAM INFOTECH LLP,"Kozhikode, Kerala",https://startups.startupmission.in/startups/0BevZ,26
505,Basta Electric Vehicles Private Limited,"Kannur, Kerala",https://startups.startupmission.in/startups/8qP2n,26
506,BASTIONGUARD DEFENSE SOLUTIONS PRIVATE LIMITED,"Pathanamthitta, Kerala",https://startups.startupmission.in/startups/p6den,26
507,BAVANS SOFTWARE PUBLISHING LLP,"Ernakulam, Kerala",https://startups.startupmission.in/startups/0MJPk,26
508,BAYESIAN WAYS LLP,"Thiruvananthapuram, Kerala",https://startups.startupmission.in/startups/Z2oV0,26
509,BAZANI INDIA PRIVATE LIMITED,"Thiruvananthapuram, Kerala",https://startups.startupmission.in/startups/8nRJ8,26
510,BBHUD TECHNOLOGIES LLP,"Ernakulam, Kerala",https://startups.startupmission.in/startups/pmeop,26
511,BCA BIZCHAIN ASSET TECH PRIVATE LIMITED,"Mumbai City, Maharashtra",https://startups.startupmission.in/startups/8RNXV,26
512,BDECR SYSTEMS INDIA PRIVATE LIMITED,"Malappuram, Kerala",https://startups.startupmission.in/startups/Z3V5B,26
513,BE LITTLE THINGS LLP,"Thiruvananthapuram, Kerala",https://startups.startupmission.in/startups/ZN5v6,26
514,BEACN SOCIAL ENTERTAINMENT PRIVATE LIMITED,"Ernakulam, Kerala",https://startups.startupmission.in/startups/ZrP4N,26
515,BEAGLE CYBER INNOVATIONS PRIVATE LIMITED,"Thiruvananthapuram, Kerala",https://startups.startupmission.in/startups/05150,26
516,BEAN FACTORY PRIVATE LIMITED,"Ernakulam, Kerala",https://startups.startupmission.in/startups/pyrdv,26
517,BEANORBIT INTERNATIONAL LLP,"Ernakulam, Kerala",https://startups.startupmission.in/startups/ZaV2m,26
518,BEAT EDU CENTER OF EXCELLENCE PRIVATE LIMITED,"Kozhikode, Kerala",https://startups.startupmission.in/startups/ZOXRg,26
519,BEAUAI NEUROTECHNOLOGIES PRIVATE LIMITED,"Thiruvananthapuram, Kerala",https://startups.startupmission.in/startups/0PgLm,26
520,BEAVERS ENERGY SOLUTIONS PRIVATE LIMITED,"Alappuzha, Kerala",https://startups.startupmission.in/startups/Zjmg8,26
521,BEDEZI STARTUPS PRIVATE LIMITED,"Pathanamthitta, Kerala",https://startups.startupmission.in/startups/ZrB3Z,27
522,BEELYN LLP,"Ernakulam, Kerala",https://startups.startupmission.in/startups/8LqrO,27
523,BEEMAS PROJECTS AND INFRASTRUCTURE LLP,"Malappuram, Kerala",https://startups.startupmission.in/startups/ZEmbv,27
524,BEETA RUBBERS INDIA PRIVATE LIMITED,"Kottayam, Kerala",https://startups.startupmission.in/startups/pmAVj,27
525,BEEYEMHEALTH AT 999 PRIVATE LIMITED,"Ernakulam, Kerala",https://startups.startupmission.in/startups/0JNey,27
526,BEFIND SOLUTIONS PRIVATE LIMITED,"Kannur, Kerala",https://startups.startupmission.in/startups/8KmXn,27
527,BEGIN4 SOLUTIONS,"Thiruvananthapuram, Kerala",https://startups.startupmission.in/startups/pmBkj,27
528,BEGO CARS PRIVATE LIMITED,"Ernakulam, Kerala",https://startups.startupmission.in/startups/Z1LK8,27
529,Behind The Scene Apps,"Thiruvananthapuram, Kerala",https://startups.startupmission.in/startups/poXWO,27
530,BEINEX CONSULTING PRIVATE LIMITED,"Kottayam, Kerala",https://startups.startupmission.in/startups/p61B0,27
531,BELFORT OUTSOURCING LIMITED LIABILITY PARTNERSHIP,"Palakkad, Kerala",https://startups.startupmission.in/startups/8VYqp,27
532,BELLCHERRY VENTURES (OPC) PRIVATE LIMITED,"Ernakulam, Kerala",https://startups.startupmission.in/startups/pkrQ0,27
533,BELLIBI INNOVATIVE FOODS PRIVATE LIMITED,"Kannur, Kerala",https://startups.startupmission.in/startups/8gbdA,27
534,BELLYPARTNER PRIVATE LIMITED,"Thiruvananthapuram, Kerala",https://startups.startupmission.in/startups/073e0,27
535,BELMOPS TECHNOLOGIES,"Kollam, Kerala",https://startups.startupmission.in/startups/pvyER,27
536,Benagon Technologies Private Limited,"Idukki, Kerala",https://startups.startupmission.in/startups/8Logr,27
537,BENDITA BIONICS PRIVATE LIMITED,"Idukki, Kerala",https://startups.startupmission.in/startups/pQQop,27
538,BENDRA AEROSPACE PRIVATE LIMITED,"Thiruvananthapuram, Kerala",https://startups.startupmission.in/startups/0Mjxp,27
539,BENETIZE PRIVATE LIMITED,"Thiruvananthapuram, Kerala",https://startups.startupmission.in/startups/04Lv0,27
540,BENLOTEX PRIVATE LIMITED,"Kottayam, Kerala",https://startups.startupmission.in/startups/Zrkmx,27
541,BENLYCOS PRIVATE LIMITED,"Kozhikode, Kerala",https://startups.startupmission.in/startups/0MEk0,28
542,BENTURA TECHNOLOGIES PRIVATE LIMITED,"Ernakulam, Kerala",https://startups.startupmission.in/startups/8X54Z,28
543,BEPACE INTELLIGENCE PRIVATE LIMITED,"Thiruvananthapuram, Kerala",https://startups.startupmission.in/startups/0WXPp,28
544,BESTER ACADEMY STUDY IN INDIA AND ABROAD PRIVATE LIMITED,"Wayanad, Kerala",https://startups.startupmission.in/startups/04W6M,28
545,BET ENVIROCARE LLP,"Malappuram, Kerala",https://startups.startupmission.in/startups/ZOlk0,28
546,BETATASK PRIVATE LIMITED,"Kollam, Kerala",https://startups.startupmission.in/startups/8AKm0,28
547,BETSER LIFE PRIVATE LIMITED,"Thiruvananthapuram, Kerala",https://startups.startupmission.in/startups/8Xkwm,28
548,BETTER DRIVES CARS7 LLP,"Ernakulam, Kerala",https://startups.startupmission.in/startups/pkw6m,28
549,BETTERNET TASKING SOLUTIONS LLP,"Malappuram, Kerala",https://startups.startupmission.in/startups/ZEbaB,28
550,BETTERONICS ALPHA PRIVATE LIMITED,"Thiruvananthapuram, Kerala",https://startups.startupmission.in/startups/0GOWw,28
551,BETTERSHARK PRIVATE LIMITED,"Kozhikode, Kerala",https://startups.startupmission.in/startups/ZdDYZ,28
552,BEYLIM PRODUCTIONS LLP,"Ernakulam, Kerala",https://startups.startupmission.in/startups/poQyQ,28
553,BEYOND CLOSINGGAP PRIVATE LIMITED,"Thiruvananthapuram, Kerala",https://startups.startupmission.in/startups/8KxYm,28
554,Beyond Syllabus Pvt Ltd,"Ernakulam, Kerala",https://startups.startupmission.in/startups/07Pmp,28
555,BEYONDWILL LLP,"Pathanamthitta, Kerala",https://startups.startupmission.in/startups/0G16z,28
556,BFILLS PRODUCTS PRIVATE LIMITED,"Kannur, Kerala",https://startups.startupmission.in/startups/pmA6b,28
557,BHARAT WIFI PRIVATE LIMITED,"Thiruvananthapuram, Kerala",https://startups.startupmission.in/startups/8KQ2G,28
558,BHARATEMIR INTERNATIONAL VENTURES PRIVATE LIMITED,"Kottayam, Kerala",https://startups.startupmission.in/startups/8KmOy,28
559,BHARGA BIOTECH AND RE-ENERGY SOLUTIONS PRIVATE LIMITED,"Palakkad, Kerala",https://startups.startupmission.in/startups/05Dr6,28
560,BHEEMA ENVIORNMENT TECHNOLOGY (OPC) PRIVATE LIMITED,"Thiruvananthapuram, Kerala",https://startups.startupmission.in/startups/Z9WeP,28
561,BHEEMVERSE INNOVATION PRIVATE LIMITED,"Ernakulam, Kerala",https://startups.startupmission.in/startups/ZjqMx,29
562,BHOOSHAN ANIMATIONS INDIA PRIVATE LIMITED,"Ernakulam, Kerala",https://startups.startupmission.in/startups/Zj158,29
563,Bhoovara Agro Traders Private Limited,"Ernakulam, Kerala",https://startups.startupmission.in/startups/8q6PB,29
564,BHOUMA ENVIROTECH PRIVATE LIMITED,"South Delhi, Delhi (NCT)",https://startups.startupmission.in/startups/8Xkaz,29
565,BHUME WOMEN'S COLLECTIVE PRIVATE LIMITED,"Ernakulam, Kerala",https://startups.startupmission.in/startups/0J3kp,29
566,BHUMINEXA LLP,"Palakkad, Kerala",https://startups.startupmission.in/startups/pQObx,29
567,BIDSCLUB AUTO TRADING PRIVATE LIMITED,"Kollam, Kerala",https://startups.startupmission.in/startups/Zj46p,29
568,BIGBILL TECHNO DESIGNS PRIVATE LIMITED,"Ernakulam, Kerala",https://startups.startupmission.in/startups/pQyLQ,29
569,BIGDATES AI SOFTWARES PRIVATE LIMITED,"Ernakulam, Kerala",https://startups.startupmission.in/startups/Z2PAz,29
570,BIGFATFISH LIMITED LIABILITY PARTNERSHIP,"Ernakulam, Kerala",https://startups.startupmission.in/startups/Z3W47,29
571,BIGGRO ENTERPRISES PRIVATE LIMITED,"Ernakulam, Kerala",https://startups.startupmission.in/startups/ZN9v8,29
572,BIGLEARNING EDU TECH PRIVATE LIMITED,"Pathanamthitta, Kerala",https://startups.startupmission.in/startups/pYgxN,29
573,BIGMONKS TECHNOLOGIES LLP,"Ernakulam, Kerala",https://startups.startupmission.in/startups/ZEmEb,29
574,BIGONE TECHNOLOGIES LLP,"Thrissur, Kerala",https://startups.startupmission.in/startups/04lxx,29
575,BIGROWTEC CONSULTING PRIVATE LIMITED,"Ernakulam, Kerala",https://startups.startupmission.in/startups/0w3yg,29
576,BIGSLATE MEDIA SOLUTIONS PRIVATE LIMITED,"Kozhikode, Kerala",https://startups.startupmission.in/startups/pbgX3,29
577,BIJU COCOTECH LLP,"Kollam, Kerala",https://startups.startupmission.in/startups/8V7MJ,29
578,BILDX TECHNOLOGIES PRIVATE LIMITED,"Ernakulam, Kerala",https://startups.startupmission.in/startups/05DGn,29
579,BILLMYKART TECHNOLOGIES PRIVATE LIMITED,"Kozhikode, Kerala",https://startups.startupmission.in/startups/8gbQ1,29
580,BIMMATES COMUNIDAD LLP,"Kozhikode, Kerala",https://startups.startupmission.in/startups/Zrkd3,29
581,BINAHMY VENTURES LLP,"Kozhikode, Kerala",https://startups.startupmission.in/startups/plnq5,30
582,BINALYTO DATA SERVICES PRIVATE LIMITED,"Kozhikode, Kerala",https://startups.startupmission.in/startups/pvVkp,30
583,BINDHUENGINEERING AND CONSTRUCTION PRIVATE LIMITED,"Alappuzha, Kerala",https://startups.startupmission.in/startups/pvDOx,30
584,BINOVATION TECHNOLOGIES PRIVATE LIMITED,"Ernakulam, Kerala",https://startups.startupmission.in/startups/p6raE,30
585,BINSHER-ICOOK (OPC) PRIVATE LIMITED,"Ernakulam, Kerala",https://startups.startupmission.in/startups/pvYz0,30
586,BIO MOUNT NUTRIENTS LLP,"Ernakulam, Kerala",https://startups.startupmission.in/startups/pvqN0,30
587,BIO VASTUM SOLUTIONS PRIVATE LIMITED,"Ernakulam, Kerala",https://startups.startupmission.in/startups/0MvVp,30
588,BIO-ARYAVEDIC NATURALS PRIVATE LIMITED,"Ernakulam, Kerala",https://startups.startupmission.in/startups/07mnM,30
589,BIOBYTE INFORMATICS PRIVATE LIMITED,"Ernakulam, Kerala",https://startups.startupmission.in/startups/8RD9x,30
590,BIODEV TECHNOLOGIES PRIVATE LIMITED,"Ernakulam, Kerala",https://startups.startupmission.in/startups/ZrPn9,30
591,BIODROPS ENVIRONMENTAL SOLUTIONS PRIVATELIMITED,"Kannur, Kerala",https://startups.startupmission.in/startups/pl1r8,30
592,Biomart Sustainable Projects Private Limited,"Ernakulam, Kerala",https://startups.startupmission.in/startups/8KQew,30
593,BIOPHILE TECHNOLOGIES PRIVATE LIMITED,"Ernakulam, Kerala",https://startups.startupmission.in/startups/8KxDm,30
594,BIOPHILIA WELLNESS PRIVATE LIMITED,"Thiruvananthapuram, Kerala",https://startups.startupmission.in/startups/0PODK,30
595,BIOPHOTON TECHNOLOGIES PRIVATE LIMITED,"Ernakulam, Kerala",https://startups.startupmission.in/startups/8nLd0,30
596,BIOQUATIX SOLUTIONS PRIVATE LIMITED,"Thiruvananthapuram, Kerala",https://startups.startupmission.in/startups/8Lqve,30
597,Biorich Agro Private Limited,"Wayanad, Kerala",https://startups.startupmission.in/startups/Zrkjx,30
598,BIOROOT EXPLORATION INDIA PRIVATE LIMITED,"Ernakulam, Kerala",https://startups.startupmission.in/startups/8xjQ0,30
599,BIOSWIM TECH INNOVATIONS PRIVATE LIMITED,"Thrissur, Kerala",https://startups.startupmission.in/startups/8Kx2w,30
600,BIOTA PRECISION AGRICULTURE PRIVATE LIMITED,"Thiruvananthapuram, Kerala",https://startups.startupmission.in/startups/Z2jKZ,30
601,BIOTA VENTURES PRIVATE LIMITED,"Kollam, Kerala",https://startups.startupmission.in/startups/ZOmRx,31
602,BIOVENT,"Thiruvananthapuram, Kerala",https://startups.startupmission.in/startups/pknQ0,31
603,BIOVENT INNOVATIONS PRIVATE LIMITED,"Thiruvananthapuram, Kerala",https://startups.startupmission.in/startups/8VDM6,31
604,BIPHA BIOSCIENCE PRIVATE LIMITED,"Kottayam, Kerala",https://startups.startupmission.in/startups/pyyEp,31
605,BIPHA OMNITECH PRIVATE LIMITED,"Kottayam, Kerala",https://startups.startupmission.in/startups/0GjXZ,31
606,BIRAPT MARKETING AND SOLUTIONS PRIVATE LIMITED,"Ernakulam, Kerala",https://startups.startupmission.in/startups/Z3kLZ,31
607,BISAURA TECHNOLOGIES PRIVATE LIMITED,"Kannur, Kerala",https://startups.startupmission.in/startups/8LoNK,31
608,BISTUX SOLUTIONS PRIVATE LIMITED,"Kozhikode, Kerala",https://startups.startupmission.in/startups/0PODW,31
609,BITGENICS DIGITAL VENTURES LLP,"Kottayam, Kerala",https://startups.startupmission.in/startups/pyLM0,31
610,BITRYT SOLUTIONS PRIVATE LIMITED,"Ernakulam, Kerala",https://startups.startupmission.in/startups/plnBZ,31
611,BITSLEDGER INDIA PRIVATE LIMITED,"Ernakulam, Kerala",https://startups.startupmission.in/startups/8Xoyp,31
612,BITSTRAIL PRIVATE LIMITED,"Kannur, Kerala",https://startups.startupmission.in/startups/pmBM7,31
613,BITSZOL PRIVATE LIMITED,"Thiruvananthapuram, Kerala",https://startups.startupmission.in/startups/0GJ1R,31
614,BIZATOM UNIVERSAL LOYALTY CARD PRIVATE LIMITED,"Malappuram, Kerala",https://startups.startupmission.in/startups/0JN4k,31
615,BIZBOOZT SERVICES LLP,"Ernakulam, Kerala",https://startups.startupmission.in/startups/Z21z8,31
616,BIZCORN STARTUP CONSULTANCY LLP,"Kozhikode, Kerala",https://startups.startupmission.in/startups/Za2zR,31
617,BIZLEAF TECHNOLOGIES,"Pathanamthitta, Kerala",https://startups.startupmission.in/startups/Z9K6p,31
618,BIZLIN TECHNOLOGIES LLP,"Alappuzha, Kerala",https://startups.startupmission.in/startups/Z9BM6,31
619,BIZMOOZE PRIVATE LIMITED,"Kollam, Kerala",https://startups.startupmission.in/startups/8XwVm,31
620,BIZPOLE BUSINESS SOLUTIONS PRIVATE LIMITED,"Ernakulam, Kerala",https://startups.startupmission.in/startups/Z1Pb8,31
621,BIZTROCRAT BUSINESS & TRADES PRIVATE LIMITED,"Ernakulam, Kerala",https://startups.startupmission.in/startups/ZdgG8,32
622,BIZTUNE LLP,"Kozhikode, Kerala",https://startups.startupmission.in/startups/pbnn3,32
623,BIZZCORP VENTURES PRIVATE LIMITED,"Idukki, Kerala",https://startups.startupmission.in/startups/8gR3G,32
624,BIZZDECK LLP,"Ernakulam, Kerala",https://startups.startupmission.in/startups/Z9BgQ,32
625,BLACK STONE CUBE (OPC) PRIVATE LIMITED,"Kozhikode, Kerala",https://startups.startupmission.in/startups/pzGB8,32
626,BLACKFLY TECHNOLOGIES PRIVATE LIMITED,"Kozhikode, Kerala",https://startups.startupmission.in/startups/Z3VRL,32
627,BLACKPIE TECHNOLOGIES PRIVATE LIMITED,"Malappuram, Kerala",https://startups.startupmission.in/startups/pvyyQ,32
628,BLACKWINGS INNOVATIONS PRIVATE LIMITED,"Ernakulam, Kerala",https://startups.startupmission.in/startups/Z9QmP,32
629,BLACKWOOD DYNAMICS (OPC) PRIVATE LIMITED,"Ernakulam, Kerala",https://startups.startupmission.in/startups/0Pdw0,32
630,BLENDED EDTECH PRIVATE LIMITED,"Kozhikode, Kerala",https://startups.startupmission.in/startups/07YA8,32
631,BLESSED MARY INSTITUTE PRIVATE LIMITED,"Malappuram, Kerala",https://startups.startupmission.in/startups/0PO7W,32
632,BLITE BREAL PRIVATE LIMITED,"Kollam, Kerala",https://startups.startupmission.in/startups/8nVMK,32
633,BLITZ PAINTS PRIVATE LIMITED,"Palakkad, Kerala",https://startups.startupmission.in/startups/Z2PWA,32
634,BLOCKBUSTER TECHNOLOGIES PRIVATE LIMITED,"Ernakulam, Kerala",https://startups.startupmission.in/startups/ZDVEp,32
635,BLOOMBERG RESEARCH INSTITUTE OF DIGITAL COMMUNICATION PRIVATE LIMITED,"Malappuram, Kerala",https://startups.startupmission.in/startups/ZdlM4,32
636,BLOOMBLOOM DREAMBIZ PRIVATE LIMITED,"Thiruvananthapuram, Kerala",https://startups.startupmission.in/startups/ZNNMN,32
637,BLOQ QUANTUM PRIVATE LIMITED,"Kollam, Kerala",https://startups.startupmission.in/startups/8VGVE,32
638,BLOUNGE CO-WORKING PRIVATE LIMITED,"Kozhikode, Kerala",https://startups.startupmission.in/startups/Za2kK,32
639,Bloxeed Techlabs. LLP,"Malappuram, Kerala",https://startups.startupmission.in/startups/0wgKG,32
640,BLUE JUGNU PRIVATE LIMITED,"Ernakulam, Kerala",https://startups.startupmission.in/startups/8AGEl,32
641,BLUE SUN INNOVATIONS PRIVATE LIMITED,"Ernakulam, Kerala",https://startups.startupmission.in/startups/0PbG8,33
642,BLUEBEEZ DESIGNS LLP,"Ernakulam, Kerala",https://startups.startupmission.in/startups/8AGD5,33
643,BLUEGEN MARINE PRIVATE LIMITED,"Ernakulam, Kerala",https://startups.startupmission.in/startups/8LqPx,33
644,BLUEHOUR TECHNOLOGIES PRIVATE LIMITED,"Kottayam, Kerala",https://startups.startupmission.in/startups/Z1wVp,33
645,BLUELOTUZ AI PRIVATE LIMITED,"Palakkad, Kerala",https://startups.startupmission.in/startups/0er5m,33
646,BLUEOCEAN BLUELINE LOGISTICS PRIVATE LIMITED,"Kannur, Kerala",https://startups.startupmission.in/startups/8xrjv,33
647,BLUESTRIX SOLUTIONS PRIVATE LIMITED,"Thiruvananthapuram, Kerala",https://startups.startupmission.in/startups/ZaVer,33
648,BLUETIMBRE MUSIC PRIVATE LIMITED,"Ernakulam, Kerala",https://startups.startupmission.in/startups/pYxGj,33
649,BLULINES EDUCATIONAL SERVICES PRIVATE LIMITED,"Malappuram, Kerala",https://startups.startupmission.in/startups/8XwkK,33
650,BLURD TECHNOLOGIES PRIVATE LIMITED,"Thrissur, Kerala",https://startups.startupmission.in/startups/Z1VAb,33
651,BLUSEED FOOD PRODUCTS PRIVATE LIMITED,"Thrissur, Kerala",https://startups.startupmission.in/startups/8njY8,33
652,BLUSTEAK MEDIA PRIVATE LIMITED,"Kottayam, Kerala",https://startups.startupmission.in/startups/ZO1op,33
653,BMS CLOUD CAMPUS LLP,"Ernakulam, Kerala",https://startups.startupmission.in/startups/ZrP2w,33
654,BNKHUB FINSERV PRIVATE LIMITED,"Ernakulam, Kerala",https://startups.startupmission.in/startups/ZNMwW,33
655,BOANERGES AVENUES TEKHNOLOGIA PRIVATE LIMITED,"Ernakulam, Kerala",https://startups.startupmission.in/startups/8q66B,33
656,Bochdale Solutions Private Limited,"Thiruvananthapuram, Kerala",https://startups.startupmission.in/startups/8VDlq,33
657,BODHIE ASSOCIATES,"Thiruvananthapuram, Kerala",https://startups.startupmission.in/startups/ZrX3p,33
658,BODHWI TECHNOLOGIES PRIVATE LIMITED,"Ernakulam, Kerala",https://startups.startupmission.in/startups/8XJY0,33
659,BODINA NATURALS PRIVATE LIMITED,"Ernakulam, Kerala",https://startups.startupmission.in/startups/pYw3Z,33
660,BODKIN TECHNOLOGIES PRIVATE LIMITED,"Thiruvananthapuram, Kerala",https://startups.startupmission.in/startups/8qvEZ,33
661,BODVITA ALCHEME PRIVATE LIMITED,"Ernakulam, Kerala",https://startups.startupmission.in/startups/p6d3y,34
662,Body Tree Naturals Private Limited,"Ernakulam, Kerala",https://startups.startupmission.in/startups/ZNNv4,34
663,BOHEMIAN LIFESTYLE INDIA PRIVATE LIMITED,"Thiruvananthapuram, Kerala",https://startups.startupmission.in/startups/ZD7Ya,34
664,BONDER CONNECT LLP,"Kozhikode, Kerala",https://startups.startupmission.in/startups/pkwJr,34
665,BONVOICE SOLUTIONS PRIVATE LIMITED,"Ernakulam, Kerala",https://startups.startupmission.in/startups/0JNPg,34
666,BOOFIGO ORDERING APP (OPC) PRIVATE LIMITED,"Kasaragod, Kerala",https://startups.startupmission.in/startups/ZdroQ,34
667,BOOK YOUR HOSPITAL BYSTANDER,"Ernakulam, Kerala",https://startups.startupmission.in/startups/07XRM,34
668,BOOKARCHO PRIVATE LIMITED,"Alappuzha, Kerala",https://startups.startupmission.in/startups/Z3aXp,34
669,BOOKBARB BUSINESS PRIVATE LIMITED,"Kannur, Kerala",https://startups.startupmission.in/startups/Z1mRK,34
670,BOOTLAND SPORTS INSTITUTE AND RESEARCH CENTRE PRIVATE LIMITED,"Kannur, Kerala",https://startups.startupmission.in/startups/Zd46Z,34
671,Bornbix Technologies Private Limited,"Thiruvananthapuram, Kerala",https://startups.startupmission.in/startups/07mwe,34
672,BOSON INFO TECH PRIVATE LIMITED,"Kannur, Kerala",https://startups.startupmission.in/startups/8gRBJ,34
673,BOTANGELOS LLP,"Kozhikode, Kerala",https://startups.startupmission.in/startups/pQOvX,34
674,BOTANICA GLOBAL PRODUCTS PRIVATE LIMITED,"Thrissur, Kerala",https://startups.startupmission.in/startups/ZdrQ9,34
675,BOTCAST INDUSTRIES PRIVATE LIMITED,"Kozhikode, Kerala",https://startups.startupmission.in/startups/0ernP,34
676,BOULDER DEVELOPERS PRIVATE LIMITED,"Malappuram, Kerala",https://startups.startupmission.in/startups/8VDOq,34
677,BOURGEON INNOVATIONS PRIVATE LIMITED,"Kozhikode, Kerala",https://startups.startupmission.in/startups/0BkKp,34
678,BOXALL ONLINE DELIVERY PRIVATE LIMITED,"Ernakulam, Kerala",https://startups.startupmission.in/startups/8RNAG,34
679,Boxop Solutions India Private Limited,"Thiruvananthapuram, Kerala",https://startups.startupmission.in/startups/8VMop,34
680,BPAX Technologies LLP,"Kozhikode, Kerala",https://startups.startupmission.in/startups/pQOno,34
681,BPM POWER PRIVATE LIMITED,"Thiruvananthapuram, Kerala",https://startups.startupmission.in/startups/8VJJ8,35
682,BPM-WAKALAH TASWEEQ LLP,"Thiruvananthapuram, Kerala",https://startups.startupmission.in/startups/8Lq6l,35
683,Brai Ro Tech Private Limited,"Thrissur, Kerala",https://startups.startupmission.in/startups/0WPVQ,35
684,BRAINBOX ENGINEERING PRIVATE LIMITED,"Kottayam, Kerala",https://startups.startupmission.in/startups/0WBBZ,35
685,BRAINBRIX AI PRIVATE LIMITED,"Thrissur, Kerala",https://startups.startupmission.in/startups/ZrkB5,35
686,BRAINSIL ED TECH PRIVATE LIMITED,"Kannur, Kerala",https://startups.startupmission.in/startups/pvDwr,35
687,BRAINWIRE MEDI TECHNOLOGIES PRIVATE LIMITED,"Ernakulam, Kerala",https://startups.startupmission.in/startups/pkk3Q,35
688,Brainwired,"Ernakulam, Kerala",https://startups.startupmission.in/startups/0JNN0,35
689,BRAND MASTERS INDIA PRIVATE LIMITED,"Ernakulam, Kerala",https://startups.startupmission.in/startups/Z2WMG,35
690,BRANDFELL TECHNOLOGIES PRIVATE LIMITED,"Thiruvananthapuram, Kerala",https://startups.startupmission.in/startups/pvor8,35
691,Branding Hut,"Kozhikode, Kerala",https://startups.startupmission.in/startups/07mBx,35
692,BRANDLABZ DIGITAL SOLUTIONS PRIVATE LIMITED,"Kottayam, Kerala",https://startups.startupmission.in/startups/0MVMp,35
693,BREAKNCO GLOBAL PRIVATE LIMITED,"Ernakulam, Kerala",https://startups.startupmission.in/startups/0erNr,35
694,BREAKTHROUGH ENGINEERING PRIVATE LIMITED,"Ernakulam, Kerala",https://startups.startupmission.in/startups/pm31K,35
695,BREEZE BRAIN TECHNOLOGIES PRIVATE LIMITED,"Thiruvananthapuram, Kerala",https://startups.startupmission.in/startups/0Wx74,35
696,BREKLERS PRIVATE LIMITED,"Kozhikode, Kerala",https://startups.startupmission.in/startups/0WxkL,35
697,BREW DELIGHT LLP,"Thiruvananthapuram, Kerala",https://startups.startupmission.in/startups/8n6JN,35
698,BRICON TECHNOLOGIES PRIVATE LIMITED,"Ernakulam, Kerala",https://startups.startupmission.in/startups/ZD7Kx,35
699,BRIDGEON SOLUTIONS LLP,"Malappuram, Kerala",https://startups.startupmission.in/startups/pzO3Q,35
700,Bridging Dots Media Solutions Private Limited,"Thiruvananthapuram, Kerala",https://startups.startupmission.in/startups/0wg5e,35
701,BRIDGR INNOVATIONS PRIVATE LIMITED,"Ernakulam, Kerala",https://startups.startupmission.in/startups/0WPY4,36
702,BRIGHT TREE VENTURES PRIVATE LIMITED,"Thiruvananthapuram, Kerala",https://startups.startupmission.in/startups/0w4Op,36
703,BRIGHT WHEELZHUB PRIVATE LIMITED,"Palakkad, Kerala",https://startups.startupmission.in/startups/8L5zK,36
704,BRIGHTFORGE SOLUTIONS AND TECHNOLOGIES LLP,"Kollam, Kerala",https://startups.startupmission.in/startups/ZN51W,36
705,BRILLE ENTERPRISES LIMITED LIABILITY PARTNERSHIP,"Kozhikode, Kerala",https://startups.startupmission.in/startups/pkbn0,36
706,BRILLE INFRASTRUCTURE LLP,"Kozhikode, Kerala",https://startups.startupmission.in/startups/0GXMp,36
707,BRILLPEPS LLP,"Alappuzha, Kerala",https://startups.startupmission.in/startups/Za2YR,36
708,BRITENX PRIVATE LIMITED,"Ernakulam, Kerala",https://startups.startupmission.in/startups/8KxKy,36
709,BRIXO TECH PRIVATE LIMITED,"Malappuram, Kerala",https://startups.startupmission.in/startups/0MJyb,36
710,BRIYA AIL PRIVATE LIMITED,"Thiruvananthapuram, Kerala",https://startups.startupmission.in/startups/Z2W3V,36
711,BROADBILL DYNAMICS PRIVATE LIMITED,"Kozhikode, Kerala",https://startups.startupmission.in/startups/8RA9M,36
712,BROONS PLANTATION AND PRODUCE PRIVATE LIMITED,"Kottayam, Kerala",https://startups.startupmission.in/startups/8nVBJ,36
713,BROROOT PRIVATE LIMITED,"Kozhikode, Kerala",https://startups.startupmission.in/startups/04lY3,36
714,BRQ GLOB TECH PRIVATE LIMITED,"Kasaragod, Kerala",https://startups.startupmission.in/startups/ZDlvZ,36
715,Bruvsha Llp,"Malappuram, Kerala",https://startups.startupmission.in/startups/0WPEm,36
716,BST SOFTWARE PRIVATE LIMITED,"Kottayam, Kerala",https://startups.startupmission.in/startups/poQL3,36
717,BT INTEGRATED SOLUTIONS PRIVATE LIMITED,"Ernakulam, Kerala",https://startups.startupmission.in/startups/8n6vN,36
718,BTREE IOT TECHNOLOGIES PRIVATE LIMITED,"Thiruvananthapuram, Kerala",https://startups.startupmission.in/startups/pvqR0,36
719,BUCLE TECHNOLOGIES PRIVATE LIMITED,"Thiruvananthapuram, Kerala",https://startups.startupmission.in/startups/8LbQ0,36
720,BUDDHYANTRA LLP,"Kozhikode, Kerala",https://startups.startupmission.in/startups/ZEmOb,36
721,BUDDIZ LEARNING SOLUTIONS PRIVATE LIMITED,"Alappuzha, Kerala",https://startups.startupmission.in/startups/plMGl,37
722,BUDMORE AGRO INDUSTRIES PRIVATE LIMITED,"Alappuzha, Kerala",https://startups.startupmission.in/startups/0weg8,37
723,BUFFERBYTES TECHNOLOGIES PRIVATE LIMITED,"Kozhikode, Kerala",https://startups.startupmission.in/startups/ZdY5X,37
724,BUILD PATCH TECHNOLOGIES PRIVATE LIMITED,"Malappuram, Kerala",https://startups.startupmission.in/startups/0BwNO,37
725,BUILDASQUARE PRIVATE LIMITED,"Alappuzha, Kerala",https://startups.startupmission.in/startups/ZdYvQ,37
726,BUILDING BLEND PRIVATE LIMITED,"Kollam, Kerala",https://startups.startupmission.in/startups/Zjx5p,37
727,BUILDOSE PRIVATE LIMITED,"Malappuram, Kerala",https://startups.startupmission.in/startups/8RDNV,37
728,BUILDTOSUSTAIN SOLUTIONS PRIVATE LIMITED,"Malappuram, Kerala",https://startups.startupmission.in/startups/8X7e4,37
729,BUILT IN 87 TECHNOLOGIES PRIVATE LIMITED,"Thiruvananthapuram, Kerala",https://startups.startupmission.in/startups/0GOJX,37
730,BUMBLE KIDS (OPC) PRIVATE LIMITED,"Pathanamthitta, Kerala",https://startups.startupmission.in/startups/8n7WZ,37
731,BUMBLEBEE INSTRUMENTS PRIVATE LIMITED,"Palakkad, Kerala",https://startups.startupmission.in/startups/05Wvx,37
732,BURSTCODE TECHNOLOGIES PRIVATE LIMITED,"Thiruvananthapuram, Kerala",https://startups.startupmission.in/startups/8Xwly,37
733,BUSIFROG TECH PRIVATE LIMITED,"Kozhikode, Kerala",https://startups.startupmission.in/startups/8Vbv8,37
734,BUSINESS BEYOND BORDERS PRIVATE LIMITED,"Thiruvananthapuram, Kerala",https://startups.startupmission.in/startups/8nqLp,37
735,BUTOMY PRIVATE LIMITED,"Thiruvananthapuram, Kerala",https://startups.startupmission.in/startups/8xo3p,37
736,BUYEX FINTECH SOLUTIONS PRIVATE LIMITED,"Ernakulam, Kerala",https://startups.startupmission.in/startups/0JgYp,37
737,BUYMEAWORK.COM LLP,"Thrissur, Kerala",https://startups.startupmission.in/startups/Z3orZ,37
738,BUZCATCH PRIVATE LIMITED,"Kannur, Kerala",https://startups.startupmission.in/startups/0MmN0,37
739,BUZY 2050 EDUTECH LLP,"Malappuram, Kerala",https://startups.startupmission.in/startups/Z2wd0,37
740,BUZY2050 TECHNOLOGIES LLP,"Malappuram, Kerala",https://startups.startupmission.in/startups/8KQPy,37
741,BYLIN MEDTECH PRIVATE LIMITED,"Thiruvananthapuram, Kerala",https://startups.startupmission.in/startups/ZNPvp,38
742,BYMIN PRIVATE LIMITED,"Malappuram, Kerala",https://startups.startupmission.in/startups/8Xwlm,38
743,BYON CARE PRIVATE LIMITED,"Ernakulam, Kerala",https://startups.startupmission.in/startups/pbAB0,38
744,BYOND BIOCARE PRIVATE LIMITED,"Thiruvananthapuram, Kerala",https://startups.startupmission.in/startups/pmAOo,38
745,BYTE INFOTECH LLP,"Thiruvananthapuram, Kerala",https://startups.startupmission.in/startups/ZEbQK,38
746,BYTE7 SERVICES PRIVATE LIMITED,"Ernakulam, Kerala",https://startups.startupmission.in/startups/Z9WGm,38
747,BYTEDART TECHNOLOGIES PRIVATE LIMITED,"Ernakulam, Kerala",https://startups.startupmission.in/startups/ZjG1r,38
748,BYTES DELIVERY LLP,"Malappuram, Kerala",https://startups.startupmission.in/startups/ZD55K,38
749,BYTESTRONE INDIA PRIVATE LIMITED,"Ernakulam, Kerala",https://startups.startupmission.in/startups/04axp,38
750,BYTETALE CORP PRIVATE LIMITED,"Thiruvananthapuram, Kerala",https://startups.startupmission.in/startups/0Jrwk,38
751,BYTEWAVE DIGITAL CONSULTANTS PRIVATE LIMITED,"Thiruvananthapuram, Kerala",https://startups.startupmission.in/startups/8qjEZ,38
752,BYTSOLV DIGITAL TRANSFORMATIONS PRIVATE LIMITED,"Ernakulam, Kerala",https://startups.startupmission.in/startups/py6bW,38
753,BZANALYTICS PRIVATE LIMITED,"Thiruvananthapuram, Kerala",https://startups.startupmission.in/startups/8KdnZ,38
754,BZOLUTIONS GLOBAL PRIVATE LIMITED,"Thiruvananthapuram, Kerala",https://startups.startupmission.in/startups/8KQom,38
755,C SCHOOL OF CREATIVE STUDIES LLP,"Malappuram, Kerala",https://startups.startupmission.in/startups/pkwAz,38
756,C-DISC TECHNOLOGIES PRIVATE LIMITED,"Kozhikode, Kerala",https://startups.startupmission.in/startups/8qdMp,38
757,C-HUB CAREER DESIGNERS PRIVATE LIMITED,"Kozhikode, Kerala",https://startups.startupmission.in/startups/8VG35,38
758,C-LAND INFOSOFT PRIVATE LIMITED,"Palakkad, Kerala",https://startups.startupmission.in/startups/0JRWy,38
759,C-NOSH BIOSCIENCE,"Ernakulam, Kerala",https://startups.startupmission.in/startups/8A4vp,38
760,C-NOSH BIOSCIENCE PRIVATE LIMITED,"Ernakulam, Kerala",https://startups.startupmission.in/startups/0WlQp,38
761,C4CAREER LEARNING SOLUTIONS PRIVATE LIMITED,"Thiruvananthapuram, Kerala",https://startups.startupmission.in/startups/8xXQ8,39
762,C4CRED PRIVATE LIMITED,"Thrissur, Kerala",https://startups.startupmission.in/startups/ZEr20,39
763,Cadala,"Pathanamthitta, Kerala",https://startups.startupmission.in/startups/p6qg0,39
764,CADB INDUSTRIAL PARK PRIVATE LIMITED,"Thiruvananthapuram, Kerala",https://startups.startupmission.in/startups/8Vlo0,39
765,CADMATE SOFTWARE LLP,"Pathanamthitta, Kerala",https://startups.startupmission.in/startups/0eqm0,39
766,CADREAGO DE PRIVATE LIMITED,"Kasaragod, Kerala",https://startups.startupmission.in/startups/0JNa6,39
767,CADXSTUDIO PRIVATE LIMITED,"Ernakulam, Kerala",https://startups.startupmission.in/startups/pm3Gj,39
768,Caffeine Shots,"Ernakulam, Kerala",https://startups.startupmission.in/startups/07E38,39
769,CAKESIFY SYSTEMS PRIVATE LIMITED,"Wayanad, Kerala",https://startups.startupmission.in/startups/Z1zbE,39
770,CAKIYO PRODUCTS PRIVATE LIMITED,"Kozhikode, Kerala",https://startups.startupmission.in/startups/0MooN,39
771,CAKSU FOUNDATION,"Palakkad, Kerala",https://startups.startupmission.in/startups/ZD5bl,39
772,CALICUT COUSINS PRIVATE LIMITED,"Kozhikode, Kerala",https://startups.startupmission.in/startups/Z3eGr,39
773,CALICUT DIGITAL ACADEMY LLP,"Kozhikode, Kerala",https://startups.startupmission.in/startups/ZD7ml,39
774,CALICZBEE SOLUTIONS PRIVATE LIMITED,"Kozhikode, Kerala",https://startups.startupmission.in/startups/ZEWxp,39
775,CALINOVA AI ADVISORY PRIVATE LIMITED,"Kozhikode, Kerala",https://startups.startupmission.in/startups/0PgBK,39
776,CALINOVA INNOVATION PRIVATE LIMITED,"Kozhikode, Kerala",https://startups.startupmission.in/startups/p6djE,39
777,CALLBELL PRIVATE LIMITED,"Thrissur, Kerala",https://startups.startupmission.in/startups/0BnA0,39
778,Calletic Technologies Private Limited,"Thiruvananthapuram, Kerala",https://startups.startupmission.in/startups/Z1mEb,39
779,CALLNDR TECH PRIVATE LIMITED,"Kottayam, Kerala",https://startups.startupmission.in/startups/8L5ke,39
780,CALPARTEC SOLUTIONS PRIVATE LIMITED,"Thrissur, Kerala",https://startups.startupmission.in/startups/pyNg8,39
781,CAMPERVAN CAMPS & TRAILS PRIVATE LIMITED,"Thiruvananthapuram, Kerala",https://startups.startupmission.in/startups/poG4x,40
782,CAMRON MULTI TECHNOLOGIES PRIVATE LIMITED,"Ernakulam, Kerala",https://startups.startupmission.in/startups/pm3wq,40
783,CANARY DIGITAL,"Ernakulam, Kerala",https://startups.startupmission.in/startups/0Molx,40
784,CANDELA RESEARCH CENTRE PRIVATE LIMITED,"Kollam, Kerala",https://startups.startupmission.in/startups/0wgAe,40
785,CANDG INNOVATIONS PRIVATE LIMITED,"Ernakulam, Kerala",https://startups.startupmission.in/startups/pooAp,40
786,Candour Edutech Private Limited,"Ernakulam, Kerala",https://startups.startupmission.in/startups/poXAj,40
787,CANFIT PRIVATE LIMITED,"Kasaragod, Kerala",https://startups.startupmission.in/startups/8KxX3,40
788,CANZA TECHNOLOGY CONSULTANTS PRIVATE LIMITED,"Thiruvananthapuram, Kerala",https://startups.startupmission.in/startups/Za2En,40
789,Capablanca Chess School Private Limited,"Thiruvananthapuram, Kerala",https://startups.startupmission.in/startups/p6rmg,40
790,CAPERMIND PRIVATE LIMITED,"Alappuzha, Kerala",https://startups.startupmission.in/startups/8XkyD,40
791,Capservo Global,"Alappuzha, Kerala",https://startups.startupmission.in/startups/0MJ7x,40
792,CAPSQUARE TECHNOLOGIES PRIVATE LIMITED,"Ernakulam, Kerala",https://startups.startupmission.in/startups/pkJw2,40
793,Captains Social Foundation,"Kollam, Kerala",https://startups.startupmission.in/startups/0PAOW,40
794,CARBELIM PRIVATE LIMITED,"Ernakulam, Kerala",https://startups.startupmission.in/startups/pyrLO,40
795,CARBON AND WHALE SUSTAINABLE INNOVATIONS PRIVATE LIMITED,"Ernakulam, Kerala",https://startups.startupmission.in/startups/pzMk0,40
796,CARBON BAE PRIVATE LIMITED,"Thrissur, Kerala",https://startups.startupmission.in/startups/8Kaw0,40
797,CARE BRIDGE HOME PRIVATE LIMITED,"Ernakulam, Kerala",https://startups.startupmission.in/startups/0wKeL,40
798,CAREAYU PRIVATE LIMITED,"Pathanamthitta, Kerala",https://startups.startupmission.in/startups/pokxp,40
799,CARECINE PRIVATE LIMITED,"Ernakulam, Kerala",https://startups.startupmission.in/startups/8KmNk,40
800,CAREER GRIDS SERVICES PRIVATE LIMITED,"Ernakulam, Kerala",https://startups.startupmission.in/startups/0BGVv,40
801,CARLAND360 LLP,"Ernakulam, Kerala",https://startups.startupmission.in/startups/pQgNZ,41
802,CARMIC TECH SOLUTIONS PRIVATE LIMITED,"Thiruvananthapuram, Kerala",https://startups.startupmission.in/startups/055W0,41
803,CARMOND INFINITY PRIVATE LIMITED,"Bengaluru (Bangalore) Urban, Karnataka",https://startups.startupmission.in/startups/pmBqo,41
804,CAROL SOLUTIONS,"Ernakulam, Kerala",https://startups.startupmission.in/startups/ZEe7b,41
805,CARRDY TECHNOLOGIES PRIVATE LIMITED,"Ernakulam, Kerala",https://startups.startupmission.in/startups/pvybr,41
806,CARRIMEN TECH SOLUTIONS PRIVATE LIMITED,"Ernakulam, Kerala",https://startups.startupmission.in/startups/0WP1P,41
807,CARTIFY LLP,"Alappuzha, Kerala",https://startups.startupmission.in/startups/8X7d4,41
808,CARTON INDIA ALLIANCE PRIVATE LIMITED,"Kannur, Kerala",https://startups.startupmission.in/startups/pmDe0,41
809,CARTOWER PRIVATE LIMITED,"Thiruvananthapuram, Kerala",https://startups.startupmission.in/startups/ZrGx0,41
810,CASAVA VENTURES PRIVATE LIMITED,"Ernakulam, Kerala",https://startups.startupmission.in/startups/8L5Ka,41
811,CASBIRO SOLUTIONS PRIVATE LIMITED,"Ernakulam, Kerala",https://startups.startupmission.in/startups/0WxWP,41
812,CASCADE HEADWAY PRIVATE LIMITED,"Ernakulam, Kerala",https://startups.startupmission.in/startups/07mXD,41
813,CASUAL PUNCH GAME STUDIOS PRIVATE LIMITED,"Kottayam, Kerala",https://startups.startupmission.in/startups/0PQwp,41
814,CATALOG TECHNOLOGIES PRIVATE LIMITED,"Kottayam, Kerala",https://startups.startupmission.in/startups/Z39ap,41
815,CATALYCA PRIVATE LIMITED,"Thiruvananthapuram, Kerala",https://startups.startupmission.in/startups/pykQZ,41
816,CAVIRA INNOVATIONS PRIVATE LIMITED,"Ernakulam, Kerala",https://startups.startupmission.in/startups/0erEv,41
817,CAVZ MEDIA PRIVATE LIMITED,"Kozhikode, Kerala",https://startups.startupmission.in/startups/04l1R,41
818,CAVZON PRIVATE LIMITED,"Kollam, Kerala",https://startups.startupmission.in/startups/0MAEV,41
819,CAWOBA PRIVATE LIMITED,"Ernakulam, Kerala",https://startups.startupmission.in/startups/0PYGp,41
820,CAZADORZ TRADES,"Thrissur, Kerala",https://startups.startupmission.in/startups/8AGl5,41
821,CBUY FINTECH PRIVATE LIMITED,"Kannur, Kerala",https://startups.startupmission.in/startups/ZEbYK,42
822,CCPEEPS TECHNOLOGIES PRIVATE LIMITED,"Alappuzha, Kerala",https://startups.startupmission.in/startups/pvymz,42
823,CEANGAL SPECIALITY INGREDIENTS LLP,"Ernakulam, Kerala",https://startups.startupmission.in/startups/pmAe7,42
824,CEED EDU SOLUTIONS PRIVATE LIMITED,"Kasaragod, Kerala",https://startups.startupmission.in/startups/pbVKG,42
825,CEIR GLOBAL PRIVATE LIMITED,"Thiruvananthapuram, Kerala",https://startups.startupmission.in/startups/0BVGw,42
826,CEL-FI TECHNOLOGIES PRIVATE LIMITED,"Ernakulam, Kerala",https://startups.startupmission.in/startups/8RA1g,42
827,CELEBEES TECHNOLOGIES PRIVATE LIMITED,"Ernakulam, Kerala",https://startups.startupmission.in/startups/pvQN0,42
828,CELEBRATE LEARNING PRIVATE LIMITED,"Thrissur, Kerala",https://startups.startupmission.in/startups/pv5l0,42
829,CELECTRIC AUTOMOTIVE DRIVES PRIVATE LIMITED,"Ernakulam, Kerala",https://startups.startupmission.in/startups/8xw3p,42
830,CELESTALIGN INNOVATIONS PRIVATE LIMITED,"Kanyakumari, Tamil Nadu",https://startups.startupmission.in/startups/8VGkq,42
831,CELF VENTURES PRIVATE LIMITED,"Thiruvananthapuram, Kerala",https://startups.startupmission.in/startups/8AQel,42
832,CELLUPRO GREEN PRIVATE LIMITED,"Alappuzha, Kerala",https://startups.startupmission.in/startups/ZEbD1,42
833,CELO SOFTWARES PRIVATE LIMITED,"Thrissur, Kerala",https://startups.startupmission.in/startups/8qAB8,42
834,CENFIX SOFTWARE PRIVATE LIMITED,"Kozhikode, Kerala",https://startups.startupmission.in/startups/pzgqv,42
835,CENTER FOR RESEARCH ON MOLECULAR AND APPLIED SCIENCES PRIVATE LIMITED,"Thiruvananthapuram, Kerala",https://startups.startupmission.in/startups/ZD1w0,42
836,CENTGRADE LABS PRIVATE LIMITED,"Malappuram, Kerala",https://startups.startupmission.in/startups/pYeNp,42
837,CENTRE C EDTECH PRIVATE LIMITED,"Thiruvananthapuram, Kerala",https://startups.startupmission.in/startups/poYAZ,42
838,CENTRE FOR INCLUSION STANDARDS AND PRACTICE PRIVATE LIMITED,"Idukki, Kerala",https://startups.startupmission.in/startups/0Wb2K,42
839,CENTRIF PRIVATE LIMITED,"Ernakulam, Kerala",https://startups.startupmission.in/startups/pQyV6,42
840,CENTRRIC INNOVATIONS PRIVATE LIMITED,"Ernakulam, Kerala",https://startups.startupmission.in/startups/ZrYE8,42
841,CEPAT TECHNOLOGIES PRIVATE LIMITED,"Alappuzha, Kerala",https://startups.startupmission.in/startups/Z1mx7,43
842,CEPHAS RESEARCH PRIVATE LIMITED,"Pathanamthitta, Kerala",https://startups.startupmission.in/startups/8Aej8,43
843,CEROED TECHNOLOGIES PRIVATE LIMITED,"Thiruvananthapuram, Kerala",https://startups.startupmission.in/startups/0G1Jz,43
844,CERRA BIOTECH LLP,"Ernakulam, Kerala",https://startups.startupmission.in/startups/0JNyx,43
845,CEYMOX TECHNOLOGIES PRIVATE LIMITED,"Ernakulam, Kerala",https://startups.startupmission.in/startups/0MoAv,43
846,CGM SURFACE PRIVATE LIMITED,"Ernakulam, Kerala",https://startups.startupmission.in/startups/07Xj6,43
847,CHAAVIE SOLUTIONS LLP,"Kozhikode, Kerala",https://startups.startupmission.in/startups/0e59n,43
848,CHAINZENT PRIVATE LIMITED,"Thiruvananthapuram, Kerala",https://startups.startupmission.in/startups/pvVLx,43
849,CHAKKAKKOOTTAM INTERNATIONAL PRIVATE LIMITED,"Ernakulam, Kerala",https://startups.startupmission.in/startups/pQaGp,43
850,CHALISA POWER (OPC) PRIVATE LIMITED,"Thrissur, Kerala",https://startups.startupmission.in/startups/0BVz3,43
851,CHAMS PHYGITAL MEDIA PRIVATE LIMITED,"Ernakulam, Kerala",https://startups.startupmission.in/startups/8ArYZ,43
852,CHANGEMENT CAPACITY BUILDING PRIVATE LIMITED,"Thiruvananthapuram, Kerala",https://startups.startupmission.in/startups/ZNNKB,43
853,CHANNEL 5 HI-TECH ENGINEERING,"Thiruvananthapuram, Kerala",https://startups.startupmission.in/startups/ZD7ww,43
854,Channu's Solutions Private Limited,"Ernakulam, Kerala",https://startups.startupmission.in/startups/8x6j0,43
855,CHAOS NUMERICS PRIVATE LIMITED,"Kottayam, Kerala",https://startups.startupmission.in/startups/0PAro,43
856,CHAPTER 1 ED TEC (OPC) PRIVATE LIMITED,"Thiruvananthapuram, Kerala",https://startups.startupmission.in/startups/05BoW,43
857,CHARIS REMEDIES PRIVATE LIMITED,"Kottayam, Kerala",https://startups.startupmission.in/startups/0JJx0,43
858,CHARISMA FOODS PRIVATE LIMITED,"Thiruvananthapuram, Kerala",https://startups.startupmission.in/startups/8X772,43
859,CHEFBAE mushroom,"Kollam, Kerala",https://startups.startupmission.in/startups/pbgxw,43
860,CHEMRAW TECH (OPC) PRIVATE LIMITED,"Malappuram, Kerala",https://startups.startupmission.in/startups/Z9Qjm,43
861,CHERAI HOSPITALITY PRIVATE LIMITED,"Ernakulam, Kerala",https://startups.startupmission.in/startups/0Gw50,44
862,CHESHIRE TECH CORP PRIVATE LIMITED,"Thiruvananthapuram, Kerala",https://startups.startupmission.in/startups/0w35L,44
863,CHILLI PEPPER GOURMET KITCHENS PRIVATE LIMITED,"Thiruvananthapuram, Kerala",https://startups.startupmission.in/startups/p6rVE,44
864,CHIPNOVA TECHNOLOGIES PRIVATE LIMITED,"Thiruvananthapuram, Kerala",https://startups.startupmission.in/startups/ZN5ba,44
865,CHIRAD TECHNOLOGIES LLP,"Ernakulam, Kerala",https://startups.startupmission.in/startups/plM6o,44
866,CHIRAMEL VENTURES PRIVATE LIMITED,"Ernakulam, Kerala",https://startups.startupmission.in/startups/ZNNJL,44
867,CHIRI LABS PRIVATE LIMITED,"Ernakulam, Kerala",https://startups.startupmission.in/startups/0WjmZ,44
868,CHISQUARE LABS PRIVATE LIMITED,"Thrissur, Kerala",https://startups.startupmission.in/startups/0GBjZ,44
869,CHOFLUID PRIVATE LIMITED,"Thiruvananthapuram, Kerala",https://startups.startupmission.in/startups/Z3e37,44
870,CHOICEMED HEALTHCARE SOLUTIONS PRIVATE LIMITED,"Ernakulam, Kerala",https://startups.startupmission.in/startups/pyvd8,44
871,CHOSEN CARPENTER AGRO LLP,"Ernakulam, Kerala",https://startups.startupmission.in/startups/Zjga0,44
872,CHROMA CREATIVE PRIVATE LIMITED,"Ernakulam, Kerala",https://startups.startupmission.in/startups/0BGk3,44
873,Chukkukappy Creatives Llp,"Ernakulam, Kerala",https://startups.startupmission.in/startups/plnXo,44
874,CHULLY FARM SERVICE PRIVATE LIMITED,"Kasaragod, Kerala",https://startups.startupmission.in/startups/ZNMWR,44
875,CIBERA DEFENCE PRIVATE LIMITED,"Thiruvananthapuram, Kerala",https://startups.startupmission.in/startups/8nVEx,44
876,CINEMACLUBBY BUSINESS SOLUTIONS PRIVATE LIMITED,"Alappuzha, Kerala",https://startups.startupmission.in/startups/Z9gmp,44
877,CINEPOP ENTERTAINMENTS PRIVATE LIMITED,"Malappuram, Kerala",https://startups.startupmission.in/startups/Z3e7X,44
878,CINESENTINEL PRIVATE LIMITED,"Kollam, Kerala",https://startups.startupmission.in/startups/07XKm,44
879,CINESPHERE PRIVATE LIMITED,"Malappuram, Kerala",https://startups.startupmission.in/startups/8Lob5,44
880,CIPRIME MODUS PRIVATE LIMITED,"Ernakulam, Kerala",https://startups.startupmission.in/startups/ZONx8,44
881,CIRIST ECOSYSTEM PRIVATE LIMITED,"Ernakulam, Kerala",https://startups.startupmission.in/startups/pmBne,45
882,CITIZEN DIGITAL FOUNDATION,"Thiruvananthapuram, Kerala",https://startups.startupmission.in/startups/poj30,45
883,CITSA TECHNOLOGIES PRIVATE LIMITED,"Thiruvananthapuram, Kerala",https://startups.startupmission.in/startups/0PwoZ,45
884,CITY 17 INTERACTIVE (OPC) PRIVATE LIMITED,"Thiruvananthapuram, Kerala",https://startups.startupmission.in/startups/plnvB,45
885,Civilianz,"Thiruvananthapuram, Kerala",https://startups.startupmission.in/startups/Z3NJ8,45
886,CIVILION DEBUILTOR PRIVATE LIMITED,"Ernakulam, Kerala",https://startups.startupmission.in/startups/0Wxa9,45
887,CIVRA TECH PRIVATE LIMITED,"Kozhikode, Kerala",https://startups.startupmission.in/startups/05Wno,45
888,Clan Leo Private Limited,"Ernakulam, Kerala",https://startups.startupmission.in/startups/Z1mm5,45
889,CLAP,"Ernakulam, Kerala",https://startups.startupmission.in/startups/Z91PZ,45
890,CLAPS LEARN EDTECH LLP,"Kozhikode, Kerala",https://startups.startupmission.in/startups/Zdla4,45
891,CLAYBIOME INNOVATIONS PRIVATE LIMITED,"Malappuram, Kerala",https://startups.startupmission.in/startups/pQOgW,45
892,CLAZZO INNOVATIONS LLP,"Malappuram, Kerala",https://startups.startupmission.in/startups/0JGgp,45
893,CLEAN CIRCLE PRIVATE LIMITED,"Ernakulam, Kerala",https://startups.startupmission.in/startups/ZD2wp,45
894,CLEAN INDIA DRAINAGE SOLUTION PRIVATE LIMITED,"Thrissur, Kerala",https://startups.startupmission.in/startups/ZEml1,45
895,CLEANPLANET ECO SOLUTION PRIVATE LIMITED,"Ernakulam, Kerala",https://startups.startupmission.in/startups/8A11m,45
896,CLEAREYE.AI PRIVATE LIMITED,"Thiruvananthapuram, Kerala",https://startups.startupmission.in/startups/p6bdp,45
897,CLEARPROMPT PRIVATE LIMITED,"Ernakulam, Kerala",https://startups.startupmission.in/startups/07WAx,45
898,CLEARSCRAP ECO SOLUTIONS INDIA PRIVATE LIMITED,"Kollam, Kerala",https://startups.startupmission.in/startups/8VGL6,45
899,CLEOMED MEDICAL SYSTEMS PRIVATE LIMITED,"Kollam, Kerala",https://startups.startupmission.in/startups/Za2Ar,45
900,CLEVERX HEALTHCARE PRIVATE LIMITED,"Alappuzha, Kerala",https://startups.startupmission.in/startups/0Wb5B,45
901,CLICK TO GET TECHNOLOGY SOLUTIONS PRIVATE LIMITED,"Ernakulam, Kerala",https://startups.startupmission.in/startups/py2G8,46
902,CLICKO PHONETICS LAB PRIVATE LIMITED,"Ernakulam, Kerala",https://startups.startupmission.in/startups/p6WNj,46
903,CLICKTOINDIA DIGISOLUTIONS PRIVATE LIMITED,"Palakkad, Kerala",https://startups.startupmission.in/startups/pvdvZ,46
904,CLIMAI CLEANTECH PRIVATE LIMITED,"Thiruvananthapuram, Kerala",https://startups.startupmission.in/startups/pzgwQ,46
905,Climateforce Technologies Private Limited,"Kollam, Kerala",https://startups.startupmission.in/startups/0PANo,46
906,Climebot Innovations Private Limited,"Ernakulam, Kerala",https://startups.startupmission.in/startups/Z1mmN,46
907,CLINARE TECHNOLOGIES PRIVATE LIMITED,"Ernakulam, Kerala",https://startups.startupmission.in/startups/pzglq,46
908,CLINEXIZ CLINICAL RESEARCH SERVICES PRIVATE LIMITED,"Kozhikode, Kerala",https://startups.startupmission.in/startups/0JrmK,46
909,CLIPARTINDIA IMAGES PRIVATE LIMITED,"Thiruvananthapuram, Kerala",https://startups.startupmission.in/startups/plMa8,46
910,CLL ACADEMY PRIVATE LIMITED,"Ernakulam, Kerala",https://startups.startupmission.in/startups/ZNM5W,46
911,CLOCKBAY STUDIO PRIVATE LIMITED,"Kozhikode, Kerala",https://startups.startupmission.in/startups/0wVzZ,46
912,CLOCKHASH TECHNOLOGIES LLP,"Ernakulam, Kerala",https://startups.startupmission.in/startups/8n1WJ,46
913,CLOCKWELL INTERNATIONAL LLP,"Malappuram, Kerala",https://startups.startupmission.in/startups/Z1zjb,46
914,CLOODOT PRIVATE LIMITED,"Thrissur, Kerala",https://startups.startupmission.in/startups/pvQQ0,46
915,CLOOTRACK SOFTWARE LABS PRIVATE LIMITED,"Ernakulam, Kerala",https://startups.startupmission.in/startups/4Z2k0,46
916,CLOUD ONE BUSINESS SOLUTIONS PRIVATE LIMITED,"Kozhikode, Kerala",https://startups.startupmission.in/startups/Z2rdZ,46
917,CLOUDEX369 IT SOLUTIONS PRIVATE LIMITED,"Malappuram, Kerala",https://startups.startupmission.in/startups/ZNNbv,46
918,CLOUDFLOWER PRIVATE LIMITED,"Ernakulam, Kerala",https://startups.startupmission.in/startups/ZOXQL,46
919,CLOUDGM MARKETING PRIVATE LIMITED,"Pathanamthitta, Kerala",https://startups.startupmission.in/startups/0GER8,46
920,CLOUDHOUSE TECHNOLOGIES PRIVATE LIMITED,"Thrissur, Kerala",https://startups.startupmission.in/startups/ZdrwQ,46
921,CLOUDSIX INFOSYSTEMS PRIVATE LIMITED,"Ernakulam, Kerala",https://startups.startupmission.in/startups/pmBqW,47
922,CLOUDSTACKLE SOLUTIONS LLP,"Kozhikode, Kerala",https://startups.startupmission.in/startups/Z3e9M,47
923,CLOUT BIO INNOVATORS PRIVATE LIMITED,"Thiruvananthapuram, Kerala",https://startups.startupmission.in/startups/0JNwx,47
924,CLOWDERIN LLP,"Kollam, Kerala",https://startups.startupmission.in/startups/0P6K8,47
925,CLUBALPHA TECHNOLOGIES PRIVATE LIMITED,"Palakkad, Kerala",https://startups.startupmission.in/startups/pYnj8,47
926,CLUBRAPHAEL PRIVATE LIMITED,"Ernakulam, Kerala",https://startups.startupmission.in/startups/0MVJp,47
927,CLUFOX TECH SOLUTIONS PRIVATE LIMITED,"Thiruvananthapuram, Kerala",https://startups.startupmission.in/startups/0J6y0,47
928,CLUSTERDEV TECHNOLOGIES PRIVATE LIMITED,"Ernakulam, Kerala",https://startups.startupmission.in/startups/0WzLZ,47
929,COAB SOLUTIONS PRIVATE LIMITED,"Ernakulam, Kerala",https://startups.startupmission.in/startups/8xr77,47
930,COCHIN AGRO MARKETING SOLUTIONS PRIVATE LIMITED,"Ernakulam, Kerala",https://startups.startupmission.in/startups/pzOPk,47
931,COCHIN STERILISATION SERVICES PRIVATE LIMITED,"Thrissur, Kerala",https://startups.startupmission.in/startups/pbnwn,47
932,COCOA BUDS CHOCOLATIER LLP,"Kottayam, Kerala",https://startups.startupmission.in/startups/Z9BAP,47
933,Cocoroots Organic Private Limited,"Kozhikode, Kerala",https://startups.startupmission.in/startups/041gL,47
934,COCRI TECHNOLOGIES PRIVATE LIMITED,"Ernakulam, Kerala",https://startups.startupmission.in/startups/0POWw,47
935,CODCOR TECHNOLOGY SOLUTIONS PRIVATE LIMITED,"Ernakulam, Kerala",https://startups.startupmission.in/startups/8nBY8,47
936,CODEACE IT SOLUTIONS LLP,"Kozhikode, Kerala",https://startups.startupmission.in/startups/0JW6p,47
937,CODECARROTS TECHNOLOGIES LLP,"Ernakulam, Kerala",https://startups.startupmission.in/startups/0JNjy,47
938,CODECAT TECHNOLOGIES PRIVATE LIMITED,"Ernakulam, Kerala",https://startups.startupmission.in/startups/ZDx5x,47
939,CODELATTICE LABS PRIVATE LIMITED,"Ernakulam, Kerala",https://startups.startupmission.in/startups/ZD77k,47
940,CODEMISCHIEF SOFTWARE SOLUTIONS (OPC) PRIVATE LIMITED,"Kannur, Kerala",https://startups.startupmission.in/startups/Z2lXp,47
941,CODEMPULI LLP,"Ernakulam, Kerala",https://startups.startupmission.in/startups/05WzW,48
942,CODEOFDUTY INNOVATIONS PRIVATE LIMITED,"Thiruvananthapuram, Kerala",https://startups.startupmission.in/startups/0GO50,48
943,CODESCRIBO TECHNOLOGIES PRIVATE LIMITED,"Alappuzha, Kerala",https://startups.startupmission.in/startups/poQrz,48
944,CODEZEP TECHNOLOGIES PRIVATE LIMITED,"Ernakulam, Kerala",https://startups.startupmission.in/startups/8KmGl,48
945,CODING MANTIS GAMES (OPC) PRIVATE LIMITED,"Thiruvananthapuram, Kerala",https://startups.startupmission.in/startups/8V7JE,48
946,CODINGO PRIVATE LIMITED,"Thiruvananthapuram, Kerala",https://startups.startupmission.in/startups/0eEM0,48
947,Codsair Technologies Llp,"Kozhikode, Kerala",https://startups.startupmission.in/startups/8AGWx,48
948,CODX SYSTEMS,"Ernakulam, Kerala",https://startups.startupmission.in/startups/Zdr4Q,48
949,CODX SYSTEMS PRIVATE LIMITED,"Ernakulam, Kerala",https://startups.startupmission.in/startups/pQ4RJ,48
950,COEARTH SUSTAINABLE PRODUCTS PRIVATE LIMITED,"Alappuzha, Kerala",https://startups.startupmission.in/startups/pbym0,48
951,COEXIN TECHNOLOGIES HEALTHCARE PRIVATE LIMITED,"Kozhikode, Kerala",https://startups.startupmission.in/startups/Zj5G8,48
952,COFBA NETWORKS LLP,"Thiruvananthapuram, Kerala",https://startups.startupmission.in/startups/Z9ozp,48
953,Coffee Table,"Ernakulam, Kerala",https://startups.startupmission.in/startups/8qPjM,48
954,COFSO TECHNOLOGIES LLP,"Palakkad, Kerala",https://startups.startupmission.in/startups/0e5yj,48
955,COGNIFLUENZ DEEPTECH PRIVATE LIMITED,"Thiruvananthapuram, Kerala",https://startups.startupmission.in/startups/0MoDv,48
956,COGNIOR LLP,"Alappuzha, Kerala",https://startups.startupmission.in/startups/Z9Qar,48
957,COGNITA CYBERNETICS PRIVATE LIMITED,"Ernakulam, Kerala",https://startups.startupmission.in/startups/0GJGM,48
958,COGNITIVE APPLICATIONS PRIVATE LIMITED,"Ernakulam, Kerala",https://startups.startupmission.in/startups/8gEm0,48
959,COGNOSIN PRIVATE LIMITED,"Thiruvananthapuram, Kerala",https://startups.startupmission.in/startups/8K130,48
960,COINEDONE TECHNOLOGIES PRIVATE LIMITED,"Ernakulam, Kerala",https://startups.startupmission.in/startups/ZrwN0,48
961,COLLABO DIGITAL NETWORK PRIVATE LIMITED,"Thrissur, Kerala",https://startups.startupmission.in/startups/0GO7M,49
962,COLLABORATIVE LEARNING LABS PRIVATE LIMITED,"Thiruvananthapuram, Kerala",https://startups.startupmission.in/startups/Zr9w8,49
963,COLLATREE LLP,"Kozhikode, Kerala",https://startups.startupmission.in/startups/ZOmgo,49
964,COLOMBIER LAB PRIVATE LIMITED,"Thrissur, Kerala",https://startups.startupmission.in/startups/0wgk5,49
965,COLUMBUS EDUPARK PRIVATE LIMITED,"Ernakulam, Kerala",https://startups.startupmission.in/startups/ZOmqx,49
966,COMBUS EDU SOLUTIONS LLP,"Malappuram, Kerala",https://startups.startupmission.in/startups/pkJGn,49
967,COMFINITY TECHNOLOGIES PRIVATE LIMITED,"Palakkad, Kerala",https://startups.startupmission.in/startups/8XwYD,49
968,COMFORZ TECHNOLOGIES PRIVATE LIMITED,"Ernakulam, Kerala",https://startups.startupmission.in/startups/pyjrA,49
969,COMPASS TECH ENTERPRISES,"Thrissur, Kerala",https://startups.startupmission.in/startups/Z3VBr,49
970,COMPETITIVE CRACKER PRIVATE LIMITED,"Ernakulam, Kerala",https://startups.startupmission.in/startups/0PEop,49
971,COMPLIANCE7 CONSULTING LLP,"Kottayam, Kerala",https://startups.startupmission.in/startups/0Pg3W,49
972,COMPLY ARK SOLUTIONS PRIVATE LIMITED,"Ernakulam, Kerala",https://startups.startupmission.in/startups/pYxmQ,49
973,COMPREHEALTH TECHNOLOGIES PRIVATE LIMITED,"Ernakulam, Kerala",https://startups.startupmission.in/startups/0wXgp,49
974,COMPUTING FREEDOM COLLECTIVE PRIVATE LIMITED,"Idukki, Kerala",https://startups.startupmission.in/startups/Z9nv0,49
975,COMPUTRON SKILLSPARK PRIVATE LIMITED,"Ernakulam, Kerala",https://startups.startupmission.in/startups/8RDlB,49
976,CONCEPT EDGE INDUSTRIAL STUDIO LLP,"Idukki, Kerala",https://startups.startupmission.in/startups/8L3mp,49
977,CONCEPT HUNT EDUCATION PRIVATE LIMITED,"Kollam, Kerala",https://startups.startupmission.in/startups/8RwJZ,49
978,Concepts Map Llp,"Ernakulam, Kerala",https://startups.startupmission.in/startups/041V3,49
979,CONCEPTUS AUSTRALIS INDIA LLP,"Kasaragod, Kerala",https://startups.startupmission.in/startups/pbn6G,49
980,CONECXIA ENTERPRISES LLP,"Kozhikode, Kerala",https://startups.startupmission.in/startups/Z3ea2,49
981,CONFIANZA STRUCTURES PRIVATE LIMITED,"Thiruvananthapuram, Kerala",https://startups.startupmission.in/startups/plM1o,50
982,CONGLOMER INDIA PRIVATE LIMITED,"Thrissur, Kerala",https://startups.startupmission.in/startups/07mzM,50
983,CONNECT INN TECHNOLOGIES PRIVATE LIMITED,"Pathanamthitta, Kerala",https://startups.startupmission.in/startups/8Krmp,50
984,CONNECT2SUN TECHNOLOGIES PRIVATE LIMITED,"Malappuram, Kerala",https://startups.startupmission.in/startups/0P7qZ,50
985,Connecting Dots Tech Ventures Private Limited,"Ernakulam, Kerala",https://startups.startupmission.in/startups/8xOVQ,50
986,CONNECTSTREAM (OPC) PRIVATE LIMITED,"Ernakulam, Kerala",https://startups.startupmission.in/startups/poQQz,50
987,CONNEKX PRIVATE LIMITED,"Thiruvananthapuram, Kerala",https://startups.startupmission.in/startups/8n12d,50
988,CONNESTER SB GLOBAL TECH PRIVATE LIMITED,"Pathanamthitta, Kerala",https://startups.startupmission.in/startups/8RAE2,50
989,CONQZEN EDU TECH PRIVATE LIMITED,"Thiruvananthapuram, Kerala",https://startups.startupmission.in/startups/plnMO,50
990,Conroot Tech Private Limited,"Ernakulam, Kerala",https://startups.startupmission.in/startups/py69d,50
991,CONSCIENT FOODS PRIVATE LIMITED,"Ernakulam, Kerala",https://startups.startupmission.in/startups/0J3yp,50
992,CONSOUL ASSOCIATES LLP,"Ernakulam, Kerala",https://startups.startupmission.in/startups/0GMR8,50
993,CONSULTCALIVE PRIVATE LIMITED,"Thiruvananthapuram, Kerala",https://startups.startupmission.in/startups/ZNka0,50
994,CONSYST DIGITAL INDUSTRIES PRIVATE LIMITED,"Ernakulam, Kerala",https://startups.startupmission.in/startups/0W6lZ,50
995,CONTACTOS PRIVATE LIMITED,"Ernakulam, Kerala",https://startups.startupmission.in/startups/pbVnO,50
996,CONTENTFACTORY MEDIA LLP,"Ernakulam, Kerala",https://startups.startupmission.in/startups/0e56m,50
997,CONVAI INNOVATIONS PRIVATE LIMITED,"Kasaragod, Kerala",https://startups.startupmission.in/startups/ZDwE8,50
998,CONVOLVE TECHNOLOGIES,"Ernakulam, Kerala",https://startups.startupmission.in/startups/Z3q2p,50
999,Coolmato Innovations Private Limited,"Ernakulam, Kerala",https://startups.startupmission.in/startups/ZD7xv,50
1000,CORBILTEK PRIVATE LIMITED,"Ernakulam, Kerala",https://startups.startupmission.in/startups/8Xwde,50
