company_name,domain,it_relevance,developer_relevance,priority,job_match_reason,notes,infopark_profile_url
2Hats Logic Solutions Pvt. Ltd.,,Low,Low,Low,"No domain information is available in the Infopark directory, so software-development relevance cannot be established.",Domain field is blank; developer relevance is uncertain from available directory data.,https://infopark.in/companies-profile/2hats-logic-solutions-pvt-ltd
42Square Technologies,,Low,Low,Low,"No domain information is available in the Infopark directory, so software-development relevance cannot be established.",Domain field is blank; developer relevance is uncertain from available directory data.,https://infopark.in/companies-profile/42square-technologies
9Commerce Technologies,,Low,Low,Low,"No domain information is available in the Infopark directory, so software-development relevance cannot be established.",Domain field is blank; developer relevance is uncertain from available directory data.,https://infopark.in/companies-profile/9commerce-technologies
Aabasoft Technologies India Private Limited,,Low,Low,Low,"No domain information is available in the Infopark directory, so software-development relevance cannot be established.",Domain field is blank; developer relevance is uncertain from available directory data.,https://infopark.in/companies-profile/aabasoft-technologies-india-private-limited
Aarbee Structures Pvt.Ltd,,Low,Low,Low,"No domain information is available in the Infopark directory, so software-development relevance cannot be established.",Domain field is blank; developer relevance is uncertain from available directory data.,https://infopark.in/companies-profile/aarbee-structures-pvt-ltd
Acabes International Pvt. Ltd.,,Low,Low,Low,"No domain information is available in the Infopark directory, so software-development relevance cannot be established.",Domain field is blank; developer relevance is uncertain from available directory data.,https://infopark.in/companies-profile/acabes-international-pvt-ltd
Accelray Technologies Pvt Ltd,AI | Open Source,High,Medium,Medium,"Available Infopark domain information indicates a technology-focused business, but does not clearly establish software-development work.",Developer relevance uncertain from available directory data.,https://infopark.in/companies-profile/accelray-technologies-pvt-ltd
Acube Innovations,,Low,Low,Low,"No domain information is available in the Infopark directory, so software-development relevance cannot be established.",Domain field is blank; developer relevance is uncertain from available directory data.,https://infopark.in/companies-profile/acube-innovations
adesso India Private Ltd,Software Testing | IT Consulting & Managed Services | Finance & Accounting Services | UI/UX Design & Development | Networking & IT Infrastructure,High,Medium,Medium,"Available Infopark domain information indicates a technology-focused business, but does not clearly establish software-development work.",Developer relevance uncertain from available directory data.,https://infopark.in/companies-profile/adesso-india-private-ltd
Admaren Tech Pvt Ltd,,Low,Low,Low,"No domain information is available in the Infopark directory, so software-development relevance cannot be established.",Domain field is blank; developer relevance is uncertain from available directory data.,https://infopark.in/companies-profile/admaren-tech-pvt-ltd
Advenser Engineering Services Private Limited,,Low,Low,Low,"No domain information is available in the Infopark directory, so software-development relevance cannot be established.",Domain field is blank; developer relevance is uncertain from available directory data.,https://infopark.in/companies-profile/advenser-engineering-services-private-limited
"Affiliated Computer Services of India, A Xerox Company",,Low,Low,Low,"No domain information is available in the Infopark directory, so software-development relevance cannot be established.",Domain field is blank; developer relevance is uncertain from available directory data.,https://infopark.in/companies-profile/affiliated-computer-services-of-india-a-xerox-company
Airo Global Software Pvt Ltd,AI,High,Medium,Medium,"Available Infopark domain information indicates a technology-focused business, but does not clearly establish software-development work.",Developer relevance uncertain from available directory data.,https://infopark.in/companies-profile/airo-global-software-pvt-ltd
Airpay Financial Technologies Pvt. Ltd,,Low,Low,Low,"No domain information is available in the Infopark directory, so software-development relevance cannot be established.",Domain field is blank; developer relevance is uncertain from available directory data.,https://infopark.in/companies-profile/airpay-financial-technologies-pvt-ltd
AlignMinds Technologies,,Low,Low,Low,"No domain information is available in the Infopark directory, so software-development relevance cannot be established.",Domain field is blank; developer relevance is uncertain from available directory data.,https://infopark.in/companies-profile/alignminds-technologies
Alphasky Ventures Pvt. Ltd.,Back Office & Administrative Services | Customer Support & Helpdesk Services | Finance & Accounting Services | Digital Marketing & Content Services | Data Science & Analytics,High,Medium,Medium,"Available Infopark domain information indicates a technology-focused business, but does not clearly establish software-development work.",Developer relevance uncertain from available directory data.,https://infopark.in/companies-profile/alphasky-ventures-pvt-ltd
ALTOS Technologies,,Low,Low,Low,"No domain information is available in the Infopark directory, so software-development relevance cannot be established.",Domain field is blank; developer relevance is uncertain from available directory data.,https://infopark.in/companies-profile/altos-technologies
Amara Raja Design Alpha Private Limited,,Low,Low,Low,"No domain information is available in the Infopark directory, so software-development relevance cannot be established.",Domain field is blank; developer relevance is uncertain from available directory data.,https://infopark.in/companies-profile/amara-raja-design-alpha-private-limited
Amatosoft,,Low,Low,Low,"No domain information is available in the Infopark directory, so software-development relevance cannot be established.",Domain field is blank; developer relevance is uncertain from available directory data.,https://infopark.in/companies-profile/amatosoft
AMIYON SOLUTIONS PVT LTD.,,Low,Low,Low,"No domain information is available in the Infopark directory, so software-development relevance cannot be established.",Domain field is blank; developer relevance is uncertain from available directory data.,https://infopark.in/companies-profile/amiyon-solutions-pvt-ltd
Amla Consultancy Pvt Ltd,,Low,Low,Low,"No domain information is available in the Infopark directory, so software-development relevance cannot be established.",Domain field is blank; developer relevance is uncertain from available directory data.,https://infopark.in/companies-profile/amla-consultancy-pvt-ltd
Amplitude Software Systems Pvt Ltd,,Low,Low,Low,"No domain information is available in the Infopark directory, so software-development relevance cannot be established.",Domain field is blank; developer relevance is uncertain from available directory data.,https://infopark.in/companies-profile/amplitude-software-systems-pvt-ltd
Appadore Private Limited,,Low,Low,Low,"No domain information is available in the Infopark directory, so software-development relevance cannot be established.",Domain field is blank; developer relevance is uncertain from available directory data.,https://infopark.in/companies-profile/appadore-private-limited
Applied Payments Technology Pvt Ltd.,,Low,Low,Low,"No domain information is available in the Infopark directory, so software-development relevance cannot be established.",Domain field is blank; developer relevance is uncertain from available directory data.,https://infopark.in/companies-profile/applied-payments-technology-pvt-ltd
Apps Team Technologies Pvt.Ltd.,,Low,Low,Low,"No domain information is available in the Infopark directory, so software-development relevance cannot be established.",Domain field is blank; developer relevance is uncertain from available directory data.,https://infopark.in/companies-profile/apps-team-technologies-pvt-ltd
Apro IT Solutions Pvt Ltd,,Low,Low,Low,"No domain information is available in the Infopark directory, so software-development relevance cannot be established.",Domain field is blank; developer relevance is uncertain from available directory data.,https://infopark.in/companies-profile/apro-it-solutions-pvt-ltd
Armia Systems Pvt. Ltd,,Low,Low,Low,"No domain information is available in the Infopark directory, so software-development relevance cannot be established.",Domain field is blank; developer relevance is uncertain from available directory data.,https://infopark.in/companies-profile/armia-systems-pvt-ltd
Array Platforms Pvt Ltd,,Low,Low,Low,"No domain information is available in the Infopark directory, so software-development relevance cannot be established.",Domain field is blank; developer relevance is uncertain from available directory data.,https://infopark.in/companies-profile/array-platforms-pvt-ltd
Art Technology and Software.,,Low,Low,Low,"No domain information is available in the Infopark directory, so software-development relevance cannot be established.",Domain field is blank; developer relevance is uncertain from available directory data.,https://infopark.in/companies-profile/art-technology-and-software
Aspire Systems Digital Private Limited,,Low,Low,Low,"No domain information is available in the Infopark directory, so software-development relevance cannot be established.",Domain field is blank; developer relevance is uncertain from available directory data.,https://infopark.in/companies-profile/aspire-systems-digital-private-limited
AVENTUS INFORMATICS,,Low,Low,Low,"No domain information is available in the Infopark directory, so software-development relevance cannot be established.",Domain field is blank; developer relevance is uncertain from available directory data.,https://infopark.in/companies-profile/aventus-informatics
Ayata Commerce Tech Solutions Pvt Ltd,,Low,Low,Low,"No domain information is available in the Infopark directory, so software-development relevance cannot be established.",Domain field is blank; developer relevance is uncertain from available directory data.,https://infopark.in/companies-profile/ayata-commerce-tech-solutions-pvt-ltd
Banzan Studios,,Low,Low,Low,"No domain information is available in the Infopark directory, so software-development relevance cannot be established.",Domain field is blank; developer relevance is uncertain from available directory data.,https://infopark.in/companies-profile/banzan-studios
Beinex Consulting Pvt Ltd,,Low,Low,Low,"No domain information is available in the Infopark directory, so software-development relevance cannot be established.",Domain field is blank; developer relevance is uncertain from available directory data.,https://infopark.in/companies-profile/beinex-consulting-pvt-ltd
Beth Soft Technologies India Private Limited,,Low,Low,Low,"No domain information is available in the Infopark directory, so software-development relevance cannot be established.",Domain field is blank; developer relevance is uncertain from available directory data.,https://infopark.in/companies-profile/beth-soft-technologies-india-private-limited
Bhooshan's Junior,,Low,Low,Low,"No domain information is available in the Infopark directory, so software-development relevance cannot be established.",Domain field is blank; developer relevance is uncertain from available directory data.,https://infopark.in/companies-profile/bhooshan-s-junior
Binaries,,Low,Low,Low,"No domain information is available in the Infopark directory, so software-development relevance cannot be established.",Domain field is blank; developer relevance is uncertain from available directory data.,https://infopark.in/companies-profile/binaries
BJ Corps Technologies (OPC) Private Limited,,Low,Low,Low,"No domain information is available in the Infopark directory, so software-development relevance cannot be established.",Domain field is blank; developer relevance is uncertain from available directory data.,https://infopark.in/companies-profile/bj-corps-technologies-opc-private-limited
Braddock Infotech Pvt. Ltd.,,Low,Low,Low,"No domain information is available in the Infopark directory, so software-development relevance cannot be established.",Domain field is blank; developer relevance is uncertain from available directory data.,https://infopark.in/companies-profile/braddock-infotech-pvt-ltd
Braid Technologies Pvt. Ltd,,Low,Low,Low,"No domain information is available in the Infopark directory, so software-development relevance cannot be established.",Domain field is blank; developer relevance is uncertain from available directory data.,https://infopark.in/companies-profile/braid-technologies-pvt-ltd
Bramma IT Solutions,,Low,Low,Low,"No domain information is available in the Infopark directory, so software-development relevance cannot be established.",Domain field is blank; developer relevance is uncertain from available directory data.,https://infopark.in/companies-profile/bramma-it-solutions
Brennan IT India Private Limited,,Low,Low,Low,"No domain information is available in the Infopark directory, so software-development relevance cannot be established.",Domain field is blank; developer relevance is uncertain from available directory data.,https://infopark.in/companies-profile/brennan-it-india-private-limited
BroadTech IT Solutions Pvt Ltd,,Low,Low,Low,"No domain information is available in the Infopark directory, so software-development relevance cannot be established.",Domain field is blank; developer relevance is uncertain from available directory data.,https://infopark.in/companies-profile/broadtech-it-solutions-pvt-ltd
Cabot Technology Solutions Pvt. Ltd.,,Low,Low,Low,"No domain information is available in the Infopark directory, so software-development relevance cannot be established.",Domain field is blank; developer relevance is uncertain from available directory data.,https://infopark.in/companies-profile/cabot-technology-solutions-pvt-ltd
Calpine Group,Artificial Intelligence (AI) / Machine Learning (ML) | Lab Automation | Cheminformatics | Bioinformatics | Life Science,High,Medium,Medium,"Available Infopark domain information indicates a technology-focused business, but does not clearly establish software-development work.",Developer relevance uncertain from available directory data.,https://infopark.in/companies-profile/calpine-group
CareRevenue Technology Pvt. Ltd.,,Low,Low,Low,"No domain information is available in the Infopark directory, so software-development relevance cannot be established.",Domain field is blank; developer relevance is uncertain from available directory data.,https://infopark.in/companies-profile/carerevenue-technology-pvt-ltd
Carnegie Worldwide Services Pvt Ltd,Back Office & Administrative Services | IT Consulting & Managed Services,High,Medium,Medium,"Available Infopark domain information indicates a technology-focused business, but does not clearly establish software-development work.",Developer relevance uncertain from available directory data.,https://infopark.in/companies-profile/carnegie-worldwide-services-pvt-ltd
Cascade Revenue Management Pvt. Ltd,,Low,Low,Low,"No domain information is available in the Infopark directory, so software-development relevance cannot be established.",Domain field is blank; developer relevance is uncertain from available directory data.,https://infopark.in/companies-profile/cascade-revenue-management-pvt-ltd
Cavli Wireless,,Low,Low,Low,"No domain information is available in the Infopark directory, so software-development relevance cannot be established.",Domain field is blank; developer relevance is uncertain from available directory data.,https://infopark.in/companies-profile/cavli-wireless
CCS Technologies (P) Ltd,,Low,Low,Low,"No domain information is available in the Infopark directory, so software-development relevance cannot be established.",Domain field is blank; developer relevance is uncertain from available directory data.,https://infopark.in/companies-profile/ccs-technologies-p-ltd
CEREIV Advisory LLP,,Low,Low,Low,"No domain information is available in the Infopark directory, so software-development relevance cannot be established.",Domain field is blank; developer relevance is uncertain from available directory data.,https://infopark.in/companies-profile/cereiv-advisory-llp
Classic Technologies & Business Solutions Pvt. Ltd.,,Low,Low,Low,"No domain information is available in the Infopark directory, so software-development relevance cannot be established.",Domain field is blank; developer relevance is uncertain from available directory data.,https://infopark.in/companies-profile/classic-technologies-business-solutions-pvt-ltd
ClaySys Technologies Pvt.Ltd,,Low,Low,Low,"No domain information is available in the Infopark directory, so software-development relevance cannot be established.",Domain field is blank; developer relevance is uncertain from available directory data.,https://infopark.in/companies-profile/claysys-technologies-pvt-ltd
Clevero India Pvt. Ltd.,IT Consulting & Managed Services,High,Medium,Medium,"Available Infopark domain information indicates a technology-focused business, but does not clearly establish software-development work.",Developer relevance uncertain from available directory data.,https://infopark.in/companies-profile/clevero-india-pvt-ltd
Cloudium Software Pvt. Ltd.,,Low,Low,Low,"No domain information is available in the Infopark directory, so software-development relevance cannot be established.",Domain field is blank; developer relevance is uncertain from available directory data.,https://infopark.in/companies-profile/cloudium-software-pvt-ltd
CodeDesign Technologies Pvt Ltd,,Low,Low,Low,"No domain information is available in the Infopark directory, so software-development relevance cannot be established.",Domain field is blank; developer relevance is uncertain from available directory data.,https://infopark.in/companies-profile/codedesign-technologies-pvt-ltd
Codelynks Software Solutions Private Limited,,Low,Low,Low,"No domain information is available in the Infopark directory, so software-development relevance cannot be established.",Domain field is blank; developer relevance is uncertain from available directory data.,https://infopark.in/companies-profile/codelynks-software-solutions-private-limited
CodeNext Technologies Pvt. Ltd.,,Low,Low,Low,"No domain information is available in the Infopark directory, so software-development relevance cannot be established.",Domain field is blank; developer relevance is uncertain from available directory data.,https://infopark.in/companies-profile/codenext-technologies-pvt-ltd
Codmeric Infotech Pvt. Ltd.,,Low,Low,Low,"No domain information is available in the Infopark directory, so software-development relevance cannot be established.",Domain field is blank; developer relevance is uncertain from available directory data.,https://infopark.in/companies-profile/codmeric-infotech-pvt-ltd
Cognicor Technologies Pvt.Ltd,,Low,Low,Low,"No domain information is available in the Infopark directory, so software-development relevance cannot be established.",Domain field is blank; developer relevance is uncertain from available directory data.,https://infopark.in/companies-profile/cognicor-technologies-pvt-ltd
Cognizant Technology Solutions,,Low,Low,Low,"No domain information is available in the Infopark directory, so software-development relevance cannot be established.",Domain field is blank; developer relevance is uncertain from available directory data.,https://infopark.in/companies-profile/cognizant-technology-solutions
Coinone Global Solutions Pvt Ltd,,Low,Low,Low,"No domain information is available in the Infopark directory, so software-development relevance cannot be established.",Domain field is blank; developer relevance is uncertain from available directory data.,https://infopark.in/companies-profile/coinone-global-solutions-pvt-ltd
Conduent Business Services LLP,,Low,Low,Low,"No domain information is available in the Infopark directory, so software-development relevance cannot be established.",Domain field is blank; developer relevance is uncertain from available directory data.,https://infopark.in/companies-profile/conduent-business-services-llp
Consoul Associates,Digital Trasformation Consulting | Management Consulting,High,Medium,Medium,"Available Infopark domain information indicates a technology-focused business, but does not clearly establish software-development work.",Developer relevance uncertain from available directory data.,https://infopark.in/companies-profile/consoul-associates
ContactPoint 360,,Low,Low,Low,"No domain information is available in the Infopark directory, so software-development relevance cannot be established.",Domain field is blank; developer relevance is uncertain from available directory data.,https://infopark.in/companies-profile/contactpoint-360
CoolMinds Technologies Pvt Ltd.,,Low,Low,Low,"No domain information is available in the Infopark directory, so software-development relevance cannot be established.",Domain field is blank; developer relevance is uncertain from available directory data.,https://infopark.in/companies-profile/coolminds-technologies-pvt-ltd
Crossgen Technologies,,Low,Low,Low,"No domain information is available in the Infopark directory, so software-development relevance cannot be established.",Domain field is blank; developer relevance is uncertain from available directory data.,https://infopark.in/companies-profile/crossgen-technologies
Cubet Techno Labs Pvt.Ltd,,Low,Low,Low,"No domain information is available in the Infopark directory, so software-development relevance cannot be established.",Domain field is blank; developer relevance is uncertain from available directory data.,https://infopark.in/companies-profile/cubet-techno-labs-pvt-ltd
Currentware India Pvt Ltd.,,Low,Low,Low,"No domain information is available in the Infopark directory, so software-development relevance cannot be established.",Domain field is blank; developer relevance is uncertain from available directory data.,https://infopark.in/companies-profile/currentware-india-pvt-ltd
Cybrosys Technologies Pvt. Ltd.,,Low,Low,Low,"No domain information is available in the Infopark directory, so software-development relevance cannot be established.",Domain field is blank; developer relevance is uncertain from available directory data.,https://infopark.in/companies-profile/cybrosys-technologies-pvt-ltd
Daddara,,Low,Low,Low,"No domain information is available in the Infopark directory, so software-development relevance cannot be established.",Domain field is blank; developer relevance is uncertain from available directory data.,https://infopark.in/companies-profile/daddara
Daskalos virtual Academy pvt Limited,,Low,Low,Low,"No domain information is available in the Infopark directory, so software-development relevance cannot be established.",Domain field is blank; developer relevance is uncertain from available directory data.,https://infopark.in/companies-profile/daskalos-virtual-academy-pvt-limited
Dataequinox,AI,High,Medium,Medium,"Available Infopark domain information indicates a technology-focused business, but does not clearly establish software-development work.",Developer relevance uncertain from available directory data.,https://infopark.in/companies-profile/dataequinox
Datafloat Technologies India Pvt Ltd,,Low,Low,Low,"No domain information is available in the Infopark directory, so software-development relevance cannot be established.",Domain field is blank; developer relevance is uncertain from available directory data.,https://infopark.in/companies-profile/datafloat-technologies-india-pvt-ltd
Datum Innovation,,Low,Low,Low,"No domain information is available in the Infopark directory, so software-development relevance cannot be established.",Domain field is blank; developer relevance is uncertain from available directory data.,https://infopark.in/companies-profile/datum-innovation
Dee and Lee Services,,Low,Low,Low,"No domain information is available in the Infopark directory, so software-development relevance cannot be established.",Domain field is blank; developer relevance is uncertain from available directory data.,https://infopark.in/companies-profile/dee-and-lee-services
Digiora Technologies Pvt.Ltd.,,Low,Low,Low,"No domain information is available in the Infopark directory, so software-development relevance cannot be established.",Domain field is blank; developer relevance is uncertain from available directory data.,https://infopark.in/companies-profile/digiora-technologies-pvt-ltd
Dimensions Cybertech India Pvt. Ltd.,,Low,Low,Low,"No domain information is available in the Infopark directory, so software-development relevance cannot be established.",Domain field is blank; developer relevance is uncertain from available directory data.,https://infopark.in/companies-profile/dimensions-cybertech-india-pvt-ltd
Distinct Infotech Solutions,IT Consulting & Managed Services,High,Medium,Medium,"Available Infopark domain information indicates a technology-focused business, but does not clearly establish software-development work.",Developer relevance uncertain from available directory data.,https://infopark.in/companies-profile/distinct-infotech-solutions
DOCGIANT SERVICES INDIA PVT.LTD.,,Low,Low,Low,"No domain information is available in the Infopark directory, so software-development relevance cannot be established.",Domain field is blank; developer relevance is uncertain from available directory data.,https://infopark.in/companies-profile/docgiant-services-india-pvt-ltd
Dooth Internet Service Pvt. Ltd.,,Low,Low,Low,"No domain information is available in the Infopark directory, so software-development relevance cannot be established.",Domain field is blank; developer relevance is uncertain from available directory data.,https://infopark.in/companies-profile/dooth-internet-service-pvt-ltd
Dynactionize India Pvt Ltd,,Low,Low,Low,"No domain information is available in the Infopark directory, so software-development relevance cannot be established.",Domain field is blank; developer relevance is uncertain from available directory data.,https://infopark.in/companies-profile/dynactionize-india-pvt-ltd
Dynamed Healthcare Solutions Pvt.Ltd.,,Low,Low,Low,"No domain information is available in the Infopark directory, so software-development relevance cannot be established.",Domain field is blank; developer relevance is uncertain from available directory data.,https://infopark.in/companies-profile/dynamed-healthcare-solutions-pvt-ltd
Edstem Technologies Pvt Ltd,,Low,Low,Low,"No domain information is available in the Infopark directory, so software-development relevance cannot be established.",Domain field is blank; developer relevance is uncertain from available directory data.,https://infopark.in/companies-profile/edstem-technologies-pvt-ltd
EGC Global Services India Pvt Ltd,,Low,Low,Low,"No domain information is available in the Infopark directory, so software-development relevance cannot be established.",Domain field is blank; developer relevance is uncertain from available directory data.,https://infopark.in/companies-profile/egc-global-services-india-pvt-ltd
Electrifex Technologies Pvt. Ltd,,Low,Low,Low,"No domain information is available in the Infopark directory, so software-development relevance cannot be established.",Domain field is blank; developer relevance is uncertain from available directory data.,https://infopark.in/companies-profile/electrifex-technologies-pvt-ltd
ELEMMENT FAÇADE Pvt Ltd,,Low,Low,Low,"No domain information is available in the Infopark directory, so software-development relevance cannot be established.",Domain field is blank; developer relevance is uncertain from available directory data.,https://infopark.in/companies-profile/elemment-fa-ade-pvt-ltd
Empay Software Solutions Private Limited,,Low,Low,Low,"No domain information is available in the Infopark directory, so software-development relevance cannot be established.",Domain field is blank; developer relevance is uncertain from available directory data.,https://infopark.in/companies-profile/empay-software-solutions-private-limited
Empress InfoTech,,Low,Low,Low,"No domain information is available in the Infopark directory, so software-development relevance cannot be established.",Domain field is blank; developer relevance is uncertain from available directory data.,https://infopark.in/companies-profile/empress-infotech
Emsyne Technologies Private Limited,,Low,Low,Low,"No domain information is available in the Infopark directory, so software-development relevance cannot be established.",Domain field is blank; developer relevance is uncertain from available directory data.,https://infopark.in/companies-profile/emsyne-technologies-private-limited
Endeion Engineering Services Pvt.Ltd.,,Low,Low,Low,"No domain information is available in the Infopark directory, so software-development relevance cannot be established.",Domain field is blank; developer relevance is uncertain from available directory data.,https://infopark.in/companies-profile/endeion-engineering-services-pvt-ltd
EnergyScape Renewables LLP,,Low,Low,Low,"No domain information is available in the Infopark directory, so software-development relevance cannot be established.",Domain field is blank; developer relevance is uncertain from available directory data.,https://infopark.in/companies-profile/energyscape-renewables-llp
EPI-USE India Pvt.Ltd.,,Low,Low,Low,"No domain information is available in the Infopark directory, so software-development relevance cannot be established.",Domain field is blank; developer relevance is uncertain from available directory data.,https://infopark.in/companies-profile/epi-use-india-pvt-ltd
Epixel Solutions Pvt Ltd,,Low,Low,Low,"No domain information is available in the Infopark directory, so software-development relevance cannot be established.",Domain field is blank; developer relevance is uncertain from available directory data.,https://infopark.in/companies-profile/epixel-solutions-pvt-ltd
EXACORE IT SOLUTIONS PRIVATE LIMITED,,Low,Low,Low,"No domain information is available in the Infopark directory, so software-development relevance cannot be established.",Domain field is blank; developer relevance is uncertain from available directory data.,https://infopark.in/companies-profile/exacore-it-solutions-private-limited
Exor India Pvt Ltd.,,Low,Low,Low,"No domain information is available in the Infopark directory, so software-development relevance cannot be established.",Domain field is blank; developer relevance is uncertain from available directory data.,https://infopark.in/companies-profile/exor-india-pvt-ltd
Expeed Software Private Limited,,Low,Low,Low,"No domain information is available in the Infopark directory, so software-development relevance cannot be established.",Domain field is blank; developer relevance is uncertain from available directory data.,https://infopark.in/companies-profile/expeed-software-private-limited
Experion Technologies,,Low,Low,Low,"No domain information is available in the Infopark directory, so software-development relevance cannot be established.",Domain field is blank; developer relevance is uncertain from available directory data.,https://infopark.in/companies-profile/experion-technologies
Exponential Digital Solutions Pvt.Ltd.,,Low,Low,Low,"No domain information is available in the Infopark directory, so software-development relevance cannot be established.",Domain field is blank; developer relevance is uncertain from available directory data.,https://infopark.in/companies-profile/exponential-digital-solutions-pvt-ltd
Extravelmoney Technosol Private Limited,,Low,Low,Low,"No domain information is available in the Infopark directory, so software-development relevance cannot be established.",Domain field is blank; developer relevance is uncertain from available directory data.,https://infopark.in/companies-profile/extravelmoney-technosol-private-limited
Facade Global Pvt. Ltd.,,Low,Low,Low,"No domain information is available in the Infopark directory, so software-development relevance cannot be established.",Domain field is blank; developer relevance is uncertain from available directory data.,https://infopark.in/companies-profile/facade-global-pvt-ltd
FDC Web Technologies Pvt Ltd,,Low,Low,Low,"No domain information is available in the Infopark directory, so software-development relevance cannot be established.",Domain field is blank; developer relevance is uncertain from available directory data.,https://infopark.in/companies-profile/fdc-web-technologies-pvt-ltd
Feathersoft Info Solutions Private Ltd,,Low,Low,Low,"No domain information is available in the Infopark directory, so software-development relevance cannot be established.",Domain field is blank; developer relevance is uncertain from available directory data.,https://infopark.in/companies-profile/feathersoft-info-solutions-private-ltd
Fingent Global Solutions,,Low,Low,Low,"No domain information is available in the Infopark directory, so software-development relevance cannot be established.",Domain field is blank; developer relevance is uncertain from available directory data.,https://infopark.in/companies-profile/fingent-global-solutions
FIRMINIQ SYSTEMS,IT Consulting & Managed Services,High,Medium,Medium,"Available Infopark domain information indicates a technology-focused business, but does not clearly establish software-development work.",Developer relevance uncertain from available directory data.,https://infopark.in/companies-profile/firminiq-systems
Focaloid Technologies Private Limited,,Low,Low,Low,"No domain information is available in the Infopark directory, so software-development relevance cannot be established.",Domain field is blank; developer relevance is uncertain from available directory data.,https://infopark.in/companies-profile/focaloid-technologies-private-limited
Founding Minds software Pvt.Ltd,,Low,Low,Low,"No domain information is available in the Infopark directory, so software-development relevance cannot be established.",Domain field is blank; developer relevance is uncertain from available directory data.,https://infopark.in/companies-profile/founding-minds-software-pvt-ltd
Fragomen Immigration Services India Private Limited,,Low,Low,Low,"No domain information is available in the Infopark directory, so software-development relevance cannot be established.",Domain field is blank; developer relevance is uncertain from available directory data.,https://infopark.in/companies-profile/fragomen-immigration-services-india-private-limited
G10X INDIA PRIVATE LIMITED,,Low,Low,Low,"No domain information is available in the Infopark directory, so software-development relevance cannot be established.",Domain field is blank; developer relevance is uncertain from available directory data.,https://infopark.in/companies-profile/g10x-india-private-limited
Galactico Express Solutions Pvt. Ltd.,,Low,Low,Low,"No domain information is available in the Infopark directory, so software-development relevance cannot be established.",Domain field is blank; developer relevance is uncertain from available directory data.,https://infopark.in/companies-profile/galactico-express-solutions-pvt-ltd
GALTech Technologies Pvt Ltd,,Low,Low,Low,"No domain information is available in the Infopark directory, so software-development relevance cannot be established.",Domain field is blank; developer relevance is uncertain from available directory data.,https://infopark.in/companies-profile/galtech-technologies-pvt-ltd
Gapblue Software Labs Pvt Ltd,,Low,Low,Low,"No domain information is available in the Infopark directory, so software-development relevance cannot be established.",Domain field is blank; developer relevance is uncertain from available directory data.,https://infopark.in/companies-profile/gapblue-software-labs-pvt-ltd
GEOJIT TECHNOLOGIES PVT LTD,,Low,Low,Low,"No domain information is available in the Infopark directory, so software-development relevance cannot be established.",Domain field is blank; developer relevance is uncertain from available directory data.,https://infopark.in/companies-profile/geojit-technologies-pvt-ltd
Gewan Info Tech Solutions India Pvt Ltd.,,Low,Low,Low,"No domain information is available in the Infopark directory, so software-development relevance cannot be established.",Domain field is blank; developer relevance is uncertain from available directory data.,https://infopark.in/companies-profile/gewan-info-tech-solutions-india-pvt-ltd
GIS AXIOM Pvt. Ltd.,,Low,Low,Low,"No domain information is available in the Infopark directory, so software-development relevance cannot be established.",Domain field is blank; developer relevance is uncertain from available directory data.,https://infopark.in/companies-profile/gis-axiom-pvt-ltd
Global Infonet Inc,,Low,Low,Low,"No domain information is available in the Infopark directory, so software-development relevance cannot be established.",Domain field is blank; developer relevance is uncertain from available directory data.,https://infopark.in/companies-profile/global-infonet-inc
GRAMPRO BUSINESS SERVICES PVT. LTD,,Low,Low,Low,"No domain information is available in the Infopark directory, so software-development relevance cannot be established.",Domain field is blank; developer relevance is uncertain from available directory data.,https://infopark.in/companies-profile/grampro-business-services-pvt-ltd
Grapelime Innovations Private Limited.,,Low,Low,Low,"No domain information is available in the Infopark directory, so software-development relevance cannot be established.",Domain field is blank; developer relevance is uncertain from available directory data.,https://infopark.in/companies-profile/grapelime-innovations-private-limited
Gravity Business Process Private Limited,Finance & Accounting Services | IT Consulting & Managed Services | Digital Marketing & Content Services,High,Medium,Medium,"Available Infopark domain information indicates a technology-focused business, but does not clearly establish software-development work.",Developer relevance uncertain from available directory data.,https://infopark.in/companies-profile/gravity-business-process-private-limited
Greenworld International Enterprise Private Limited,,Low,Low,Low,"No domain information is available in the Infopark directory, so software-development relevance cannot be established.",Domain field is blank; developer relevance is uncertain from available directory data.,https://infopark.in/companies-profile/greenworld-international-enterprise-private-limited
Grehasoft,,Low,Low,Low,"No domain information is available in the Infopark directory, so software-development relevance cannot be established.",Domain field is blank; developer relevance is uncertain from available directory data.,https://infopark.in/companies-profile/grehasoft
Griphin Graphics,UI/UX Design & Development | Brand Identity Design,Medium,Medium,Medium,"Available Infopark domain information indicates digital or e-commerce work, but does not clearly establish software-development work.",Developer relevance uncertain from available directory data.,https://infopark.in/companies-profile/griphin-graphics
HashRoot Technologies Pvt Ltd,,Low,Low,Low,"No domain information is available in the Infopark directory, so software-development relevance cannot be established.",Domain field is blank; developer relevance is uncertain from available directory data.,https://infopark.in/companies-profile/hashroot-technologies-pvt-ltd
Hatio Innovations Private Limited,,Low,Low,Low,"No domain information is available in the Infopark directory, so software-development relevance cannot be established.",Domain field is blank; developer relevance is uncertain from available directory data.,https://infopark.in/companies-profile/hatio-innovations-private-limited
Heidelsoft Technologies Private Limited,,Low,Low,Low,"No domain information is available in the Infopark directory, so software-development relevance cannot be established.",Domain field is blank; developer relevance is uncertain from available directory data.,https://infopark.in/companies-profile/heidelsoft-technologies-private-limited
HH Back Office Services Pvt Ltd,,Low,Low,Low,"No domain information is available in the Infopark directory, so software-development relevance cannot be established.",Domain field is blank; developer relevance is uncertain from available directory data.,https://infopark.in/companies-profile/hh-back-office-services-pvt-ltd
Hotpack Global,,Low,Low,Low,"No domain information is available in the Infopark directory, so software-development relevance cannot be established.",Domain field is blank; developer relevance is uncertain from available directory data.,https://infopark.in/companies-profile/hotpack-global
HTIC Global,,Low,Low,Low,"No domain information is available in the Infopark directory, so software-development relevance cannot be established.",Domain field is blank; developer relevance is uncertain from available directory data.,https://infopark.in/companies-profile/htic-global
Hubbell Burndy India,,Low,Low,Low,"No domain information is available in the Infopark directory, so software-development relevance cannot be established.",Domain field is blank; developer relevance is uncertain from available directory data.,https://infopark.in/companies-profile/hubbell-burndy-india
IBS Software,,Low,Low,Low,"No domain information is available in the Infopark directory, so software-development relevance cannot be established.",Domain field is blank; developer relevance is uncertain from available directory data.,https://infopark.in/companies-profile/ibs-software
iDatalytics Pvt. Ltd.,,Low,Low,Low,"No domain information is available in the Infopark directory, so software-development relevance cannot be established.",Domain field is blank; developer relevance is uncertain from available directory data.,https://infopark.in/companies-profile/idatalytics-pvt-ltd
IdeaGCS Private Limited,IT Consulting & Managed Services,High,Medium,Medium,"Available Infopark domain information indicates a technology-focused business, but does not clearly establish software-development work.",Developer relevance uncertain from available directory data.,https://infopark.in/companies-profile/ideagcs-private-limited
IdealMG Educare LLP,EdTech,Low,Low,Low,Available Infopark domain information does not clearly indicate a software-development focus.,Developer relevance uncertain from available directory data.,https://infopark.in/companies-profile/idealmg-educare-llp
iLeaf Solutions Pvt Ltd.,,Low,Low,Low,"No domain information is available in the Infopark directory, so software-development relevance cannot be established.",Domain field is blank; developer relevance is uncertain from available directory data.,https://infopark.in/companies-profile/ileaf-solutions-pvt-ltd
Impaqtive Technologies India Pvt Ltd,,Low,Low,Low,"No domain information is available in the Infopark directory, so software-development relevance cannot be established.",Domain field is blank; developer relevance is uncertain from available directory data.,https://infopark.in/companies-profile/impaqtive-technologies-india-pvt-ltd
In-Tech Group India Private Limited,,Low,Low,Low,"No domain information is available in the Infopark directory, so software-development relevance cannot be established.",Domain field is blank; developer relevance is uncertain from available directory data.,https://infopark.in/companies-profile/in-tech-group-india-private-limited
InApp Information Technologies India Pvt Ltd,,Low,Low,Low,"No domain information is available in the Infopark directory, so software-development relevance cannot be established.",Domain field is blank; developer relevance is uncertain from available directory data.,https://infopark.in/companies-profile/inapp-information-technologies-india-pvt-ltd
Incede Technologies Pvt Ltd,,Low,Low,Low,"No domain information is available in the Infopark directory, so software-development relevance cannot be established.",Domain field is blank; developer relevance is uncertain from available directory data.,https://infopark.in/companies-profile/incede-technologies-pvt-ltd
Indian Institute of Management - Kozhikode,,Low,Low,Low,"No domain information is available in the Infopark directory, so software-development relevance cannot be established.",Domain field is blank; developer relevance is uncertain from available directory data.,https://infopark.in/companies-profile/indian-institute-of-management-kozhikode
IndustryApps Technologies Pvt Ltd,,Low,Low,Low,"No domain information is available in the Infopark directory, so software-development relevance cannot be established.",Domain field is blank; developer relevance is uncertain from available directory data.,https://infopark.in/companies-profile/industryapps-technologies-pvt-ltd
InerG Software Innovations Pvt.Ltd.,,Low,Low,Low,"No domain information is available in the Infopark directory, so software-development relevance cannot be established.",Domain field is blank; developer relevance is uncertain from available directory data.,https://infopark.in/companies-profile/inerg-software-innovations-pvt-ltd
Infintor Solutions LLP,ERP | Enterprise Solutions | Artificial Intelligence (AI) / Machine Learning (ML) | Data Science & Analytics | Digital Trasformation Consulting,High,Medium,Medium,"Available Infopark domain information indicates a technology-focused business, but does not clearly establish software-development work.",Developer relevance uncertain from available directory data.,https://infopark.in/companies-profile/infintor-solutions-llp
INFOCYLANZ PVT. LTD.,,Low,Low,Low,"No domain information is available in the Infopark directory, so software-development relevance cannot be established.",Domain field is blank; developer relevance is uncertain from available directory data.,https://infopark.in/companies-profile/infocylanz-pvt-ltd
Infosmart Technologies Private Limited,,Low,Low,Low,"No domain information is available in the Infopark directory, so software-development relevance cannot be established.",Domain field is blank; developer relevance is uncertain from available directory data.,https://infopark.in/companies-profile/infosmart-technologies-private-limited
Innovature Software Labs (P) Ltd,,Low,Low,Low,"No domain information is available in the Infopark directory, so software-development relevance cannot be established.",Domain field is blank; developer relevance is uncertain from available directory data.,https://infopark.in/companies-profile/innovature-software-labs-p-ltd
Inntot Technologies Private Limited,,Low,Low,Low,"No domain information is available in the Infopark directory, so software-development relevance cannot be established.",Domain field is blank; developer relevance is uncertain from available directory data.,https://infopark.in/companies-profile/inntot-technologies-private-limited
Inspired Software Development (India) LLP,,Low,Low,Low,"No domain information is available in the Infopark directory, so software-development relevance cannot be established.",Domain field is blank; developer relevance is uncertain from available directory data.,https://infopark.in/companies-profile/inspired-software-development-india-llp
Inspirisys Solutions Limited,,Low,Low,Low,"No domain information is available in the Infopark directory, so software-development relevance cannot be established.",Domain field is blank; developer relevance is uncertain from available directory data.,https://infopark.in/companies-profile/inspirisys-solutions-limited
Inspite Technologies Pvt.Ltd,,Low,Low,Low,"No domain information is available in the Infopark directory, so software-development relevance cannot be established.",Domain field is blank; developer relevance is uncertain from available directory data.,https://infopark.in/companies-profile/inspite-technologies-pvt-ltd
Intbrains Private Limited,,Low,Low,Low,"No domain information is available in the Infopark directory, so software-development relevance cannot be established.",Domain field is blank; developer relevance is uncertain from available directory data.,https://infopark.in/companies-profile/intbrains-private-limited
Internland Technology Services Private Limited,,Low,Low,Low,"No domain information is available in the Infopark directory, so software-development relevance cannot be established.",Domain field is blank; developer relevance is uncertain from available directory data.,https://infopark.in/companies-profile/internland-technology-services-private-limited
Jachoos Technologies Private Limited,,Low,Low,Low,"No domain information is available in the Infopark directory, so software-development relevance cannot be established.",Domain field is blank; developer relevance is uncertain from available directory data.,https://infopark.in/companies-profile/jachoos-technologies-private-limited
JK Lucent Pvt Ltd,,Low,Low,Low,"No domain information is available in the Infopark directory, so software-development relevance cannot be established.",Domain field is blank; developer relevance is uncertain from available directory data.,https://infopark.in/companies-profile/jk-lucent-pvt-ltd
Jobin & Jismi Pvt. Ltd.,,Low,Low,Low,"No domain information is available in the Infopark directory, so software-development relevance cannot be established.",Domain field is blank; developer relevance is uncertain from available directory data.,https://infopark.in/companies-profile/jobin-jismi-pvt-ltd
JTSi Technologies India Private Limited,,Low,Low,Low,"No domain information is available in the Infopark directory, so software-development relevance cannot be established.",Domain field is blank; developer relevance is uncertain from available directory data.,https://infopark.in/companies-profile/jtsi-technologies-india-private-limited
Kakapo Systems India Private Limited,,Low,Low,Low,"No domain information is available in the Infopark directory, so software-development relevance cannot be established.",Domain field is blank; developer relevance is uncertain from available directory data.,https://infopark.in/companies-profile/kakapo-systems-india-private-limited
Katzion Technology Solutions LLP,,Low,Low,Low,"No domain information is available in the Infopark directory, so software-development relevance cannot be established.",Domain field is blank; developer relevance is uncertain from available directory data.,https://infopark.in/companies-profile/katzion-technology-solutions-llp
KL Koncepts Lab Media and IT Park,,Low,Low,Low,"No domain information is available in the Infopark directory, so software-development relevance cannot be established.",Domain field is blank; developer relevance is uncertain from available directory data.,https://infopark.in/companies-profile/kl-koncepts-lab-media-and-it-park
KnowBe4 India Private Limited,,Low,Low,Low,"No domain information is available in the Infopark directory, so software-development relevance cannot be established.",Domain field is blank; developer relevance is uncertain from available directory data.,https://infopark.in/companies-profile/knowbe4-india-private-limited
KOTT SOFTWARE PRIVATE LIMITED,,Low,Low,Low,"No domain information is available in the Infopark directory, so software-development relevance cannot be established.",Domain field is blank; developer relevance is uncertain from available directory data.,https://infopark.in/companies-profile/kott-software-private-limited
Krythium Solutions Private Limited,,Low,Low,Low,"No domain information is available in the Infopark directory, so software-development relevance cannot be established.",Domain field is blank; developer relevance is uncertain from available directory data.,https://infopark.in/companies-profile/krythium-solutions-private-limited
Lanware Solutions,,Low,Low,Low,"No domain information is available in the Infopark directory, so software-development relevance cannot be established.",Domain field is blank; developer relevance is uncertain from available directory data.,https://infopark.in/companies-profile/lanware-solutions
LINXAS IT CONSULTING PRIVATE LIMITED,,Low,Low,Low,"No domain information is available in the Infopark directory, so software-development relevance cannot be established.",Domain field is blank; developer relevance is uncertain from available directory data.,https://infopark.in/companies-profile/linxas-it-consulting-private-limited
LucidPlus Infotech Pvt Ltd,,Low,Low,Low,"No domain information is available in the Infopark directory, so software-development relevance cannot be established.",Domain field is blank; developer relevance is uncertain from available directory data.,https://infopark.in/companies-profile/lucidplus
Luure.ai LLP,,Low,Low,Low,"No domain information is available in the Infopark directory, so software-development relevance cannot be established.",Domain field is blank; developer relevance is uncertain from available directory data.,https://infopark.in/companies-profile/luure-ai-llp
Mantle Solutions Private Limited,,Low,Low,Low,"No domain information is available in the Infopark directory, so software-development relevance cannot be established.",Domain field is blank; developer relevance is uncertain from available directory data.,https://infopark.in/companies-profile/mantle-solutions-private-limited
Mantra IT Solutions,,Low,Low,Low,"No domain information is available in the Infopark directory, so software-development relevance cannot be established.",Domain field is blank; developer relevance is uncertain from available directory data.,https://infopark.in/companies-profile/mantra-it-solutions
MapleTech Space Pvt Ltd,,Low,Low,Low,"No domain information is available in the Infopark directory, so software-development relevance cannot be established.",Domain field is blank; developer relevance is uncertain from available directory data.,https://infopark.in/companies-profile/mapletech-space-pvt-ltd
MarketBytes WebWorks Private Limited,,Low,Low,Low,"No domain information is available in the Infopark directory, so software-development relevance cannot be established.",Domain field is blank; developer relevance is uncertain from available directory data.,https://infopark.in/companies-profile/marketbytes-webworks-private-limited
MARLABS SOFTWARE,,Low,Low,Low,"No domain information is available in the Infopark directory, so software-development relevance cannot be established.",Domain field is blank; developer relevance is uncertain from available directory data.,https://infopark.in/companies-profile/marlabs-software
Maxxion Systems Private Limited,,Low,Low,Low,"No domain information is available in the Infopark directory, so software-development relevance cannot be established.",Domain field is blank; developer relevance is uncertain from available directory data.,https://infopark.in/companies-profile/maxxion-systems-private-limited
McFadyen Digital,,Low,Low,Low,"No domain information is available in the Infopark directory, so software-development relevance cannot be established.",Domain field is blank; developer relevance is uncertain from available directory data.,https://infopark.in/companies-profile/mcfadyen-digital
Media Systems India,,Low,Low,Low,"No domain information is available in the Infopark directory, so software-development relevance cannot be established.",Domain field is blank; developer relevance is uncertain from available directory data.,https://infopark.in/companies-profile/media-systems-india
MERP Systems Private Limited,,Low,Low,Low,"No domain information is available in the Infopark directory, so software-development relevance cannot be established.",Domain field is blank; developer relevance is uncertain from available directory data.,https://infopark.in/companies-profile/merp-systems-private-limited
Milestone Technologies,,Low,Low,Low,"No domain information is available in the Infopark directory, so software-development relevance cannot be established.",Domain field is blank; developer relevance is uncertain from available directory data.,https://infopark.in/companies-profile/milestone-technologies
Millennium InfoLogic,,Low,Low,Low,"No domain information is available in the Infopark directory, so software-development relevance cannot be established.",Domain field is blank; developer relevance is uncertain from available directory data.,https://infopark.in/companies-profile/millennium-infologic
Mindcurv Technology Solutions Pvt. Ltd.,,Low,Low,Low,"No domain information is available in the Infopark directory, so software-development relevance cannot be established.",Domain field is blank; developer relevance is uncertain from available directory data.,https://infopark.in/companies-profile/mindcurv-technology-solutions-pvt-ltd
MindLabs Consultancy Services LLP,,Low,Low,Low,"No domain information is available in the Infopark directory, so software-development relevance cannot be established.",Domain field is blank; developer relevance is uncertain from available directory data.,https://infopark.in/companies-profile/mindlabs-consultancy-services-llp
Mitsogo,,Low,Low,Low,"No domain information is available in the Infopark directory, so software-development relevance cannot be established.",Domain field is blank; developer relevance is uncertain from available directory data.,https://infopark.in/companies-profile/mitsogo
mitz AI Minds Pvt Ltd,,Low,Low,Low,"No domain information is available in the Infopark directory, so software-development relevance cannot be established.",Domain field is blank; developer relevance is uncertain from available directory data.,https://infopark.in/companies-profile/mitz-ai-minds-pvt-ltd
Mozilor Technologies Pvt. Ltd.,,Low,Low,Low,"No domain information is available in the Infopark directory, so software-development relevance cannot be established.",Domain field is blank; developer relevance is uncertain from available directory data.,https://infopark.in/companies-profile/mozilor-technologies-pvt-ltd
NAS Infosolutions Pvt Ltd,,Low,Low,Low,"No domain information is available in the Infopark directory, so software-development relevance cannot be established.",Domain field is blank; developer relevance is uncertain from available directory data.,https://infopark.in/companies-profile/nas-infosolutions-pvt-ltd
Navicater Solutions India Pvt Ltd,,Low,Low,Low,"No domain information is available in the Infopark directory, so software-development relevance cannot be established.",Domain field is blank; developer relevance is uncertain from available directory data.,https://infopark.in/companies-profile/navicater-solutions-india-pvt-ltd
NDimensionZ Solutions Pvt.Ltd.,,Low,Low,Low,"No domain information is available in the Infopark directory, so software-development relevance cannot be established.",Domain field is blank; developer relevance is uncertain from available directory data.,https://infopark.in/companies-profile/ndimensionz-solutions-pvt-ltd
Neem Info Solutions Pvt. Ltd.,,Low,Low,Low,"No domain information is available in the Infopark directory, so software-development relevance cannot be established.",Domain field is blank; developer relevance is uncertain from available directory data.,https://infopark.in/companies-profile/neem-info-solutions-pvt-ltd
Nesote Technologies Pvt Ltd,,Low,Low,Low,"No domain information is available in the Infopark directory, so software-development relevance cannot be established.",Domain field is blank; developer relevance is uncertain from available directory data.,https://infopark.in/companies-profile/nesote-technologies-pvt-ltd
Nestsoft TechnoMaster PVT LTD,Data Science & Analytics | Artificial Intelligence (AI) / Machine Learning (ML) | Digital Marketing & Content Services | UI/UX Design & Development | Internet of Things (IoT),High,Medium,Medium,"Available Infopark domain information indicates a technology-focused business, but does not clearly establish software-development work.",Developer relevance uncertain from available directory data.,https://infopark.in/companies-profile/nestsoft-technomaster-pvt-ltd
Netsentries Infosec Solutions Pvt.Ltd.,,Low,Low,Low,"No domain information is available in the Infopark directory, so software-development relevance cannot be established.",Domain field is blank; developer relevance is uncertain from available directory data.,https://infopark.in/companies-profile/netsentries-infosec-solutions-pvt-ltd
Next Apps,,Low,Low,Low,"No domain information is available in the Infopark directory, so software-development relevance cannot be established.",Domain field is blank; developer relevance is uncertain from available directory data.,https://infopark.in/companies-profile/next-apps
Niaway Technologies Pvt Ltd,,Low,Low,Low,"No domain information is available in the Infopark directory, so software-development relevance cannot be established.",Domain field is blank; developer relevance is uncertain from available directory data.,https://infopark.in/companies-profile/niaway-technologies-pvt-ltd
Noa Infosolutions LLP,,Low,Low,Low,"No domain information is available in the Infopark directory, so software-development relevance cannot be established.",Domain field is blank; developer relevance is uncertain from available directory data.,https://infopark.in/companies-profile/noa-infosolutions-llp
NOMD Technologies,,Low,Low,Low,"No domain information is available in the Infopark directory, so software-development relevance cannot be established.",Domain field is blank; developer relevance is uncertain from available directory data.,https://infopark.in/companies-profile/nomd-technologies
Nuvento Systems Private Limited,,Low,Low,Low,"No domain information is available in the Infopark directory, so software-development relevance cannot be established.",Domain field is blank; developer relevance is uncertain from available directory data.,https://infopark.in/companies-profile/nuvento-systems-private-limited
Nymbl,,Low,Low,Low,"No domain information is available in the Infopark directory, so software-development relevance cannot be established.",Domain field is blank; developer relevance is uncertain from available directory data.,https://infopark.in/companies-profile/nymbl
Obidos Technologies (P) Ltd,,Low,Low,Low,"No domain information is available in the Infopark directory, so software-development relevance cannot be established.",Domain field is blank; developer relevance is uncertain from available directory data.,https://infopark.in/companies-profile/obidos-technologies-p-ltd
Obvious AI Technology Pvt Ltd,,Low,Low,Low,"No domain information is available in the Infopark directory, so software-development relevance cannot be established.",Domain field is blank; developer relevance is uncertain from available directory data.,https://infopark.in/companies-profile/obvious-ai-technology-pvt-ltd
Onesoft Technologies LLP,,Low,Low,Low,"No domain information is available in the Infopark directory, so software-development relevance cannot be established.",Domain field is blank; developer relevance is uncertain from available directory data.,https://infopark.in/companies-profile/onesoft-technologies-llp
Opshore Talent Solutions Pvt.Ltd.,,Low,Low,Low,"No domain information is available in the Infopark directory, so software-development relevance cannot be established.",Domain field is blank; developer relevance is uncertain from available directory data.,https://infopark.in/companies-profile/opshore-talent-solutions-pvt-ltd
Orestes Technologies Pvt Ltd,,Low,Low,Low,"No domain information is available in the Infopark directory, so software-development relevance cannot be established.",Domain field is blank; developer relevance is uncertain from available directory data.,https://infopark.in/companies-profile/orestes-technologies-pvt-ltd
Orion India Systems Pvt. Ltd.,,Low,Low,Low,"No domain information is available in the Infopark directory, so software-development relevance cannot be established.",Domain field is blank; developer relevance is uncertain from available directory data.,https://infopark.in/companies-profile/orion-india-systems-pvt-ltd
Ormeon IT Consulting Pvt Ltd,,Low,Low,Low,"No domain information is available in the Infopark directory, so software-development relevance cannot be established.",Domain field is blank; developer relevance is uncertain from available directory data.,https://infopark.in/companies-profile/ormeon-it-consulting-pvt-ltd
ORTHOFX PRIVATE LIMITED,,Low,Low,Low,"No domain information is available in the Infopark directory, so software-development relevance cannot be established.",Domain field is blank; developer relevance is uncertain from available directory data.,https://infopark.in/companies-profile/orthofx-private-limited
Outsource Partners International,,Low,Low,Low,"No domain information is available in the Infopark directory, so software-development relevance cannot be established.",Domain field is blank; developer relevance is uncertain from available directory data.,https://infopark.in/companies-profile/outsource-partners-international
Overbrook Technology Services (P) Ltd,,Low,Low,Low,"No domain information is available in the Infopark directory, so software-development relevance cannot be established.",Domain field is blank; developer relevance is uncertain from available directory data.,https://infopark.in/companies-profile/overbrook-technology-services-p-ltd
Pagematics India Pvt. Ltd.,,Low,Low,Low,"No domain information is available in the Infopark directory, so software-development relevance cannot be established.",Domain field is blank; developer relevance is uncertain from available directory data.,https://infopark.in/companies-profile/pagematics-india-pvt-ltd
Paoyaila Animation Studios LLP,,Low,Low,Low,"No domain information is available in the Infopark directory, so software-development relevance cannot be established.",Domain field is blank; developer relevance is uncertain from available directory data.,https://infopark.in/companies-profile/paoyaila-animation-studios-llp
PaulCart E Commerce Pvt. Ltd.,,Low,Low,Low,"No domain information is available in the Infopark directory, so software-development relevance cannot be established.",Domain field is blank; developer relevance is uncertain from available directory data.,https://infopark.in/companies-profile/paulcart-e-commerce-pvt-ltd
Pearlsoft Technologies LLP,,Low,Low,Low,"No domain information is available in the Infopark directory, so software-development relevance cannot be established.",Domain field is blank; developer relevance is uncertain from available directory data.,https://infopark.in/companies-profile/pearlsoft-technologies-llp
Penguin Data Centre Pvt.Ltd.,,Low,Low,Low,"No domain information is available in the Infopark directory, so software-development relevance cannot be established.",Domain field is blank; developer relevance is uncertain from available directory data.,https://infopark.in/companies-profile/penguin-data-centre-pvt-ltd
Phases India Technology Solutions Pvt Ltd.,,Low,Low,Low,"No domain information is available in the Infopark directory, so software-development relevance cannot be established.",Domain field is blank; developer relevance is uncertain from available directory data.,https://infopark.in/companies-profile/phases-india-technology-solutions-pvt-ltd
Pinetech IT Solutions P Ltd,,Low,Low,Low,"No domain information is available in the Infopark directory, so software-development relevance cannot be established.",Domain field is blank; developer relevance is uncertain from available directory data.,https://infopark.in/companies-profile/pinetech-it-solutions-p-ltd
Pinmicro India Pvt.Ltd.,,Low,Low,Low,"No domain information is available in the Infopark directory, so software-development relevance cannot be established.",Domain field is blank; developer relevance is uncertain from available directory data.,https://infopark.in/companies-profile/pinmicro-india-pvt-ltd
PiServe Solutions Pvt Ltd,,Low,Low,Low,"No domain information is available in the Infopark directory, so software-development relevance cannot be established.",Domain field is blank; developer relevance is uncertain from available directory data.,https://infopark.in/companies-profile/piserve-solutions-pvt-ltd
PIT Solutions Private Limited,,Low,Low,Low,"No domain information is available in the Infopark directory, so software-development relevance cannot be established.",Domain field is blank; developer relevance is uncertain from available directory data.,https://infopark.in/companies-profile/pit-solutions-private-limited
Pixdynamics,,Low,Low,Low,"No domain information is available in the Infopark directory, so software-development relevance cannot be established.",Domain field is blank; developer relevance is uncertain from available directory data.,https://infopark.in/companies-profile/pixdynamics
Planet Media India ( PMIN Agency Pvt.Ltd.),IT Consulting & Managed Services | Digital Marketing & Content Services | UI/UX Design & Development,High,Medium,Medium,"Available Infopark domain information indicates a technology-focused business, but does not clearly establish software-development work.",Developer relevance uncertain from available directory data.,https://infopark.in/companies-profile/planet-media-india-pmin-agency-pvt-ltd
Portrave Solutions Pvt Ltd,,Low,Low,Low,"No domain information is available in the Infopark directory, so software-development relevance cannot be established.",Domain field is blank; developer relevance is uncertain from available directory data.,https://infopark.in/companies-profile/portrave-solutions-pvt-ltd
Prevalent AI,,Low,Low,Low,"No domain information is available in the Infopark directory, so software-development relevance cannot be established.",Domain field is blank; developer relevance is uncertain from available directory data.,https://infopark.in/companies-profile/prevalent-ai
PrimeCrown Technologies (P) Limited,,Low,Low,Low,"No domain information is available in the Infopark directory, so software-development relevance cannot be established.",Domain field is blank; developer relevance is uncertain from available directory data.,https://infopark.in/companies-profile/primecrown-technologies-p-limited
Privo TechCorp Private Limited,,Low,Low,Low,"No domain information is available in the Infopark directory, so software-development relevance cannot be established.",Domain field is blank; developer relevance is uncertain from available directory data.,https://infopark.in/companies-profile/privo-techcorp-private-limited
QBurst Technologies,,Low,Low,Low,"No domain information is available in the Infopark directory, so software-development relevance cannot be established.",Domain field is blank; developer relevance is uncertain from available directory data.,https://infopark.in/companies-profile/qburst-technologies
QC Verify Private Limited,,Low,Low,Low,"No domain information is available in the Infopark directory, so software-development relevance cannot be established.",Domain field is blank; developer relevance is uncertain from available directory data.,https://infopark.in/companies-profile/qc-verify-private-limited
Qubeslab Technologies Private Limited,,Low,Low,Low,"No domain information is available in the Infopark directory, so software-development relevance cannot be established.",Domain field is blank; developer relevance is uncertain from available directory data.,https://infopark.in/companies-profile/qubeslab-technologies-private-limited
Qubiqon Consulting India Private Limited,IT Consulting & Managed Services | Data Science & Analytics | Cloud Computing | Enterprise Solutions | Artificial Intelligence (AI) / Machine Learning (ML),High,Medium,Medium,"Available Infopark domain information indicates a technology-focused business, but does not clearly establish software-development work.",Developer relevance uncertain from available directory data.,https://infopark.in/companies-profile/qubiqon-consulting-india-private-limited
Quest Global Engineering Services Pvt Ltd,,Low,Low,Low,"No domain information is available in the Infopark directory, so software-development relevance cannot be established.",Domain field is blank; developer relevance is uncertain from available directory data.,https://infopark.in/companies-profile/quest-global-engineering-services-pvt-ltd
Rainybits Technology Pvt Ltd,,Low,Low,Low,"No domain information is available in the Infopark directory, so software-development relevance cannot be established.",Domain field is blank; developer relevance is uncertain from available directory data.,https://infopark.in/companies-profile/rainybits-technology-pvt-ltd
RedBlack Technologies Private Limited,,Low,Low,Low,"No domain information is available in the Infopark directory, so software-development relevance cannot be established.",Domain field is blank; developer relevance is uncertain from available directory data.,https://infopark.in/companies-profile/redblack-technologies-private-limited
Redux (Network Redux),,Low,Low,Low,"No domain information is available in the Infopark directory, so software-development relevance cannot be established.",Domain field is blank; developer relevance is uncertain from available directory data.,https://infopark.in/companies-profile/redux-network-redux
Regent Global Services (India) Pvt.Ltd.,Digital Marketing & Content Services | IT Consulting & Managed Services | UI/UX Design & Development | Networking & IT Infrastructure | Data Science & Analytics,High,Medium,Medium,"Available Infopark domain information indicates a technology-focused business, but does not clearly establish software-development work.",Developer relevance uncertain from available directory data.,https://infopark.in/companies-profile/regent-global-services-india-pvt-ltd
Retyn Business Solution Pvt. Ltd.,,Low,Low,Low,"No domain information is available in the Infopark directory, so software-development relevance cannot be established.",Domain field is blank; developer relevance is uncertain from available directory data.,https://infopark.in/companies-profile/retyn-business-solution-pvt-ltd
REXAV LLP,,Low,Low,Low,"No domain information is available in the Infopark directory, so software-development relevance cannot be established.",Domain field is blank; developer relevance is uncertain from available directory data.,https://infopark.in/companies-profile/rexav-llp
ROGERSOFT,UI/UX Design & Development | IT Consulting & Managed Services | Data Science & Analytics | Software Testing | Digital Marketing & Content Services,High,Medium,Medium,"Available Infopark domain information indicates a technology-focused business, but does not clearly establish software-development work.",Developer relevance uncertain from available directory data.,https://infopark.in/companies-profile/rogersoft
RUBY SEVEN STUDIOS,,Low,Low,Low,"No domain information is available in the Infopark directory, so software-development relevance cannot be established.",Domain field is blank; developer relevance is uncertain from available directory data.,https://infopark.in/companies-profile/ruby-seven-studios
SaNDS Lab,,Low,Low,Low,"No domain information is available in the Infopark directory, so software-development relevance cannot be established.",Domain field is blank; developer relevance is uncertain from available directory data.,https://infopark.in/companies-profile/sands-lab
SayOne Technologies Pvt.Ltd.,,Low,Low,Low,"No domain information is available in the Infopark directory, so software-development relevance cannot be established.",Domain field is blank; developer relevance is uncertain from available directory data.,https://infopark.in/companies-profile/sayone-technologies-pvt-ltd
SBL Knowledge Services Pvt Ltd,,Low,Low,Low,"No domain information is available in the Infopark directory, so software-development relevance cannot be established.",Domain field is blank; developer relevance is uncertain from available directory data.,https://infopark.in/companies-profile/sbl-knowledge-services-pvt-ltd
Seeroo IT Solutions,,Low,Low,Low,"No domain information is available in the Infopark directory, so software-development relevance cannot be established.",Domain field is blank; developer relevance is uncertain from available directory data.,https://infopark.in/companies-profile/seeroo-it-solutions
Seguro Technologies,,Low,Low,Low,"No domain information is available in the Infopark directory, so software-development relevance cannot be established.",Domain field is blank; developer relevance is uncertain from available directory data.,https://infopark.in/companies-profile/seguro-technologies
SEIDOR Opentrends,,Low,Low,Low,"No domain information is available in the Infopark directory, so software-development relevance cannot be established.",Domain field is blank; developer relevance is uncertain from available directory data.,https://infopark.in/companies-profile/seidor-opentrends
Senscript Technologies Pvt Ltd,IT Consulting & Managed Services,High,Medium,Medium,"Available Infopark domain information indicates a technology-focused business, but does not clearly establish software-development work.",Developer relevance uncertain from available directory data.,https://infopark.in/companies-profile/senscript-technologies-pvt-ltd
Silverbloom Technologies,,Low,Low,Low,"No domain information is available in the Infopark directory, so software-development relevance cannot be established.",Domain field is blank; developer relevance is uncertain from available directory data.,https://infopark.in/companies-profile/silverbloom-technologies
Simelabs - An Astek Company,,Low,Low,Low,"No domain information is available in the Infopark directory, so software-development relevance cannot be established.",Domain field is blank; developer relevance is uncertain from available directory data.,https://infopark.in/companies-profile/simelabs-an-astek-company
Skybertech IT Innovation Pvt Ltd,,Low,Low,Low,"No domain information is available in the Infopark directory, so software-development relevance cannot be established.",Domain field is blank; developer relevance is uncertain from available directory data.,https://infopark.in/companies-profile/skybertech-it-innovation-pvt-ltd
SMEC Automation Pvt Ltd,,Low,Low,Low,"No domain information is available in the Infopark directory, so software-development relevance cannot be established.",Domain field is blank; developer relevance is uncertain from available directory data.,https://infopark.in/companies-profile/smec-automation-pvt-ltd
Softop Solutions Pvt Ltd,,Low,Low,Low,"No domain information is available in the Infopark directory, so software-development relevance cannot be established.",Domain field is blank; developer relevance is uncertain from available directory data.,https://infopark.in/companies-profile/softop-solutions-pvt-ltd
Softspace Infotech Pvt Ltd,,Low,Low,Low,"No domain information is available in the Infopark directory, so software-development relevance cannot be established.",Domain field is blank; developer relevance is uncertain from available directory data.,https://infopark.in/companies-profile/softspace-infotech-pvt-ltd
Soulxes Technologies Pvt Ltd,,Low,Low,Low,"No domain information is available in the Infopark directory, so software-development relevance cannot be established.",Domain field is blank; developer relevance is uncertain from available directory data.,https://infopark.in/companies-profile/soulxes-technologies-pvt-ltd
SparkSupport Infotech Pvt Ltd,,Low,Low,Low,"No domain information is available in the Infopark directory, so software-development relevance cannot be established.",Domain field is blank; developer relevance is uncertain from available directory data.,https://infopark.in/companies-profile/sparksupport-infotech-pvt-ltd
Speridian Technologies Pvt Ltd,,Low,Low,Low,"No domain information is available in the Infopark directory, so software-development relevance cannot be established.",Domain field is blank; developer relevance is uncertain from available directory data.,https://infopark.in/companies-profile/speridian-technologies-pvt-ltd
Spiderline Technologies,,Low,Low,Low,"No domain information is available in the Infopark directory, so software-development relevance cannot be established.",Domain field is blank; developer relevance is uncertain from available directory data.,https://infopark.in/companies-profile/spiderline-technologies
SS Consulting,,Low,Low,Low,"No domain information is available in the Infopark directory, so software-development relevance cannot be established.",Domain field is blank; developer relevance is uncertain from available directory data.,https://infopark.in/companies-profile/ss-consulting
Steigend IT Solutions,,Low,Low,Low,"No domain information is available in the Infopark directory, so software-development relevance cannot be established.",Domain field is blank; developer relevance is uncertain from available directory data.,https://infopark.in/companies-profile/steigend-it-solutions
Stepping Stone Consultancy Services,,Low,Low,Low,"No domain information is available in the Infopark directory, so software-development relevance cannot be established.",Domain field is blank; developer relevance is uncertain from available directory data.,https://infopark.in/companies-profile/stepping-stone-consultancy-services
Strands Energy Pvt. Ltd,,Low,Low,Low,"No domain information is available in the Infopark directory, so software-development relevance cannot be established.",Domain field is blank; developer relevance is uncertain from available directory data.,https://infopark.in/companies-profile/strands-energy-pvt-ltd
Stream Perfect Global Services (SPGS),,Low,Low,Low,"No domain information is available in the Infopark directory, so software-development relevance cannot be established.",Domain field is blank; developer relevance is uncertain from available directory data.,https://infopark.in/companies-profile/stream-perfect-global-services-spgs
SupportHub360,,Low,Low,Low,"No domain information is available in the Infopark directory, so software-development relevance cannot be established.",Domain field is blank; developer relevance is uncertain from available directory data.,https://infopark.in/companies-profile/supporthub360
SurveySparrow Pvt Ltd,,Low,Low,Low,"No domain information is available in the Infopark directory, so software-development relevance cannot be established.",Domain field is blank; developer relevance is uncertain from available directory data.,https://infopark.in/companies-profile/surveysparrow-pvt-ltd
Syriac Consultancy Services Private Limited,,Low,Low,Low,"No domain information is available in the Infopark directory, so software-development relevance cannot be established.",Domain field is blank; developer relevance is uncertain from available directory data.,https://infopark.in/companies-profile/syriac-consultancy-services-private-limited
SysTalent Software Private Limited,,Low,Low,Low,"No domain information is available in the Infopark directory, so software-development relevance cannot be established.",Domain field is blank; developer relevance is uncertain from available directory data.,https://infopark.in/companies-profile/systalent-software-private-limited
Talk Digital Pvt. Ltd.,,Low,Low,Low,"No domain information is available in the Infopark directory, so software-development relevance cannot be established.",Domain field is blank; developer relevance is uncertain from available directory data.,https://infopark.in/companies-profile/talk-digital-pvt-ltd
Tamcherry Technologies Private Limited,,Low,Low,Low,"No domain information is available in the Infopark directory, so software-development relevance cannot be established.",Domain field is blank; developer relevance is uncertain from available directory data.,https://infopark.in/companies-profile/tamcherry-technologies-private-limited
"Tata Consultancy Services,",,Low,Low,Low,"No domain information is available in the Infopark directory, so software-development relevance cannot be established.",Domain field is blank; developer relevance is uncertain from available directory data.,https://infopark.in/companies-profile/tata-consultancy-services
TECFORZ INNOVATIONS,,Low,Low,Low,"No domain information is available in the Infopark directory, so software-development relevance cannot be established.",Domain field is blank; developer relevance is uncertain from available directory data.,https://infopark.in/companies-profile/tecforz-innovations
Tech Aventure,,Low,Low,Low,"No domain information is available in the Infopark directory, so software-development relevance cannot be established.",Domain field is blank; developer relevance is uncertain from available directory data.,https://infopark.in/companies-profile/tech-aventure
Techfriar Technologies,,Low,Low,Low,"No domain information is available in the Infopark directory, so software-development relevance cannot be established.",Domain field is blank; developer relevance is uncertain from available directory data.,https://infopark.in/companies-profile/techfriar-technologies
Techgentsia Software Technologies Private Limited,,Low,Low,Low,"No domain information is available in the Infopark directory, so software-development relevance cannot be established.",Domain field is blank; developer relevance is uncertain from available directory data.,https://infopark.in/companies-profile/techgentsia-software-technologies-private-limited
TechNeurons Consulting Solutions Private Limited,,Low,Low,Low,"No domain information is available in the Infopark directory, so software-development relevance cannot be established.",Domain field is blank; developer relevance is uncertain from available directory data.,https://infopark.in/companies-profile/techneurons-consulting-solutions-private-limited
Technowave ID Systems PVT.LTD.,,Low,Low,Low,"No domain information is available in the Infopark directory, so software-development relevance cannot be established.",Domain field is blank; developer relevance is uncertain from available directory data.,https://infopark.in/companies-profile/technowave-id-systems-pvt-ltd
Techpullers Technology Solutions Pvt Ltd.,,Low,Low,Low,"No domain information is available in the Infopark directory, so software-development relevance cannot be established.",Domain field is blank; developer relevance is uncertain from available directory data.,https://infopark.in/companies-profile/techpullers-technology-solutions-pvt-ltd
TechTaliya Informatics Pvt. Ltd.,,Low,Low,Low,"No domain information is available in the Infopark directory, so software-development relevance cannot be established.",Domain field is blank; developer relevance is uncertain from available directory data.,https://infopark.in/companies-profile/techtaliya-informatics-pvt-ltd
Techversant Infotech Pvt Ltd,,Low,Low,Low,"No domain information is available in the Infopark directory, so software-development relevance cannot be established.",Domain field is blank; developer relevance is uncertain from available directory data.,https://infopark.in/companies-profile/techversant-infotech-pvt-ltd
Techware Lab Pvt.Ltd.,,Low,Low,Low,"No domain information is available in the Infopark directory, so software-development relevance cannot be established.",Domain field is blank; developer relevance is uncertain from available directory data.,https://infopark.in/companies-profile/techware-lab-pvt-ltd
Tecnostac Systems Private Limited,,Low,Low,Low,"No domain information is available in the Infopark directory, so software-development relevance cannot be established.",Domain field is blank; developer relevance is uncertain from available directory data.,https://infopark.in/companies-profile/tecnostac-systems-private-limited
Telious Technologies Pvt Ltd,,Low,Low,Low,"No domain information is available in the Infopark directory, so software-development relevance cannot be established.",Domain field is blank; developer relevance is uncertain from available directory data.,https://infopark.in/companies-profile/telious-technologies-pvt-ltd
Terrific Minds Private Limited,,Low,Low,Low,"No domain information is available in the Infopark directory, so software-development relevance cannot be established.",Domain field is blank; developer relevance is uncertain from available directory data.,https://infopark.in/companies-profile/terrific-minds-private-limited
Testing Mavens Software Pvt Ltd,,Low,Low,Low,"No domain information is available in the Infopark directory, so software-development relevance cannot be established.",Domain field is blank; developer relevance is uncertain from available directory data.,https://infopark.in/companies-profile/testing-mavens-software-pvt-ltd
Thinkpalm Technologies Pvt.Ltd,,Low,Low,Low,"No domain information is available in the Infopark directory, so software-development relevance cannot be established.",Domain field is blank; developer relevance is uncertain from available directory data.,https://infopark.in/companies-profile/thinkpalm-technologies-pvt-ltd
Thomsun Infocare LLP,,Low,Low,Low,"No domain information is available in the Infopark directory, so software-development relevance cannot be established.",Domain field is blank; developer relevance is uncertain from available directory data.,https://infopark.in/companies-profile/thomsun-infocare-llp
Titan Tech Emirates Pvt Ltd,,Low,Low,Low,"No domain information is available in the Infopark directory, so software-development relevance cannot be established.",Domain field is blank; developer relevance is uncertain from available directory data.,https://infopark.in/companies-profile/titan-tech-emirates-pvt-ltd
Toobler Technologies Pvt. Ltd.,,Low,Low,Low,"No domain information is available in the Infopark directory, so software-development relevance cannot be established.",Domain field is blank; developer relevance is uncertain from available directory data.,https://infopark.in/companies-profile/toobler-technologies-pvt-ltd
TouchWorld Technology,,Low,Low,Low,"No domain information is available in the Infopark directory, so software-development relevance cannot be established.",Domain field is blank; developer relevance is uncertain from available directory data.,https://infopark.in/companies-profile/touchworld-technology
Trafoss Pvt.Ltd,,Low,Low,Low,"No domain information is available in the Infopark directory, so software-development relevance cannot be established.",Domain field is blank; developer relevance is uncertain from available directory data.,https://infopark.in/companies-profile/trafoss-pvt-ltd
Tranzmeo,,Low,Low,Low,"No domain information is available in the Infopark directory, so software-development relevance cannot be established.",Domain field is blank; developer relevance is uncertain from available directory data.,https://infopark.in/companies-profile/tranzmeo
Travancore Analytics Pvt.Ltd.,,Low,Low,Low,"No domain information is available in the Infopark directory, so software-development relevance cannot be established.",Domain field is blank; developer relevance is uncertain from available directory data.,https://infopark.in/companies-profile/travancore-analytics-pvt-ltd
Tukxi India Private Ltd,,Low,Low,Low,"No domain information is available in the Infopark directory, so software-development relevance cannot be established.",Domain field is blank; developer relevance is uncertain from available directory data.,https://infopark.in/companies-profile/tukxi-india-private-ltd
Tuttifrutti Games Pvt Ltd,,Low,Low,Low,"No domain information is available in the Infopark directory, so software-development relevance cannot be established.",Domain field is blank; developer relevance is uncertain from available directory data.,https://infopark.in/companies-profile/tuttifrutti-games-pvt-ltd
UROLIME,IT Consulting & Managed Services,High,Medium,Medium,"Available Infopark domain information indicates a technology-focused business, but does not clearly establish software-development work.",Developer relevance uncertain from available directory data.,https://infopark.in/companies-profile/urolime-technologies-private-limited
US Technology International Pvt Ltd,,Low,Low,Low,"No domain information is available in the Infopark directory, so software-development relevance cannot be established.",Domain field is blank; developer relevance is uncertain from available directory data.,https://infopark.in/companies-profile/us-technology-international-pvt-ltd
Vaisesika Consulting Private Limited,,Low,Low,Low,"No domain information is available in the Infopark directory, so software-development relevance cannot be established.",Domain field is blank; developer relevance is uncertain from available directory data.,https://infopark.in/companies-profile/vaisesika-consulting-private-limited
ValueMentor Infosec Pvt. Ltd.,,Low,Low,Low,"No domain information is available in the Infopark directory, so software-development relevance cannot be established.",Domain field is blank; developer relevance is uncertain from available directory data.,https://infopark.in/companies-profile/valuementor-infosec-pvt-ltd
Varishtha Infotech Services Pvt Ltd.,,Low,Low,Low,"No domain information is available in the Infopark directory, so software-development relevance cannot be established.",Domain field is blank; developer relevance is uncertain from available directory data.,https://infopark.in/companies-profile/varishtha-infotech-services-pvt-ltd
Veeble SoftTech (P) Ltd.,,Low,Low,Low,"No domain information is available in the Infopark directory, so software-development relevance cannot be established.",Domain field is blank; developer relevance is uncertain from available directory data.,https://infopark.in/companies-profile/veeble-softtech-p-ltd
"Verteil Technologies Private Limited,",,Low,Low,Low,"No domain information is available in the Infopark directory, so software-development relevance cannot be established.",Domain field is blank; developer relevance is uncertain from available directory data.,https://infopark.in/companies-profile/verteil-technologies-private-limited
Viewy Digital P(Ltd),AI | Robotics | Open Source,High,Medium,Medium,"Available Infopark domain information indicates a technology-focused business, but does not clearly establish software-development work.",Developer relevance uncertain from available directory data.,https://infopark.in/companies-profile/viewy-digital-p-ltd
Violet Frames,,Low,Low,Low,"No domain information is available in the Infopark directory, so software-development relevance cannot be established.",Domain field is blank; developer relevance is uncertain from available directory data.,https://infopark.in/companies-profile/violet-frames
VIPoint Solutions Pvt Ltd,,Low,Low,Low,"No domain information is available in the Infopark directory, so software-development relevance cannot be established.",Domain field is blank; developer relevance is uncertain from available directory data.,https://infopark.in/companies-profile/vipoint-solutions-pvt-ltd
Virtual Sys Technologies,,Low,Low,Low,"No domain information is available in the Infopark directory, so software-development relevance cannot be established.",Domain field is blank; developer relevance is uncertain from available directory data.,https://infopark.in/companies-profile/virtual-sys-technologies
Vistas Global Intellect Private Limited,Customer Support & Helpdesk Services | Finance & Accounting Services | BIM (Building Information Modeling) Solutions | UI/UX Design & Development | Enterprise Solutions,Medium,Medium,Medium,"Available Infopark domain information indicates digital or e-commerce work, but does not clearly establish software-development work.",Developer relevance uncertain from available directory data.,https://infopark.in/companies-profile/vistas-global-intellect-private-limited
Vortexen Dynamics,,Low,Low,Low,"No domain information is available in the Infopark directory, so software-development relevance cannot be established.",Domain field is blank; developer relevance is uncertain from available directory data.,https://infopark.in/companies-profile/vortexen-dynamics
Voxtron Solutions LLP,,Low,Low,Low,"No domain information is available in the Infopark directory, so software-development relevance cannot be established.",Domain field is blank; developer relevance is uncertain from available directory data.,https://infopark.in/companies-profile/voxtron-solutions-llp
Voyager IT Solutions Pvt Ltd,,Low,Low,Low,"No domain information is available in the Infopark directory, so software-development relevance cannot be established.",Domain field is blank; developer relevance is uncertain from available directory data.,https://infopark.in/companies-profile/voyager-it-solutions-pvt-ltd
Voyon Technology Pvt Ltd,,Low,Low,Low,"No domain information is available in the Infopark directory, so software-development relevance cannot be established.",Domain field is blank; developer relevance is uncertain from available directory data.,https://infopark.in/companies-profile/voyon-technology-pvt-ltd
Vtrio Solutions Private Limited,,Low,Low,Low,"No domain information is available in the Infopark directory, so software-development relevance cannot be established.",Domain field is blank; developer relevance is uncertain from available directory data.,https://infopark.in/companies-profile/vtrio-solutions-private-limited
VVDN Technologies Pvt Ltd,,Low,Low,Low,"No domain information is available in the Infopark directory, so software-development relevance cannot be established.",Domain field is blank; developer relevance is uncertain from available directory data.,https://infopark.in/companies-profile/vvdn-technologies-pvt-ltd
Webandcrafts,,Low,Low,Low,"No domain information is available in the Infopark directory, so software-development relevance cannot be established.",Domain field is blank; developer relevance is uncertain from available directory data.,https://infopark.in/companies-profile/webandcrafts
Webdura Technologies,,Low,Low,Low,"No domain information is available in the Infopark directory, so software-development relevance cannot be established.",Domain field is blank; developer relevance is uncertain from available directory data.,https://infopark.in/companies-profile/webdura-technologies
White Rabbit Group,,Low,Low,Low,"No domain information is available in the Infopark directory, so software-development relevance cannot be established.",Domain field is blank; developer relevance is uncertain from available directory data.,https://infopark.in/companies-profile/white-rabbit-group
Windfall Productions Pvt.Ltd.,,Low,Low,Low,"No domain information is available in the Infopark directory, so software-development relevance cannot be established.",Domain field is blank; developer relevance is uncertain from available directory data.,https://infopark.in/companies-profile/windfall-productions-pvt-ltd
Wipro Limited,,Low,Low,Low,"No domain information is available in the Infopark directory, so software-development relevance cannot be established.",Domain field is blank; developer relevance is uncertain from available directory data.,https://infopark.in/companies-profile/wipro-limited
WOC Branding Systems Pvt Ltd,,Low,Low,Low,"No domain information is available in the Infopark directory, so software-development relevance cannot be established.",Domain field is blank; developer relevance is uncertain from available directory data.,https://infopark.in/companies-profile/woc-branding-systems-pvt-ltd
WORKSENT TECHNOLOGIES PVT LTD,,Low,Low,Low,"No domain information is available in the Infopark directory, so software-development relevance cannot be established.",Domain field is blank; developer relevance is uncertain from available directory data.,https://infopark.in/companies-profile/worksent-technologies-pvt-ltd
Woxro,,Low,Low,Low,"No domain information is available in the Infopark directory, so software-development relevance cannot be established.",Domain field is blank; developer relevance is uncertain from available directory data.,https://infopark.in/companies-profile/woxro
Yatnam Technologies,,Low,Low,Low,"No domain information is available in the Infopark directory, so software-development relevance cannot be established.",Domain field is blank; developer relevance is uncertain from available directory data.,https://infopark.in/companies-profile/yatnam-technologies
Yavun Technologies,,Low,Low,Low,"No domain information is available in the Infopark directory, so software-development relevance cannot be established.",Domain field is blank; developer relevance is uncertain from available directory data.,https://infopark.in/companies-profile/yavun-technologies
Yellowfish Digital Innovations Pvt Ltd.,ERP | Open Source | AI,High,Medium,Medium,"Available Infopark domain information indicates a technology-focused business, but does not clearly establish software-development work.",Developer relevance uncertain from available directory data.,https://infopark.in/companies-profile/yellowfish-digital-innovations-pvt-ltd
Ynot Infosolutions,,Low,Low,Low,"No domain information is available in the Infopark directory, so software-development relevance cannot be established.",Domain field is blank; developer relevance is uncertain from available directory data.,https://infopark.in/companies-profile/ynot-infosolutions
Zapare Technologies Private Limited,,Low,Low,Low,"No domain information is available in the Infopark directory, so software-development relevance cannot be established.",Domain field is blank; developer relevance is uncertain from available directory data.,https://infopark.in/companies-profile/zapare-technologies-private-limited
Zealogics IT Solutions,,Low,Low,Low,"No domain information is available in the Infopark directory, so software-development relevance cannot be established.",Domain field is blank; developer relevance is uncertain from available directory data.,https://infopark.in/companies-profile/zealogics-it-solutions
Zellis HR India Pvt.Ltd.,,Low,Low,Low,"No domain information is available in the Infopark directory, so software-development relevance cannot be established.",Domain field is blank; developer relevance is uncertain from available directory data.,https://infopark.in/companies-profile/zellis-hr-india-pvt-ltd
Zinbay India Pvt.Ltd.,,Low,Low,Low,"No domain information is available in the Infopark directory, so software-development relevance cannot be established.",Domain field is blank; developer relevance is uncertain from available directory data.,https://infopark.in/companies-profile/zinbay-india-pvt-ltd
ZineMind Technologies,,Low,Low,Low,"No domain information is available in the Infopark directory, so software-development relevance cannot be established.",Domain field is blank; developer relevance is uncertain from available directory data.,https://infopark.in/companies-profile/zinemind-technologies
Zoiteckh Informations Solutions,,Low,Low,Low,"No domain information is available in the Infopark directory, so software-development relevance cannot be established.",Domain field is blank; developer relevance is uncertain from available directory data.,https://infopark.in/companies-profile/zoiteckh-informations-solutions
