company_name,domain,stage1_it_relevance,stage1_developer_relevance,stage1_priority,stage1_primary_technology_area,stage1_relevant_roles,stage1_job_match_reason,final_priority,review_decision,review_reason,review_status,infopark_profile_url
2Base Technologies Pvt Ltd,AI | Artificial Intelligence (AI) / Machine Learning (ML) | Software Development | Mobile Application Development | Internet of Things (IoT),High,High,High,Software Development / Mobile Development / AI / Machine Learning,"Software Developer, Software Engineer, Application Developer, Mobile Developer, Data / AI Engineer",Available Infopark domain information explicitly includes software or application development.,High,Kept High,"Stage 1.1 identifies explicit software, web, mobile, or application-development evidence in the Infopark domain field.",Stage 1.2 Reviewed,https://infopark.in/companies-profile/2base-technologies-pvt-ltd
2Hats Logic Solutions Pvt. Ltd.,,Low,Low,Low,Unknown,Unknown,"No domain information is available in the Infopark directory, so software-development relevance cannot be established.",Medium,Promoted to Medium,The Infopark card has no domain information. It is retained as a lower-confidence target rather than excluded without evidence.,Stage 1.2 Reviewed,https://infopark.in/companies-profile/2hats-logic-solutions-pvt-ltd
42Square Technologies,,Low,Low,Low,Unknown,Unknown,"No domain information is available in the Infopark directory, so software-development relevance cannot be established.",Medium,Promoted to Medium,The Infopark card has no domain information. It is retained as a lower-confidence target rather than excluded without evidence.,Stage 1.2 Reviewed,https://infopark.in/companies-profile/42square-technologies
9Commerce Technologies,,Low,Low,Low,Unknown,Unknown,"No domain information is available in the Infopark directory, so software-development relevance cannot be established.",Medium,Promoted to Medium,The Infopark card has no domain information. It is retained as a lower-confidence target rather than excluded without evidence.,Stage 1.2 Reviewed,https://infopark.in/companies-profile/9commerce-technologies
Aabasoft Technologies India Private Limited,,Low,Low,Low,Unknown,Unknown,"No domain information is available in the Infopark directory, so software-development relevance cannot be established.",Medium,Promoted to Medium,The Infopark card has no domain information. It is retained as a lower-confidence target rather than excluded without evidence.,Stage 1.2 Reviewed,https://infopark.in/companies-profile/aabasoft-technologies-india-private-limited
Aarbee Structures Pvt.Ltd,,Low,Low,Low,Unknown,Unknown,"No domain information is available in the Infopark directory, so software-development relevance cannot be established.",Medium,Promoted to Medium,The Infopark card has no domain information. It is retained as a lower-confidence target rather than excluded without evidence.,Stage 1.2 Reviewed,https://infopark.in/companies-profile/aarbee-structures-pvt-ltd
Abel Techsoft Private Limited,Software Development | Software Testing | Digital Marketing & Content Services | IT Consulting & Managed Services | UI/UX Design & Development,High,High,High,Software Development / Technology Consulting / Digital Technology,"Software Developer, Software Engineer, Application Developer, QA / Software Tester",Available Infopark domain information explicitly includes software or application development.,High,Kept High,"Stage 1.1 identifies explicit software, web, mobile, or application-development evidence in the Infopark domain field.",Stage 1.2 Reviewed,https://infopark.in/companies-profile/abel-techsoft-private-limited
Abilytics Consulting Pvt Ltd,Data Science & Analytics | Cloud Computing | Enterprise Solutions | Software Development | Artificial Intelligence (AI) / Machine Learning (ML),High,High,High,Software Development / AI / Machine Learning / Data / Analytics / Cloud / Infrastructure,"Software Developer, Software Engineer, Application Developer, Data / AI Engineer, DevOps / Cloud Engineer",Available Infopark domain information explicitly includes software or application development.,High,Kept High,"Stage 1.1 identifies explicit software, web, mobile, or application-development evidence in the Infopark domain field.",Stage 1.2 Reviewed,https://infopark.in/companies-profile/abilytics-consulting-pvt-ltd
Acabes International Pvt. Ltd.,,Low,Low,Low,Unknown,Unknown,"No domain information is available in the Infopark directory, so software-development relevance cannot be established.",Medium,Promoted to Medium,The Infopark card has no domain information. It is retained as a lower-confidence target rather than excluded without evidence.,Stage 1.2 Reviewed,https://infopark.in/companies-profile/acabes-international-pvt-ltd
Accelray Technologies Pvt Ltd,AI | Open Source,High,Medium,Medium,AI / Machine Learning,Data / AI Engineer,"Available Infopark domain information indicates a technology-focused business, but does not clearly establish software-development work.",Medium,Kept Medium,"The Infopark domain indicates technology-related work, but the saved evidence does not clearly establish central software-development work.",Stage 1.2 Reviewed,https://infopark.in/companies-profile/accelray-technologies-pvt-ltd
Aceware Fintech Services Pvt Ltd (Radiant Acemoney),Finance & Accounting Services | Software Development,High,High,High,Software Development,"Software Developer, Software Engineer, Application Developer",Available Infopark domain information explicitly includes software or application development.,High,Kept High,"Stage 1.1 identifies explicit software, web, mobile, or application-development evidence in the Infopark domain field.",Stage 1.2 Reviewed,https://infopark.in/companies-profile/aceware-fintech-services-pvt-ltd-radiant-acemoney
Acube Innovations,,Low,Low,Low,Unknown,Unknown,"No domain information is available in the Infopark directory, so software-development relevance cannot be established.",Medium,Promoted to Medium,The Infopark card has no domain information. It is retained as a lower-confidence target rather than excluded without evidence.,Stage 1.2 Reviewed,https://infopark.in/companies-profile/acube-innovations
adesso India Private Ltd,Software Testing | IT Consulting & Managed Services | Finance & Accounting Services | UI/UX Design & Development | Networking & IT Infrastructure,High,Medium,Medium,Cloud / Infrastructure / Technology Consulting / Digital Technology,"DevOps / Cloud Engineer, QA / Software Tester","Available Infopark domain information indicates a technology-focused business, but does not clearly establish software-development work.",Medium,Kept Medium,"The Infopark domain indicates technology-related work, but the saved evidence does not clearly establish central software-development work.",Stage 1.2 Reviewed,https://infopark.in/companies-profile/adesso-india-private-ltd
Admaren Tech Pvt Ltd,,Low,Low,Low,Unknown,Unknown,"No domain information is available in the Infopark directory, so software-development relevance cannot be established.",Medium,Promoted to Medium,The Infopark card has no domain information. It is retained as a lower-confidence target rather than excluded without evidence.,Stage 1.2 Reviewed,https://infopark.in/companies-profile/admaren-tech-pvt-ltd
Advenser Engineering Services Private Limited,,Low,Low,Low,Unknown,Unknown,"No domain information is available in the Infopark directory, so software-development relevance cannot be established.",Medium,Promoted to Medium,The Infopark card has no domain information. It is retained as a lower-confidence target rather than excluded without evidence.,Stage 1.2 Reviewed,https://infopark.in/companies-profile/advenser-engineering-services-private-limited
"Affiliated Computer Services of India, A Xerox Company",,Low,Low,Low,Unknown,Unknown,"No domain information is available in the Infopark directory, so software-development relevance cannot be established.",Medium,Promoted to Medium,The Infopark card has no domain information. It is retained as a lower-confidence target rather than excluded without evidence.,Stage 1.2 Reviewed,https://infopark.in/companies-profile/affiliated-computer-services-of-india-a-xerox-company
Airo Global Software Pvt Ltd,AI,High,Medium,Medium,AI / Machine Learning,Data / AI Engineer,"Available Infopark domain information indicates a technology-focused business, but does not clearly establish software-development work.",Medium,Kept Medium,"The Infopark domain indicates technology-related work, but the saved evidence does not clearly establish central software-development work.",Stage 1.2 Reviewed,https://infopark.in/companies-profile/airo-global-software-pvt-ltd
Airpay Financial Technologies Pvt. Ltd,,Low,Low,Low,Unknown,Unknown,"No domain information is available in the Infopark directory, so software-development relevance cannot be established.",Medium,Promoted to Medium,The Infopark card has no domain information. It is retained as a lower-confidence target rather than excluded without evidence.,Stage 1.2 Reviewed,https://infopark.in/companies-profile/airpay-financial-technologies-pvt-ltd
ALB Technologies Pvt Ltd,BPO | Back Office & Administrative Services | Customer Support & Helpdesk Services | Finance & Accounting Services | Software Development,High,High,High,Software Development,"Software Developer, Software Engineer, Application Developer",Available Infopark domain information explicitly includes software or application development.,High,Kept High,"Stage 1.1 identifies explicit software, web, mobile, or application-development evidence in the Infopark domain field.",Stage 1.2 Reviewed,https://infopark.in/companies-profile/alb-technologies-pvt-ltd
AlignMinds Technologies,,Low,Low,Low,Unknown,Unknown,"No domain information is available in the Infopark directory, so software-development relevance cannot be established.",Medium,Promoted to Medium,The Infopark card has no domain information. It is retained as a lower-confidence target rather than excluded without evidence.,Stage 1.2 Reviewed,https://infopark.in/companies-profile/alignminds-technologies
Alphasky Ventures Pvt. Ltd.,Back Office & Administrative Services | Customer Support & Helpdesk Services | Finance & Accounting Services | Digital Marketing & Content Services | Data Science & Analytics,High,Medium,Medium,Data / Analytics / Digital Technology,Data / AI Engineer,"Available Infopark domain information indicates a technology-focused business, but does not clearly establish software-development work.",Medium,Kept Medium,"The Infopark domain indicates technology-related work, but the saved evidence does not clearly establish central software-development work.",Stage 1.2 Reviewed,https://infopark.in/companies-profile/alphasky-ventures-pvt-ltd
ALTOS Technologies,,Low,Low,Low,Unknown,Unknown,"No domain information is available in the Infopark directory, so software-development relevance cannot be established.",Medium,Promoted to Medium,The Infopark card has no domain information. It is retained as a lower-confidence target rather than excluded without evidence.,Stage 1.2 Reviewed,https://infopark.in/companies-profile/altos-technologies
Amara Raja Design Alpha Private Limited,,Low,Low,Low,Unknown,Unknown,"No domain information is available in the Infopark directory, so software-development relevance cannot be established.",Medium,Promoted to Medium,The Infopark card has no domain information. It is retained as a lower-confidence target rather than excluded without evidence.,Stage 1.2 Reviewed,https://infopark.in/companies-profile/amara-raja-design-alpha-private-limited
Amatosoft,,Low,Low,Low,Unknown,Unknown,"No domain information is available in the Infopark directory, so software-development relevance cannot be established.",Medium,Promoted to Medium,The Infopark card has no domain information. It is retained as a lower-confidence target rather than excluded without evidence.,Stage 1.2 Reviewed,https://infopark.in/companies-profile/amatosoft
AMIYON SOLUTIONS PVT LTD.,,Low,Low,Low,Unknown,Unknown,"No domain information is available in the Infopark directory, so software-development relevance cannot be established.",Medium,Promoted to Medium,The Infopark card has no domain information. It is retained as a lower-confidence target rather than excluded without evidence.,Stage 1.2 Reviewed,https://infopark.in/companies-profile/amiyon-solutions-pvt-ltd
Amla Consultancy Pvt Ltd,,Low,Low,Low,Unknown,Unknown,"No domain information is available in the Infopark directory, so software-development relevance cannot be established.",Medium,Promoted to Medium,The Infopark card has no domain information. It is retained as a lower-confidence target rather than excluded without evidence.,Stage 1.2 Reviewed,https://infopark.in/companies-profile/amla-consultancy-pvt-ltd
Amplitude Software Systems Pvt Ltd,,Low,Low,Low,Unknown,Unknown,"No domain information is available in the Infopark directory, so software-development relevance cannot be established.",Medium,Promoted to Medium,The Infopark card has no domain information. It is retained as a lower-confidence target rather than excluded without evidence.,Stage 1.2 Reviewed,https://infopark.in/companies-profile/amplitude-software-systems-pvt-ltd
Appadore Private Limited,,Low,Low,Low,Unknown,Unknown,"No domain information is available in the Infopark directory, so software-development relevance cannot be established.",Medium,Promoted to Medium,The Infopark card has no domain information. It is retained as a lower-confidence target rather than excluded without evidence.,Stage 1.2 Reviewed,https://infopark.in/companies-profile/appadore-private-limited
Applied Payments Technology Pvt Ltd.,,Low,Low,Low,Unknown,Unknown,"No domain information is available in the Infopark directory, so software-development relevance cannot be established.",Medium,Promoted to Medium,The Infopark card has no domain information. It is retained as a lower-confidence target rather than excluded without evidence.,Stage 1.2 Reviewed,https://infopark.in/companies-profile/applied-payments-technology-pvt-ltd
Apps Team Technologies Pvt.Ltd.,,Low,Low,Low,Unknown,Unknown,"No domain information is available in the Infopark directory, so software-development relevance cannot be established.",Medium,Promoted to Medium,The Infopark card has no domain information. It is retained as a lower-confidence target rather than excluded without evidence.,Stage 1.2 Reviewed,https://infopark.in/companies-profile/apps-team-technologies-pvt-ltd
Apro IT Solutions Pvt Ltd,,Low,Low,Low,Unknown,Unknown,"No domain information is available in the Infopark directory, so software-development relevance cannot be established.",Medium,Promoted to Medium,The Infopark card has no domain information. It is retained as a lower-confidence target rather than excluded without evidence.,Stage 1.2 Reviewed,https://infopark.in/companies-profile/apro-it-solutions-pvt-ltd
Aptlylabs India Pvt Ltd,UI/UX Design & Development | Cloud Computing | Software Development,High,High,High,Software Development / Cloud / Infrastructure / Digital Technology,"Software Developer, Software Engineer, Application Developer, DevOps / Cloud Engineer",Available Infopark domain information explicitly includes software or application development.,High,Kept High,"Stage 1.1 identifies explicit software, web, mobile, or application-development evidence in the Infopark domain field.",Stage 1.2 Reviewed,https://infopark.in/companies-profile/aptlylabs-india-pvt-ltd
Armia Systems Pvt. Ltd,,Low,Low,Low,Unknown,Unknown,"No domain information is available in the Infopark directory, so software-development relevance cannot be established.",Medium,Promoted to Medium,The Infopark card has no domain information. It is retained as a lower-confidence target rather than excluded without evidence.,Stage 1.2 Reviewed,https://infopark.in/companies-profile/armia-systems-pvt-ltd
Array Platforms Pvt Ltd,,Low,Low,Low,Unknown,Unknown,"No domain information is available in the Infopark directory, so software-development relevance cannot be established.",Medium,Promoted to Medium,The Infopark card has no domain information. It is retained as a lower-confidence target rather than excluded without evidence.,Stage 1.2 Reviewed,https://infopark.in/companies-profile/array-platforms-pvt-ltd
Art Technology and Software.,,Low,Low,Low,Unknown,Unknown,"No domain information is available in the Infopark directory, so software-development relevance cannot be established.",Medium,Promoted to Medium,The Infopark card has no domain information. It is retained as a lower-confidence target rather than excluded without evidence.,Stage 1.2 Reviewed,https://infopark.in/companies-profile/art-technology-and-software
Aspire Systems Digital Private Limited,,Low,Low,Low,Unknown,Unknown,"No domain information is available in the Infopark directory, so software-development relevance cannot be established.",Medium,Promoted to Medium,The Infopark card has no domain information. It is retained as a lower-confidence target rather than excluded without evidence.,Stage 1.2 Reviewed,https://infopark.in/companies-profile/aspire-systems-digital-private-limited
AVENTUS INFORMATICS,,Low,Low,Low,Unknown,Unknown,"No domain information is available in the Infopark directory, so software-development relevance cannot be established.",Medium,Promoted to Medium,The Infopark card has no domain information. It is retained as a lower-confidence target rather than excluded without evidence.,Stage 1.2 Reviewed,https://infopark.in/companies-profile/aventus-informatics
Ayata Commerce Tech Solutions Pvt Ltd,,Low,Low,Low,Unknown,Unknown,"No domain information is available in the Infopark directory, so software-development relevance cannot be established.",Medium,Promoted to Medium,The Infopark card has no domain information. It is retained as a lower-confidence target rather than excluded without evidence.,Stage 1.2 Reviewed,https://infopark.in/companies-profile/ayata-commerce-tech-solutions-pvt-ltd
Banzan Studios,,Low,Low,Low,Unknown,Unknown,"No domain information is available in the Infopark directory, so software-development relevance cannot be established.",Medium,Promoted to Medium,The Infopark card has no domain information. It is retained as a lower-confidence target rather than excluded without evidence.,Stage 1.2 Reviewed,https://infopark.in/companies-profile/banzan-studios
Beinex Consulting Pvt Ltd,,Low,Low,Low,Unknown,Unknown,"No domain information is available in the Infopark directory, so software-development relevance cannot be established.",Medium,Promoted to Medium,The Infopark card has no domain information. It is retained as a lower-confidence target rather than excluded without evidence.,Stage 1.2 Reviewed,https://infopark.in/companies-profile/beinex-consulting-pvt-ltd
Beth Soft Technologies India Private Limited,,Low,Low,Low,Unknown,Unknown,"No domain information is available in the Infopark directory, so software-development relevance cannot be established.",Medium,Promoted to Medium,The Infopark card has no domain information. It is retained as a lower-confidence target rather than excluded without evidence.,Stage 1.2 Reviewed,https://infopark.in/companies-profile/beth-soft-technologies-india-private-limited
Bhooshan's Junior,,Low,Low,Low,Unknown,Unknown,"No domain information is available in the Infopark directory, so software-development relevance cannot be established.",Medium,Promoted to Medium,The Infopark card has no domain information. It is retained as a lower-confidence target rather than excluded without evidence.,Stage 1.2 Reviewed,https://infopark.in/companies-profile/bhooshan-s-junior
BIMEX Engineers,MEP | BIM (Building Information Modeling) Solutions,Low,Low,Low,Other,Unknown,Available Infopark domain information indicates non-software business activity.,Excluded,Excluded,The stated Infopark domain is limited to engineering/BIM/MEP or finance-accounting activity and does not indicate software-development work.,Stage 1.2 Reviewed,https://infopark.in/companies-profile/bimex-engineers
Binaries,,Low,Low,Low,Unknown,Unknown,"No domain information is available in the Infopark directory, so software-development relevance cannot be established.",Medium,Promoted to Medium,The Infopark card has no domain information. It is retained as a lower-confidence target rather than excluded without evidence.,Stage 1.2 Reviewed,https://infopark.in/companies-profile/binaries
BJ Corps Technologies (OPC) Private Limited,,Low,Low,Low,Unknown,Unknown,"No domain information is available in the Infopark directory, so software-development relevance cannot be established.",Medium,Promoted to Medium,The Infopark card has no domain information. It is retained as a lower-confidence target rather than excluded without evidence.,Stage 1.2 Reviewed,https://infopark.in/companies-profile/bj-corps-technologies-opc-private-limited
Braddock Infotech Pvt. Ltd.,,Low,Low,Low,Unknown,Unknown,"No domain information is available in the Infopark directory, so software-development relevance cannot be established.",Medium,Promoted to Medium,The Infopark card has no domain information. It is retained as a lower-confidence target rather than excluded without evidence.,Stage 1.2 Reviewed,https://infopark.in/companies-profile/braddock-infotech-pvt-ltd
Braid Technologies Pvt. Ltd,,Low,Low,Low,Unknown,Unknown,"No domain information is available in the Infopark directory, so software-development relevance cannot be established.",Medium,Promoted to Medium,The Infopark card has no domain information. It is retained as a lower-confidence target rather than excluded without evidence.,Stage 1.2 Reviewed,https://infopark.in/companies-profile/braid-technologies-pvt-ltd
Bramma IT Solutions,,Low,Low,Low,Unknown,Unknown,"No domain information is available in the Infopark directory, so software-development relevance cannot be established.",Medium,Promoted to Medium,The Infopark card has no domain information. It is retained as a lower-confidence target rather than excluded without evidence.,Stage 1.2 Reviewed,https://infopark.in/companies-profile/bramma-it-solutions
Brennan IT India Private Limited,,Low,Low,Low,Unknown,Unknown,"No domain information is available in the Infopark directory, so software-development relevance cannot be established.",Medium,Promoted to Medium,The Infopark card has no domain information. It is retained as a lower-confidence target rather than excluded without evidence.,Stage 1.2 Reviewed,https://infopark.in/companies-profile/brennan-it-india-private-limited
BroadTech IT Solutions Pvt Ltd,,Low,Low,Low,Unknown,Unknown,"No domain information is available in the Infopark directory, so software-development relevance cannot be established.",Medium,Promoted to Medium,The Infopark card has no domain information. It is retained as a lower-confidence target rather than excluded without evidence.,Stage 1.2 Reviewed,https://infopark.in/companies-profile/broadtech-it-solutions-pvt-ltd
Cabot Technology Solutions Pvt. Ltd.,,Low,Low,Low,Unknown,Unknown,"No domain information is available in the Infopark directory, so software-development relevance cannot be established.",Medium,Promoted to Medium,The Infopark card has no domain information. It is retained as a lower-confidence target rather than excluded without evidence.,Stage 1.2 Reviewed,https://infopark.in/companies-profile/cabot-technology-solutions-pvt-ltd
Calpine Group,Artificial Intelligence (AI) / Machine Learning (ML) | Lab Automation | Cheminformatics | Bioinformatics | Life Science,High,Medium,Medium,AI / Machine Learning,Data / AI Engineer,"Available Infopark domain information indicates a technology-focused business, but does not clearly establish software-development work.",Medium,Kept Medium,"The Infopark domain indicates technology-related work, but the saved evidence does not clearly establish central software-development work.",Stage 1.2 Reviewed,https://infopark.in/companies-profile/calpine-group
CareRevenue Technology Pvt. Ltd.,,Low,Low,Low,Unknown,Unknown,"No domain information is available in the Infopark directory, so software-development relevance cannot be established.",Medium,Promoted to Medium,The Infopark card has no domain information. It is retained as a lower-confidence target rather than excluded without evidence.,Stage 1.2 Reviewed,https://infopark.in/companies-profile/carerevenue-technology-pvt-ltd
Carnegie Worldwide Services Pvt Ltd,Back Office & Administrative Services | IT Consulting & Managed Services,High,Medium,Medium,Technology Consulting,Other Technical Role,"Available Infopark domain information indicates a technology-focused business, but does not clearly establish software-development work.",Medium,Kept Medium,"The Infopark domain indicates technology-related work, but the saved evidence does not clearly establish central software-development work.",Stage 1.2 Reviewed,https://infopark.in/companies-profile/carnegie-worldwide-services-pvt-ltd
Cascade Revenue Management Pvt. Ltd,,Low,Low,Low,Unknown,Unknown,"No domain information is available in the Infopark directory, so software-development relevance cannot be established.",Medium,Promoted to Medium,The Infopark card has no domain information. It is retained as a lower-confidence target rather than excluded without evidence.,Stage 1.2 Reviewed,https://infopark.in/companies-profile/cascade-revenue-management-pvt-ltd
Cavli Wireless,,Low,Low,Low,Unknown,Unknown,"No domain information is available in the Infopark directory, so software-development relevance cannot be established.",Medium,Promoted to Medium,The Infopark card has no domain information. It is retained as a lower-confidence target rather than excluded without evidence.,Stage 1.2 Reviewed,https://infopark.in/companies-profile/cavli-wireless
CCS Technologies (P) Ltd,,Low,Low,Low,Unknown,Unknown,"No domain information is available in the Infopark directory, so software-development relevance cannot be established.",Medium,Promoted to Medium,The Infopark card has no domain information. It is retained as a lower-confidence target rather than excluded without evidence.,Stage 1.2 Reviewed,https://infopark.in/companies-profile/ccs-technologies-p-ltd
CEREIV Advisory LLP,,Low,Low,Low,Unknown,Unknown,"No domain information is available in the Infopark directory, so software-development relevance cannot be established.",Medium,Promoted to Medium,The Infopark card has no domain information. It is retained as a lower-confidence target rather than excluded without evidence.,Stage 1.2 Reviewed,https://infopark.in/companies-profile/cereiv-advisory-llp
CHISQUARE LABS,Robotics & Automation | Data Science & Analytics | Cybersecurity | Software Development | Artificial Intelligence (AI) / Machine Learning (ML),High,High,High,Software Development / AI / Machine Learning / Data / Analytics / Cybersecurity,"Software Developer, Software Engineer, Application Developer, Data / AI Engineer",Available Infopark domain information explicitly includes software or application development.,High,Kept High,"Stage 1.1 identifies explicit software, web, mobile, or application-development evidence in the Infopark domain field.",Stage 1.2 Reviewed,https://infopark.in/companies-profile/chisquare-labs
CipherPeak Private Limited,Digital Marketing & Content Services | UI/UX Design & Development | Software Development,High,High,High,Software Development / Digital Technology,"Software Developer, Software Engineer, Application Developer",Available Infopark domain information explicitly includes software or application development.,High,Kept High,"Stage 1.1 identifies explicit software, web, mobile, or application-development evidence in the Infopark domain field.",Stage 1.2 Reviewed,https://infopark.in/companies-profile/cipherpeak-private-limited
Classic Technologies & Business Solutions Pvt. Ltd.,,Low,Low,Low,Unknown,Unknown,"No domain information is available in the Infopark directory, so software-development relevance cannot be established.",Medium,Promoted to Medium,The Infopark card has no domain information. It is retained as a lower-confidence target rather than excluded without evidence.,Stage 1.2 Reviewed,https://infopark.in/companies-profile/classic-technologies-business-solutions-pvt-ltd
ClaySys Technologies Pvt.Ltd,,Low,Low,Low,Unknown,Unknown,"No domain information is available in the Infopark directory, so software-development relevance cannot be established.",Medium,Promoted to Medium,The Infopark card has no domain information. It is retained as a lower-confidence target rather than excluded without evidence.,Stage 1.2 Reviewed,https://infopark.in/companies-profile/claysys-technologies-pvt-ltd
Clevero India Pvt. Ltd.,IT Consulting & Managed Services,High,Medium,Medium,Technology Consulting,Other Technical Role,"Available Infopark domain information indicates a technology-focused business, but does not clearly establish software-development work.",Medium,Kept Medium,"The Infopark domain indicates technology-related work, but the saved evidence does not clearly establish central software-development work.",Stage 1.2 Reviewed,https://infopark.in/companies-profile/clevero-india-pvt-ltd
CloudHouse Technologies Pvt.Ltd,IT Consulting & Managed Services | UI/UX Design & Development | Cloud Computing | Enterprise Solutions | Software Development,High,High,High,Software Development / Cloud / Infrastructure / Technology Consulting / Digital Technology,"Software Developer, Software Engineer, Application Developer, DevOps / Cloud Engineer",Available Infopark domain information explicitly includes software or application development.,High,Kept High,"Stage 1.1 identifies explicit software, web, mobile, or application-development evidence in the Infopark domain field.",Stage 1.2 Reviewed,https://infopark.in/companies-profile/cloudhouse-technologies-pvt-ltd
Cloudium Software Pvt. Ltd.,,Low,Low,Low,Unknown,Unknown,"No domain information is available in the Infopark directory, so software-development relevance cannot be established.",Medium,Promoted to Medium,The Infopark card has no domain information. It is retained as a lower-confidence target rather than excluded without evidence.,Stage 1.2 Reviewed,https://infopark.in/companies-profile/cloudium-software-pvt-ltd
CLOUDVICE,Data Science & Analytics | Cloud Computing | Enterprise Solutions | Software Development | Artificial Intelligence (AI) / Machine Learning (ML),High,High,High,Software Development / AI / Machine Learning / Data / Analytics / Cloud / Infrastructure,"Software Developer, Software Engineer, Application Developer, Data / AI Engineer, DevOps / Cloud Engineer",Available Infopark domain information explicitly includes software or application development.,High,Kept High,"Stage 1.1 identifies explicit software, web, mobile, or application-development evidence in the Infopark domain field.",Stage 1.2 Reviewed,https://infopark.in/companies-profile/cloudvice
CodeDesign Technologies Pvt Ltd,,Low,Low,Low,Unknown,Unknown,"No domain information is available in the Infopark directory, so software-development relevance cannot be established.",Medium,Promoted to Medium,The Infopark card has no domain information. It is retained as a lower-confidence target rather than excluded without evidence.,Stage 1.2 Reviewed,https://infopark.in/companies-profile/codedesign-technologies-pvt-ltd
Codelynks Software Solutions Private Limited,,Low,Low,Low,Unknown,Unknown,"No domain information is available in the Infopark directory, so software-development relevance cannot be established.",Medium,Promoted to Medium,The Infopark card has no domain information. It is retained as a lower-confidence target rather than excluded without evidence.,Stage 1.2 Reviewed,https://infopark.in/companies-profile/codelynks-software-solutions-private-limited
CodeNext Technologies Pvt. Ltd.,,Low,Low,Low,Unknown,Unknown,"No domain information is available in the Infopark directory, so software-development relevance cannot be established.",Medium,Promoted to Medium,The Infopark card has no domain information. It is retained as a lower-confidence target rather than excluded without evidence.,Stage 1.2 Reviewed,https://infopark.in/companies-profile/codenext-technologies-pvt-ltd
Codmeric Infotech Pvt. Ltd.,,Low,Low,Low,Unknown,Unknown,"No domain information is available in the Infopark directory, so software-development relevance cannot be established.",Medium,Promoted to Medium,The Infopark card has no domain information. It is retained as a lower-confidence target rather than excluded without evidence.,Stage 1.2 Reviewed,https://infopark.in/companies-profile/codmeric-infotech-pvt-ltd
Cognicor Technologies Pvt.Ltd,,Low,Low,Low,Unknown,Unknown,"No domain information is available in the Infopark directory, so software-development relevance cannot be established.",Medium,Promoted to Medium,The Infopark card has no domain information. It is retained as a lower-confidence target rather than excluded without evidence.,Stage 1.2 Reviewed,https://infopark.in/companies-profile/cognicor-technologies-pvt-ltd
Cogniwide Technologies Private Limited,Data Science & Analytics | Cloud Computing | Enterprise Solutions | Software Development | Artificial Intelligence (AI) / Machine Learning (ML),High,High,High,Software Development / AI / Machine Learning / Data / Analytics / Cloud / Infrastructure,"Software Developer, Software Engineer, Application Developer, Data / AI Engineer, DevOps / Cloud Engineer",Available Infopark domain information explicitly includes software or application development.,High,Kept High,"Stage 1.1 identifies explicit software, web, mobile, or application-development evidence in the Infopark domain field.",Stage 1.2 Reviewed,https://infopark.in/companies-profile/cogniwide-technologies-private-limited
Cognizant Technology Solutions,,Low,Low,Low,Unknown,Unknown,"No domain information is available in the Infopark directory, so software-development relevance cannot be established.",Medium,Promoted to Medium,The Infopark card has no domain information. It is retained as a lower-confidence target rather than excluded without evidence.,Stage 1.2 Reviewed,https://infopark.in/companies-profile/cognizant-technology-solutions
Coinone Global Solutions Pvt Ltd,,Low,Low,Low,Unknown,Unknown,"No domain information is available in the Infopark directory, so software-development relevance cannot be established.",Medium,Promoted to Medium,The Infopark card has no domain information. It is retained as a lower-confidence target rather than excluded without evidence.,Stage 1.2 Reviewed,https://infopark.in/companies-profile/coinone-global-solutions-pvt-ltd
Conduent Business Services LLP,,Low,Low,Low,Unknown,Unknown,"No domain information is available in the Infopark directory, so software-development relevance cannot be established.",Medium,Promoted to Medium,The Infopark card has no domain information. It is retained as a lower-confidence target rather than excluded without evidence.,Stage 1.2 Reviewed,https://infopark.in/companies-profile/conduent-business-services-llp
Consoul Associates,Digital Trasformation Consulting | Management Consulting,High,Medium,Medium,Technology Consulting,Other Technical Role,"Available Infopark domain information indicates a technology-focused business, but does not clearly establish software-development work.",Medium,Kept Medium,"The Infopark domain indicates technology-related work, but the saved evidence does not clearly establish central software-development work.",Stage 1.2 Reviewed,https://infopark.in/companies-profile/consoul-associates
ContactPoint 360,,Low,Low,Low,Unknown,Unknown,"No domain information is available in the Infopark directory, so software-development relevance cannot be established.",Medium,Promoted to Medium,The Infopark card has no domain information. It is retained as a lower-confidence target rather than excluded without evidence.,Stage 1.2 Reviewed,https://infopark.in/companies-profile/contactpoint-360
CoolMinds Technologies Pvt Ltd.,,Low,Low,Low,Unknown,Unknown,"No domain information is available in the Infopark directory, so software-development relevance cannot be established.",Medium,Promoted to Medium,The Infopark card has no domain information. It is retained as a lower-confidence target rather than excluded without evidence.,Stage 1.2 Reviewed,https://infopark.in/companies-profile/coolminds-technologies-pvt-ltd
Crossgen Technologies,,Low,Low,Low,Unknown,Unknown,"No domain information is available in the Infopark directory, so software-development relevance cannot be established.",Medium,Promoted to Medium,The Infopark card has no domain information. It is retained as a lower-confidence target rather than excluded without evidence.,Stage 1.2 Reviewed,https://infopark.in/companies-profile/crossgen-technologies
CSEIDC TECHNOLOGIES PVT LTD,Software Development,High,High,High,Software Development,"Software Developer, Software Engineer, Application Developer",Available Infopark domain information explicitly includes software or application development.,High,Kept High,"Stage 1.1 identifies explicit software, web, mobile, or application-development evidence in the Infopark domain field.",Stage 1.2 Reviewed,https://infopark.in/companies-profile/cseidc-technologies-pvt-ltd
Cubet Techno Labs Pvt.Ltd,,Low,Low,Low,Unknown,Unknown,"No domain information is available in the Infopark directory, so software-development relevance cannot be established.",Medium,Promoted to Medium,The Infopark card has no domain information. It is retained as a lower-confidence target rather than excluded without evidence.,Stage 1.2 Reviewed,https://infopark.in/companies-profile/cubet-techno-labs-pvt-ltd
Currentware India Pvt Ltd.,,Low,Low,Low,Unknown,Unknown,"No domain information is available in the Infopark directory, so software-development relevance cannot be established.",Medium,Promoted to Medium,The Infopark card has no domain information. It is retained as a lower-confidence target rather than excluded without evidence.,Stage 1.2 Reviewed,https://infopark.in/companies-profile/currentware-india-pvt-ltd
CVS Info Solutions Private Limited,Digital Marketing & Content Services | IT Consulting & Managed Services | UI/UX Design & Development | Enterprise Solutions | Software Development,High,High,High,Software Development / Technology Consulting / Digital Technology,"Software Developer, Software Engineer, Application Developer",Available Infopark domain information explicitly includes software or application development.,High,Kept High,"Stage 1.1 identifies explicit software, web, mobile, or application-development evidence in the Infopark domain field.",Stage 1.2 Reviewed,https://infopark.in/companies-profile/cvs-info-solutions-private-limited
Cyberion Software Solutions Pvt. Ltd,Software Development | Enterprise Solutions | ERP | .Net | AI,High,High,High,Software Development / AI / Machine Learning,"Software Developer, Software Engineer, Application Developer, Data / AI Engineer",Available Infopark domain information explicitly includes software or application development.,High,Kept High,"Stage 1.1 identifies explicit software, web, mobile, or application-development evidence in the Infopark domain field.",Stage 1.2 Reviewed,https://infopark.in/companies-profile/cyberion-software-solutions-pvt-ltd
Cybrosys Technologies Pvt. Ltd.,,Low,Low,Low,Unknown,Unknown,"No domain information is available in the Infopark directory, so software-development relevance cannot be established.",Medium,Promoted to Medium,The Infopark card has no domain information. It is retained as a lower-confidence target rather than excluded without evidence.,Stage 1.2 Reviewed,https://infopark.in/companies-profile/cybrosys-technologies-pvt-ltd
Daddara,,Low,Low,Low,Unknown,Unknown,"No domain information is available in the Infopark directory, so software-development relevance cannot be established.",Medium,Promoted to Medium,The Infopark card has no domain information. It is retained as a lower-confidence target rather than excluded without evidence.,Stage 1.2 Reviewed,https://infopark.in/companies-profile/daddara
Daskalos virtual Academy pvt Limited,,Low,Low,Low,Unknown,Unknown,"No domain information is available in the Infopark directory, so software-development relevance cannot be established.",Medium,Promoted to Medium,The Infopark card has no domain information. It is retained as a lower-confidence target rather than excluded without evidence.,Stage 1.2 Reviewed,https://infopark.in/companies-profile/daskalos-virtual-academy-pvt-limited
Dataequinox,AI,High,Medium,Medium,AI / Machine Learning,Data / AI Engineer,"Available Infopark domain information indicates a technology-focused business, but does not clearly establish software-development work.",Medium,Kept Medium,"The Infopark domain indicates technology-related work, but the saved evidence does not clearly establish central software-development work.",Stage 1.2 Reviewed,https://infopark.in/companies-profile/dataequinox
Datafloat Technologies India Pvt Ltd,,Low,Low,Low,Unknown,Unknown,"No domain information is available in the Infopark directory, so software-development relevance cannot be established.",Medium,Promoted to Medium,The Infopark card has no domain information. It is retained as a lower-confidence target rather than excluded without evidence.,Stage 1.2 Reviewed,https://infopark.in/companies-profile/datafloat-technologies-india-pvt-ltd
DataPMI Technologies LLP,Cloud Computing | Enterprise Solutions | Cybersecurity | Software Development | Artificial Intelligence (AI) / Machine Learning (ML),High,High,High,Software Development / AI / Machine Learning / Cloud / Infrastructure / Cybersecurity,"Software Developer, Software Engineer, Application Developer, Data / AI Engineer, DevOps / Cloud Engineer",Available Infopark domain information explicitly includes software or application development.,High,Kept High,"Stage 1.1 identifies explicit software, web, mobile, or application-development evidence in the Infopark domain field.",Stage 1.2 Reviewed,https://infopark.in/companies-profile/datapmi-technologies-llp
Datum Innovation,,Low,Low,Low,Unknown,Unknown,"No domain information is available in the Infopark directory, so software-development relevance cannot be established.",Medium,Promoted to Medium,The Infopark card has no domain information. It is retained as a lower-confidence target rather than excluded without evidence.,Stage 1.2 Reviewed,https://infopark.in/companies-profile/datum-innovation
DBiz AI Solutions Pvt. Ltd.,IT Consulting & Managed Services | UI/UX Design & Development | Internet of Things (IoT) | Software Development | Artificial Intelligence (AI) / Machine Learning (ML),High,High,High,Software Development / AI / Machine Learning / Technology Consulting / Digital Technology,"Software Developer, Software Engineer, Application Developer, Data / AI Engineer",Available Infopark domain information explicitly includes software or application development.,High,Kept High,"Stage 1.1 identifies explicit software, web, mobile, or application-development evidence in the Infopark domain field.",Stage 1.2 Reviewed,https://infopark.in/companies-profile/dbiz-ai-solutions-pvt-ltd
Dee and Lee Services,,Low,Low,Low,Unknown,Unknown,"No domain information is available in the Infopark directory, so software-development relevance cannot be established.",Medium,Promoted to Medium,The Infopark card has no domain information. It is retained as a lower-confidence target rather than excluded without evidence.,Stage 1.2 Reviewed,https://infopark.in/companies-profile/dee-and-lee-services
Difinity Digital,Robotics & Automation | IT Consulting & Managed Services | Data Science & Analytics | Software Development | Artificial Intelligence (AI) / Machine Learning (ML),High,High,High,Software Development / AI / Machine Learning / Data / Analytics / Technology Consulting,"Software Developer, Software Engineer, Application Developer, Data / AI Engineer",Available Infopark domain information explicitly includes software or application development.,High,Kept High,"Stage 1.1 identifies explicit software, web, mobile, or application-development evidence in the Infopark domain field.",Stage 1.2 Reviewed,https://infopark.in/companies-profile/difinity-digital
Digiora Technologies Pvt.Ltd.,,Low,Low,Low,Unknown,Unknown,"No domain information is available in the Infopark directory, so software-development relevance cannot be established.",Medium,Promoted to Medium,The Infopark card has no domain information. It is retained as a lower-confidence target rather than excluded without evidence.,Stage 1.2 Reviewed,https://infopark.in/companies-profile/digiora-technologies-pvt-ltd
Dimensions Cybertech India Pvt. Ltd.,,Low,Low,Low,Unknown,Unknown,"No domain information is available in the Infopark directory, so software-development relevance cannot be established.",Medium,Promoted to Medium,The Infopark card has no domain information. It is retained as a lower-confidence target rather than excluded without evidence.,Stage 1.2 Reviewed,https://infopark.in/companies-profile/dimensions-cybertech-india-pvt-ltd
Direct7 Telecom Solutions Pvt Ltd,Customer Support & Helpdesk Services | Enterprise Solutions | Communication Platform Service Provider,Low,Low,Low,Other,Unknown,Available Infopark domain information indicates non-software business activity.,Medium,Promoted to Medium,"The stated Infopark domain is technology-adjacent or digital, but direct software-development work is not clearly established.",Stage 1.2 Reviewed,https://infopark.in/companies-profile/direct7-telecom-solutions-pvt-ltd
Distinct Infotech Solutions,IT Consulting & Managed Services,High,Medium,Medium,Technology Consulting,Other Technical Role,"Available Infopark domain information indicates a technology-focused business, but does not clearly establish software-development work.",Medium,Kept Medium,"The Infopark domain indicates technology-related work, but the saved evidence does not clearly establish central software-development work.",Stage 1.2 Reviewed,https://infopark.in/companies-profile/distinct-infotech-solutions
DOCGIANT SERVICES INDIA PVT.LTD.,,Low,Low,Low,Unknown,Unknown,"No domain information is available in the Infopark directory, so software-development relevance cannot be established.",Medium,Promoted to Medium,The Infopark card has no domain information. It is retained as a lower-confidence target rather than excluded without evidence.,Stage 1.2 Reviewed,https://infopark.in/companies-profile/docgiant-services-india-pvt-ltd
Dooth Internet Service Pvt. Ltd.,,Low,Low,Low,Unknown,Unknown,"No domain information is available in the Infopark directory, so software-development relevance cannot be established.",Medium,Promoted to Medium,The Infopark card has no domain information. It is retained as a lower-confidence target rather than excluded without evidence.,Stage 1.2 Reviewed,https://infopark.in/companies-profile/dooth-internet-service-pvt-ltd
Dot In Technologies,Mobile Application Development | AI | IT Consulting & Managed Services,High,High,High,Software Development / Mobile Development / AI / Machine Learning / Technology Consulting,"Software Developer, Software Engineer, Application Developer, Mobile Developer, Data / AI Engineer",Available Infopark domain information explicitly includes software or application development.,High,Kept High,"Stage 1.1 identifies explicit software, web, mobile, or application-development evidence in the Infopark domain field.",Stage 1.2 Reviewed,https://infopark.in/companies-profile/dot-in-technologies
Dynactionize India Pvt Ltd,,Low,Low,Low,Unknown,Unknown,"No domain information is available in the Infopark directory, so software-development relevance cannot be established.",Medium,Promoted to Medium,The Infopark card has no domain information. It is retained as a lower-confidence target rather than excluded without evidence.,Stage 1.2 Reviewed,https://infopark.in/companies-profile/dynactionize-india-pvt-ltd
Dynamed Healthcare Solutions Pvt.Ltd.,,Low,Low,Low,Unknown,Unknown,"No domain information is available in the Infopark directory, so software-development relevance cannot be established.",Medium,Promoted to Medium,The Infopark card has no domain information. It is retained as a lower-confidence target rather than excluded without evidence.,Stage 1.2 Reviewed,https://infopark.in/companies-profile/dynamed-healthcare-solutions-pvt-ltd
Edstem Technologies Pvt Ltd,,Low,Low,Low,Unknown,Unknown,"No domain information is available in the Infopark directory, so software-development relevance cannot be established.",Medium,Promoted to Medium,The Infopark card has no domain information. It is retained as a lower-confidence target rather than excluded without evidence.,Stage 1.2 Reviewed,https://infopark.in/companies-profile/edstem-technologies-pvt-ltd
EGC Global Services India Pvt Ltd,,Low,Low,Low,Unknown,Unknown,"No domain information is available in the Infopark directory, so software-development relevance cannot be established.",Medium,Promoted to Medium,The Infopark card has no domain information. It is retained as a lower-confidence target rather than excluded without evidence.,Stage 1.2 Reviewed,https://infopark.in/companies-profile/egc-global-services-india-pvt-ltd
Electrifex Technologies Pvt. Ltd,,Low,Low,Low,Unknown,Unknown,"No domain information is available in the Infopark directory, so software-development relevance cannot be established.",Medium,Promoted to Medium,The Infopark card has no domain information. It is retained as a lower-confidence target rather than excluded without evidence.,Stage 1.2 Reviewed,https://infopark.in/companies-profile/electrifex-technologies-pvt-ltd
ELEMMENT FAÇADE Pvt Ltd,,Low,Low,Low,Unknown,Unknown,"No domain information is available in the Infopark directory, so software-development relevance cannot be established.",Medium,Promoted to Medium,The Infopark card has no domain information. It is retained as a lower-confidence target rather than excluded without evidence.,Stage 1.2 Reviewed,https://infopark.in/companies-profile/elemment-fa-ade-pvt-ltd
EMATRIX SOFTWARE PRIVATE LIMITED,Customer Support & Helpdesk Services | Finance & Accounting Services | IT Consulting & Managed Services | Enterprise Solutions | Software Development,High,High,High,Software Development / Technology Consulting,"Software Developer, Software Engineer, Application Developer",Available Infopark domain information explicitly includes software or application development.,High,Kept High,"Stage 1.1 identifies explicit software, web, mobile, or application-development evidence in the Infopark domain field.",Stage 1.2 Reviewed,https://infopark.in/companies-profile/ematrix-software-private-limited
Emergio Technologies Pvt Ltd,Game Development,High,High,High,Software Development,"Software Developer, Software Engineer, Application Developer",Available Infopark domain information explicitly includes software or application development.,High,Kept High,"Stage 1.1 identifies explicit software, web, mobile, or application-development evidence in the Infopark domain field.",Stage 1.2 Reviewed,https://infopark.in/companies-profile/emergio-technologies-pvt-ltd
Empay Software Solutions Private Limited,,Low,Low,Low,Unknown,Unknown,"No domain information is available in the Infopark directory, so software-development relevance cannot be established.",Medium,Promoted to Medium,The Infopark card has no domain information. It is retained as a lower-confidence target rather than excluded without evidence.,Stage 1.2 Reviewed,https://infopark.in/companies-profile/empay-software-solutions-private-limited
Empress InfoTech,,Low,Low,Low,Unknown,Unknown,"No domain information is available in the Infopark directory, so software-development relevance cannot be established.",Medium,Promoted to Medium,The Infopark card has no domain information. It is retained as a lower-confidence target rather than excluded without evidence.,Stage 1.2 Reviewed,https://infopark.in/companies-profile/empress-infotech
Emsyne Technologies Private Limited,,Low,Low,Low,Unknown,Unknown,"No domain information is available in the Infopark directory, so software-development relevance cannot be established.",Medium,Promoted to Medium,The Infopark card has no domain information. It is retained as a lower-confidence target rather than excluded without evidence.,Stage 1.2 Reviewed,https://infopark.in/companies-profile/emsyne-technologies-private-limited
Endeion Engineering Services Pvt.Ltd.,,Low,Low,Low,Unknown,Unknown,"No domain information is available in the Infopark directory, so software-development relevance cannot be established.",Medium,Promoted to Medium,The Infopark card has no domain information. It is retained as a lower-confidence target rather than excluded without evidence.,Stage 1.2 Reviewed,https://infopark.in/companies-profile/endeion-engineering-services-pvt-ltd
EnergyScape Renewables LLP,,Low,Low,Low,Unknown,Unknown,"No domain information is available in the Infopark directory, so software-development relevance cannot be established.",Medium,Promoted to Medium,The Infopark card has no domain information. It is retained as a lower-confidence target rather than excluded without evidence.,Stage 1.2 Reviewed,https://infopark.in/companies-profile/energyscape-renewables-llp
Enveetech BIM Solutions Pvt. Ltd.,BIM (Building Information Modeling) Solutions,Low,Low,Low,Other,Unknown,Available Infopark domain information indicates non-software business activity.,Excluded,Excluded,The stated Infopark domain is limited to engineering/BIM/MEP or finance-accounting activity and does not indicate software-development work.,Stage 1.2 Reviewed,https://infopark.in/companies-profile/enveetech-bim-solutions-pvt-ltd
EPI-USE India Pvt.Ltd.,,Low,Low,Low,Unknown,Unknown,"No domain information is available in the Infopark directory, so software-development relevance cannot be established.",Medium,Promoted to Medium,The Infopark card has no domain information. It is retained as a lower-confidence target rather than excluded without evidence.,Stage 1.2 Reviewed,https://infopark.in/companies-profile/epi-use-india-pvt-ltd
Epixel Solutions Pvt Ltd,,Low,Low,Low,Unknown,Unknown,"No domain information is available in the Infopark directory, so software-development relevance cannot be established.",Medium,Promoted to Medium,The Infopark card has no domain information. It is retained as a lower-confidence target rather than excluded without evidence.,Stage 1.2 Reviewed,https://infopark.in/companies-profile/epixel-solutions-pvt-ltd
Eqsoft Business Solutions Pvt Ltd,ERP | Software Development,High,High,High,Software Development,"Software Developer, Software Engineer, Application Developer",Available Infopark domain information explicitly includes software or application development.,High,Kept High,"Stage 1.1 identifies explicit software, web, mobile, or application-development evidence in the Infopark domain field.",Stage 1.2 Reviewed,https://infopark.in/companies-profile/eqsoft-business-solutions-pvt-ltd
Estro Tech Robotics and Innovations Pvt Ltd,Robotics & Automation | Internet of Things (IoT) | Cloud Computing | Software Development | Artificial Intelligence (AI) / Machine Learning (ML),High,High,High,Software Development / AI / Machine Learning / Cloud / Infrastructure,"Software Developer, Software Engineer, Application Developer, Data / AI Engineer, DevOps / Cloud Engineer",Available Infopark domain information explicitly includes software or application development.,High,Kept High,"Stage 1.1 identifies explicit software, web, mobile, or application-development evidence in the Infopark domain field.",Stage 1.2 Reviewed,https://infopark.in/companies-profile/estro-tech-robotics-and-innovations-pvt-ltd
EXACORE IT SOLUTIONS PRIVATE LIMITED,,Low,Low,Low,Unknown,Unknown,"No domain information is available in the Infopark directory, so software-development relevance cannot be established.",Medium,Promoted to Medium,The Infopark card has no domain information. It is retained as a lower-confidence target rather than excluded without evidence.,Stage 1.2 Reviewed,https://infopark.in/companies-profile/exacore-it-solutions-private-limited
Exor India Pvt Ltd.,,Low,Low,Low,Unknown,Unknown,"No domain information is available in the Infopark directory, so software-development relevance cannot be established.",Medium,Promoted to Medium,The Infopark card has no domain information. It is retained as a lower-confidence target rather than excluded without evidence.,Stage 1.2 Reviewed,https://infopark.in/companies-profile/exor-india-pvt-ltd
Expeed Software Private Limited,,Low,Low,Low,Unknown,Unknown,"No domain information is available in the Infopark directory, so software-development relevance cannot be established.",Medium,Promoted to Medium,The Infopark card has no domain information. It is retained as a lower-confidence target rather than excluded without evidence.,Stage 1.2 Reviewed,https://infopark.in/companies-profile/expeed-software-private-limited
Experion Technologies,,Low,Low,Low,Unknown,Unknown,"No domain information is available in the Infopark directory, so software-development relevance cannot be established.",Medium,Promoted to Medium,The Infopark card has no domain information. It is retained as a lower-confidence target rather than excluded without evidence.,Stage 1.2 Reviewed,https://infopark.in/companies-profile/experion-technologies
Exponential Digital Solutions Pvt.Ltd.,,Low,Low,Low,Unknown,Unknown,"No domain information is available in the Infopark directory, so software-development relevance cannot be established.",Medium,Promoted to Medium,The Infopark card has no domain information. It is retained as a lower-confidence target rather than excluded without evidence.,Stage 1.2 Reviewed,https://infopark.in/companies-profile/exponential-digital-solutions-pvt-ltd
Extravelmoney Technosol Private Limited,,Low,Low,Low,Unknown,Unknown,"No domain information is available in the Infopark directory, so software-development relevance cannot be established.",Medium,Promoted to Medium,The Infopark card has no domain information. It is retained as a lower-confidence target rather than excluded without evidence.,Stage 1.2 Reviewed,https://infopark.in/companies-profile/extravelmoney-technosol-private-limited
Facade Global Pvt. Ltd.,,Low,Low,Low,Unknown,Unknown,"No domain information is available in the Infopark directory, so software-development relevance cannot be established.",Medium,Promoted to Medium,The Infopark card has no domain information. It is retained as a lower-confidence target rather than excluded without evidence.,Stage 1.2 Reviewed,https://infopark.in/companies-profile/facade-global-pvt-ltd
FDC Web Technologies Pvt Ltd,,Low,Low,Low,Unknown,Unknown,"No domain information is available in the Infopark directory, so software-development relevance cannot be established.",Medium,Promoted to Medium,The Infopark card has no domain information. It is retained as a lower-confidence target rather than excluded without evidence.,Stage 1.2 Reviewed,https://infopark.in/companies-profile/fdc-web-technologies-pvt-ltd
Feathersoft Info Solutions Private Ltd,,Low,Low,Low,Unknown,Unknown,"No domain information is available in the Infopark directory, so software-development relevance cannot be established.",Medium,Promoted to Medium,The Infopark card has no domain information. It is retained as a lower-confidence target rather than excluded without evidence.,Stage 1.2 Reviewed,https://infopark.in/companies-profile/feathersoft-info-solutions-private-ltd
Federal Operations and Services Ltd (FedServ),Customer Support & Helpdesk Services | Finance & Accounting Services | Networking & IT Infrastructure | Software Development | Artificial Intelligence (AI) / Machine Learning (ML),High,High,High,Software Development / AI / Machine Learning / Cloud / Infrastructure,"Software Developer, Software Engineer, Application Developer, Data / AI Engineer, DevOps / Cloud Engineer",Available Infopark domain information explicitly includes software or application development.,High,Kept High,"Stage 1.1 identifies explicit software, web, mobile, or application-development evidence in the Infopark domain field.",Stage 1.2 Reviewed,https://infopark.in/companies-profile/federal-operations-and-services-ltd-fedserv-1
Fine Destination,Customer Support & Helpdesk Services | IT Consulting & Managed Services | Software Development,High,High,High,Software Development / Technology Consulting,"Software Developer, Software Engineer, Application Developer",Available Infopark domain information explicitly includes software or application development.,High,Kept High,"Stage 1.1 identifies explicit software, web, mobile, or application-development evidence in the Infopark domain field.",Stage 1.2 Reviewed,https://infopark.in/companies-profile/fine-destination
Fingent Global Solutions,,Low,Low,Low,Unknown,Unknown,"No domain information is available in the Infopark directory, so software-development relevance cannot be established.",Medium,Promoted to Medium,The Infopark card has no domain information. It is retained as a lower-confidence target rather than excluded without evidence.,Stage 1.2 Reviewed,https://infopark.in/companies-profile/fingent-global-solutions
FIRMINIQ SYSTEMS,IT Consulting & Managed Services,High,Medium,Medium,Technology Consulting,Other Technical Role,"Available Infopark domain information indicates a technology-focused business, but does not clearly establish software-development work.",Medium,Kept Medium,"The Infopark domain indicates technology-related work, but the saved evidence does not clearly establish central software-development work.",Stage 1.2 Reviewed,https://infopark.in/companies-profile/firminiq-systems
Flycatch Infotech Pvt. Ltd.,Data Science & Analytics | Cloud Computing | Enterprise Solutions | Software Development | Artificial Intelligence (AI) / Machine Learning (ML),High,High,High,Software Development / AI / Machine Learning / Data / Analytics / Cloud / Infrastructure,"Software Developer, Software Engineer, Application Developer, Data / AI Engineer, DevOps / Cloud Engineer",Available Infopark domain information explicitly includes software or application development.,High,Kept High,"Stage 1.1 identifies explicit software, web, mobile, or application-development evidence in the Infopark domain field.",Stage 1.2 Reviewed,https://infopark.in/companies-profile/flycatch-infotech-pvt-ltd
Focal ME Design Solutions Pvt Ltd,BIM (Building Information Modeling) Solutions | Structural & Sustainability | MEP,Low,Low,Low,Other,Unknown,Available Infopark domain information indicates non-software business activity.,Excluded,Excluded,The stated Infopark domain is limited to engineering/BIM/MEP or finance-accounting activity and does not indicate software-development work.,Stage 1.2 Reviewed,https://infopark.in/companies-profile/focal-me-design-solutions-pvt-ltd
Focaloid Technologies Private Limited,,Low,Low,Low,Unknown,Unknown,"No domain information is available in the Infopark directory, so software-development relevance cannot be established.",Medium,Promoted to Medium,The Infopark card has no domain information. It is retained as a lower-confidence target rather than excluded without evidence.,Stage 1.2 Reviewed,https://infopark.in/companies-profile/focaloid-technologies-private-limited
Founding Minds software Pvt.Ltd,,Low,Low,Low,Unknown,Unknown,"No domain information is available in the Infopark directory, so software-development relevance cannot be established.",Medium,Promoted to Medium,The Infopark card has no domain information. It is retained as a lower-confidence target rather than excluded without evidence.,Stage 1.2 Reviewed,https://infopark.in/companies-profile/founding-minds-software-pvt-ltd
Fragomen Immigration Services India Private Limited,,Low,Low,Low,Unknown,Unknown,"No domain information is available in the Infopark directory, so software-development relevance cannot be established.",Medium,Promoted to Medium,The Infopark card has no domain information. It is retained as a lower-confidence target rather than excluded without evidence.,Stage 1.2 Reviewed,https://infopark.in/companies-profile/fragomen-immigration-services-india-private-limited
G10X INDIA PRIVATE LIMITED,,Low,Low,Low,Unknown,Unknown,"No domain information is available in the Infopark directory, so software-development relevance cannot be established.",Medium,Promoted to Medium,The Infopark card has no domain information. It is retained as a lower-confidence target rather than excluded without evidence.,Stage 1.2 Reviewed,https://infopark.in/companies-profile/g10x-india-private-limited
Galactico Express Solutions Pvt. Ltd.,,Low,Low,Low,Unknown,Unknown,"No domain information is available in the Infopark directory, so software-development relevance cannot be established.",Medium,Promoted to Medium,The Infopark card has no domain information. It is retained as a lower-confidence target rather than excluded without evidence.,Stage 1.2 Reviewed,https://infopark.in/companies-profile/galactico-express-solutions-pvt-ltd
GALTech Technologies Pvt Ltd,,Low,Low,Low,Unknown,Unknown,"No domain information is available in the Infopark directory, so software-development relevance cannot be established.",Medium,Promoted to Medium,The Infopark card has no domain information. It is retained as a lower-confidence target rather than excluded without evidence.,Stage 1.2 Reviewed,https://infopark.in/companies-profile/galtech-technologies-pvt-ltd
Gapblue Software Labs Pvt Ltd,,Low,Low,Low,Unknown,Unknown,"No domain information is available in the Infopark directory, so software-development relevance cannot be established.",Medium,Promoted to Medium,The Infopark card has no domain information. It is retained as a lower-confidence target rather than excluded without evidence.,Stage 1.2 Reviewed,https://infopark.in/companies-profile/gapblue-software-labs-pvt-ltd
GEOJIT TECHNOLOGIES PVT LTD,,Low,Low,Low,Unknown,Unknown,"No domain information is available in the Infopark directory, so software-development relevance cannot be established.",Medium,Promoted to Medium,The Infopark card has no domain information. It is retained as a lower-confidence target rather than excluded without evidence.,Stage 1.2 Reviewed,https://infopark.in/companies-profile/geojit-technologies-pvt-ltd
Gewan Info Tech Solutions India Pvt Ltd.,,Low,Low,Low,Unknown,Unknown,"No domain information is available in the Infopark directory, so software-development relevance cannot be established.",Medium,Promoted to Medium,The Infopark card has no domain information. It is retained as a lower-confidence target rather than excluded without evidence.,Stage 1.2 Reviewed,https://infopark.in/companies-profile/gewan-info-tech-solutions-india-pvt-ltd
GIS AXIOM Pvt. Ltd.,,Low,Low,Low,Unknown,Unknown,"No domain information is available in the Infopark directory, so software-development relevance cannot be established.",Medium,Promoted to Medium,The Infopark card has no domain information. It is retained as a lower-confidence target rather than excluded without evidence.,Stage 1.2 Reviewed,https://infopark.in/companies-profile/gis-axiom-pvt-ltd
Gizmeon Technologies Private Limited,Enterprise Solutions | Software Development | Cloud Computing | Artificial Intelligence (AI) / Machine Learning (ML) | Data Science & Analytics,High,High,High,Software Development / AI / Machine Learning / Data / Analytics / Cloud / Infrastructure,"Software Developer, Software Engineer, Application Developer, Data / AI Engineer, DevOps / Cloud Engineer",Available Infopark domain information explicitly includes software or application development.,High,Kept High,"Stage 1.1 identifies explicit software, web, mobile, or application-development evidence in the Infopark domain field.",Stage 1.2 Reviewed,https://infopark.in/companies-profile/gizmeon-technologies-private-limited
Glitz IT Solutions,.Net | AI | Data Science & Analytics | Enterprise Solutions | Software Development,High,High,High,Software Development / AI / Machine Learning / Data / Analytics,"Software Developer, Software Engineer, Application Developer, Data / AI Engineer",Available Infopark domain information explicitly includes software or application development.,High,Kept High,"Stage 1.1 identifies explicit software, web, mobile, or application-development evidence in the Infopark domain field.",Stage 1.2 Reviewed,https://infopark.in/companies-profile/glitz-it-solutions
Global Infonet Inc,,Low,Low,Low,Unknown,Unknown,"No domain information is available in the Infopark directory, so software-development relevance cannot be established.",Medium,Promoted to Medium,The Infopark card has no domain information. It is retained as a lower-confidence target rather than excluded without evidence.,Stage 1.2 Reviewed,https://infopark.in/companies-profile/global-infonet-inc
Global Surf IT Pvt Ltd,Digital Marketing & Content Services | IT Consulting & Managed Services | Networking & IT Infrastructure | UI/UX Design & Development | Software Development,High,High,High,Software Development / Cloud / Infrastructure / Technology Consulting / Digital Technology,"Software Developer, Software Engineer, Application Developer, DevOps / Cloud Engineer",Available Infopark domain information explicitly includes software or application development.,High,Kept High,"Stage 1.1 identifies explicit software, web, mobile, or application-development evidence in the Infopark domain field.",Stage 1.2 Reviewed,https://infopark.in/companies-profile/global-surf-it-pvt-ltd
GRAMPRO BUSINESS SERVICES PVT. LTD,,Low,Low,Low,Unknown,Unknown,"No domain information is available in the Infopark directory, so software-development relevance cannot be established.",Medium,Promoted to Medium,The Infopark card has no domain information. It is retained as a lower-confidence target rather than excluded without evidence.,Stage 1.2 Reviewed,https://infopark.in/companies-profile/grampro-business-services-pvt-ltd
Grapelime Innovations Private Limited.,,Low,Low,Low,Unknown,Unknown,"No domain information is available in the Infopark directory, so software-development relevance cannot be established.",Medium,Promoted to Medium,The Infopark card has no domain information. It is retained as a lower-confidence target rather than excluded without evidence.,Stage 1.2 Reviewed,https://infopark.in/companies-profile/grapelime-innovations-private-limited
Gravity Business Process Private Limited,Finance & Accounting Services | IT Consulting & Managed Services | Digital Marketing & Content Services,High,Medium,Medium,Technology Consulting / Digital Technology,Other Technical Role,"Available Infopark domain information indicates a technology-focused business, but does not clearly establish software-development work.",Medium,Kept Medium,"The Infopark domain indicates technology-related work, but the saved evidence does not clearly establish central software-development work.",Stage 1.2 Reviewed,https://infopark.in/companies-profile/gravity-business-process-private-limited
Greenworld International Enterprise Private Limited,,Low,Low,Low,Unknown,Unknown,"No domain information is available in the Infopark directory, so software-development relevance cannot be established.",Medium,Promoted to Medium,The Infopark card has no domain information. It is retained as a lower-confidence target rather than excluded without evidence.,Stage 1.2 Reviewed,https://infopark.in/companies-profile/greenworld-international-enterprise-private-limited
Grehasoft,,Low,Low,Low,Unknown,Unknown,"No domain information is available in the Infopark directory, so software-development relevance cannot be established.",Medium,Promoted to Medium,The Infopark card has no domain information. It is retained as a lower-confidence target rather than excluded without evidence.,Stage 1.2 Reviewed,https://infopark.in/companies-profile/grehasoft
Griphin Graphics,UI/UX Design & Development | Brand Identity Design,Medium,Medium,Medium,Digital Technology,Other Technical Role,"Available Infopark domain information indicates digital or e-commerce work, but does not clearly establish software-development work.",Medium,Kept Medium,"The Infopark domain indicates technology-related work, but the saved evidence does not clearly establish central software-development work.",Stage 1.2 Reviewed,https://infopark.in/companies-profile/griphin-graphics
HashRoot Technologies Pvt Ltd,,Low,Low,Low,Unknown,Unknown,"No domain information is available in the Infopark directory, so software-development relevance cannot be established.",Medium,Promoted to Medium,The Infopark card has no domain information. It is retained as a lower-confidence target rather than excluded without evidence.,Stage 1.2 Reviewed,https://infopark.in/companies-profile/hashroot-technologies-pvt-ltd
Hatio Innovations Private Limited,,Low,Low,Low,Unknown,Unknown,"No domain information is available in the Infopark directory, so software-development relevance cannot be established.",Medium,Promoted to Medium,The Infopark card has no domain information. It is retained as a lower-confidence target rather than excluded without evidence.,Stage 1.2 Reviewed,https://infopark.in/companies-profile/hatio-innovations-private-limited
Heidelsoft Technologies Private Limited,,Low,Low,Low,Unknown,Unknown,"No domain information is available in the Infopark directory, so software-development relevance cannot be established.",Medium,Promoted to Medium,The Infopark card has no domain information. It is retained as a lower-confidence target rather than excluded without evidence.,Stage 1.2 Reviewed,https://infopark.in/companies-profile/heidelsoft-technologies-private-limited
HH Back Office Services Pvt Ltd,,Low,Low,Low,Unknown,Unknown,"No domain information is available in the Infopark directory, so software-development relevance cannot be established.",Medium,Promoted to Medium,The Infopark card has no domain information. It is retained as a lower-confidence target rather than excluded without evidence.,Stage 1.2 Reviewed,https://infopark.in/companies-profile/hh-back-office-services-pvt-ltd
Hotpack Global,,Low,Low,Low,Unknown,Unknown,"No domain information is available in the Infopark directory, so software-development relevance cannot be established.",Medium,Promoted to Medium,The Infopark card has no domain information. It is retained as a lower-confidence target rather than excluded without evidence.,Stage 1.2 Reviewed,https://infopark.in/companies-profile/hotpack-global
HTIC Global,,Low,Low,Low,Unknown,Unknown,"No domain information is available in the Infopark directory, so software-development relevance cannot be established.",Medium,Promoted to Medium,The Infopark card has no domain information. It is retained as a lower-confidence target rather than excluded without evidence.,Stage 1.2 Reviewed,https://infopark.in/companies-profile/htic-global
Hubbell Burndy India,,Low,Low,Low,Unknown,Unknown,"No domain information is available in the Infopark directory, so software-development relevance cannot be established.",Medium,Promoted to Medium,The Infopark card has no domain information. It is retained as a lower-confidence target rather than excluded without evidence.,Stage 1.2 Reviewed,https://infopark.in/companies-profile/hubbell-burndy-india
IBS Software,,Low,Low,Low,Unknown,Unknown,"No domain information is available in the Infopark directory, so software-development relevance cannot be established.",Medium,Promoted to Medium,The Infopark card has no domain information. It is retained as a lower-confidence target rather than excluded without evidence.,Stage 1.2 Reviewed,https://infopark.in/companies-profile/ibs-software
iCodeBees Private Limited,Software Development | IT Consulting & Managed Services,High,High,High,Software Development / Technology Consulting,"Software Developer, Software Engineer, Application Developer",Available Infopark domain information explicitly includes software or application development.,High,Kept High,"Stage 1.1 identifies explicit software, web, mobile, or application-development evidence in the Infopark domain field.",Stage 1.2 Reviewed,https://infopark.in/companies-profile/icodebees-private-limited
iDatalytics Pvt. Ltd.,,Low,Low,Low,Unknown,Unknown,"No domain information is available in the Infopark directory, so software-development relevance cannot be established.",Medium,Promoted to Medium,The Infopark card has no domain information. It is retained as a lower-confidence target rather than excluded without evidence.,Stage 1.2 Reviewed,https://infopark.in/companies-profile/idatalytics-pvt-ltd
Idea Soft Solutions,UI/UX Design & Development | Software Development,High,High,High,Software Development / Digital Technology,"Software Developer, Software Engineer, Application Developer",Available Infopark domain information explicitly includes software or application development.,High,Kept High,"Stage 1.1 identifies explicit software, web, mobile, or application-development evidence in the Infopark domain field.",Stage 1.2 Reviewed,https://infopark.in/companies-profile/idea-soft-solutions
IdeaGCS Private Limited,IT Consulting & Managed Services,High,Medium,Medium,Technology Consulting,Other Technical Role,"Available Infopark domain information indicates a technology-focused business, but does not clearly establish software-development work.",Medium,Kept Medium,"The Infopark domain indicates technology-related work, but the saved evidence does not clearly establish central software-development work.",Stage 1.2 Reviewed,https://infopark.in/companies-profile/ideagcs-private-limited
IdealMG Educare LLP,EdTech,Low,Low,Low,Unknown,Unknown,Available Infopark domain information does not clearly indicate a software-development focus.,Medium,Promoted to Medium,"The stated Infopark domain is technology-adjacent or digital, but direct software-development work is not clearly established.",Stage 1.2 Reviewed,https://infopark.in/companies-profile/idealmg-educare-llp
iKSANA Engineering & Management Consultants,BIM (Building Information Modeling) Solutions,Low,Low,Low,Other,Unknown,Available Infopark domain information indicates non-software business activity.,Excluded,Excluded,The stated Infopark domain is limited to engineering/BIM/MEP or finance-accounting activity and does not indicate software-development work.,Stage 1.2 Reviewed,https://infopark.in/companies-profile/iksana-engineering-management-consultants
iLeaf Solutions Pvt Ltd.,,Low,Low,Low,Unknown,Unknown,"No domain information is available in the Infopark directory, so software-development relevance cannot be established.",Medium,Promoted to Medium,The Infopark card has no domain information. It is retained as a lower-confidence target rather than excluded without evidence.,Stage 1.2 Reviewed,https://infopark.in/companies-profile/ileaf-solutions-pvt-ltd
Impaqtive Technologies India Pvt Ltd,,Low,Low,Low,Unknown,Unknown,"No domain information is available in the Infopark directory, so software-development relevance cannot be established.",Medium,Promoted to Medium,The Infopark card has no domain information. It is retained as a lower-confidence target rather than excluded without evidence.,Stage 1.2 Reviewed,https://infopark.in/companies-profile/impaqtive-technologies-india-pvt-ltd
In-Tech Group India Private Limited,,Low,Low,Low,Unknown,Unknown,"No domain information is available in the Infopark directory, so software-development relevance cannot be established.",Medium,Promoted to Medium,The Infopark card has no domain information. It is retained as a lower-confidence target rather than excluded without evidence.,Stage 1.2 Reviewed,https://infopark.in/companies-profile/in-tech-group-india-private-limited
InApp Information Technologies India Pvt Ltd,,Low,Low,Low,Unknown,Unknown,"No domain information is available in the Infopark directory, so software-development relevance cannot be established.",Medium,Promoted to Medium,The Infopark card has no domain information. It is retained as a lower-confidence target rather than excluded without evidence.,Stage 1.2 Reviewed,https://infopark.in/companies-profile/inapp-information-technologies-india-pvt-ltd
Incede Technologies Pvt Ltd,,Low,Low,Low,Unknown,Unknown,"No domain information is available in the Infopark directory, so software-development relevance cannot be established.",Medium,Promoted to Medium,The Infopark card has no domain information. It is retained as a lower-confidence target rather than excluded without evidence.,Stage 1.2 Reviewed,https://infopark.in/companies-profile/incede-technologies-pvt-ltd
Indian Institute of Management - Kozhikode,,Low,Low,Low,Unknown,Unknown,"No domain information is available in the Infopark directory, so software-development relevance cannot be established.",Medium,Promoted to Medium,The Infopark card has no domain information. It is retained as a lower-confidence target rather than excluded without evidence.,Stage 1.2 Reviewed,https://infopark.in/companies-profile/indian-institute-of-management-kozhikode
IndustryApps Technologies Pvt Ltd,,Low,Low,Low,Unknown,Unknown,"No domain information is available in the Infopark directory, so software-development relevance cannot be established.",Medium,Promoted to Medium,The Infopark card has no domain information. It is retained as a lower-confidence target rather than excluded without evidence.,Stage 1.2 Reviewed,https://infopark.in/companies-profile/industryapps-technologies-pvt-ltd
InerG Software Innovations Pvt.Ltd.,,Low,Low,Low,Unknown,Unknown,"No domain information is available in the Infopark directory, so software-development relevance cannot be established.",Medium,Promoted to Medium,The Infopark card has no domain information. It is retained as a lower-confidence target rather than excluded without evidence.,Stage 1.2 Reviewed,https://infopark.in/companies-profile/inerg-software-innovations-pvt-ltd
Infintor Solutions LLP,ERP | Enterprise Solutions | Artificial Intelligence (AI) / Machine Learning (ML) | Data Science & Analytics | Digital Trasformation Consulting,High,Medium,Medium,AI / Machine Learning / Data / Analytics / Technology Consulting,Data / AI Engineer,"Available Infopark domain information indicates a technology-focused business, but does not clearly establish software-development work.",Medium,Kept Medium,"The Infopark domain indicates technology-related work, but the saved evidence does not clearly establish central software-development work.",Stage 1.2 Reviewed,https://infopark.in/companies-profile/infintor-solutions-llp
INFOCYLANZ PVT. LTD.,,Low,Low,Low,Unknown,Unknown,"No domain information is available in the Infopark directory, so software-development relevance cannot be established.",Medium,Promoted to Medium,The Infopark card has no domain information. It is retained as a lower-confidence target rather than excluded without evidence.,Stage 1.2 Reviewed,https://infopark.in/companies-profile/infocylanz-pvt-ltd
Infosmart Technologies Private Limited,,Low,Low,Low,Unknown,Unknown,"No domain information is available in the Infopark directory, so software-development relevance cannot be established.",Medium,Promoted to Medium,The Infopark card has no domain information. It is retained as a lower-confidence target rather than excluded without evidence.,Stage 1.2 Reviewed,https://infopark.in/companies-profile/infosmart-technologies-private-limited
Innovature Software Labs (P) Ltd,,Low,Low,Low,Unknown,Unknown,"No domain information is available in the Infopark directory, so software-development relevance cannot be established.",Medium,Promoted to Medium,The Infopark card has no domain information. It is retained as a lower-confidence target rather than excluded without evidence.,Stage 1.2 Reviewed,https://infopark.in/companies-profile/innovature-software-labs-p-ltd
Inntot Technologies Private Limited,,Low,Low,Low,Unknown,Unknown,"No domain information is available in the Infopark directory, so software-development relevance cannot be established.",Medium,Promoted to Medium,The Infopark card has no domain information. It is retained as a lower-confidence target rather than excluded without evidence.,Stage 1.2 Reviewed,https://infopark.in/companies-profile/inntot-technologies-private-limited
Inspired Software Development (India) LLP,,Low,Low,Low,Unknown,Unknown,"No domain information is available in the Infopark directory, so software-development relevance cannot be established.",Medium,Promoted to Medium,The Infopark card has no domain information. It is retained as a lower-confidence target rather than excluded without evidence.,Stage 1.2 Reviewed,https://infopark.in/companies-profile/inspired-software-development-india-llp
Inspirisys Solutions Limited,,Low,Low,Low,Unknown,Unknown,"No domain information is available in the Infopark directory, so software-development relevance cannot be established.",Medium,Promoted to Medium,The Infopark card has no domain information. It is retained as a lower-confidence target rather than excluded without evidence.,Stage 1.2 Reviewed,https://infopark.in/companies-profile/inspirisys-solutions-limited
Inspite Technologies Pvt.Ltd,,Low,Low,Low,Unknown,Unknown,"No domain information is available in the Infopark directory, so software-development relevance cannot be established.",Medium,Promoted to Medium,The Infopark card has no domain information. It is retained as a lower-confidence target rather than excluded without evidence.,Stage 1.2 Reviewed,https://infopark.in/companies-profile/inspite-technologies-pvt-ltd
Intbrains Private Limited,,Low,Low,Low,Unknown,Unknown,"No domain information is available in the Infopark directory, so software-development relevance cannot be established.",Medium,Promoted to Medium,The Infopark card has no domain information. It is retained as a lower-confidence target rather than excluded without evidence.,Stage 1.2 Reviewed,https://infopark.in/companies-profile/intbrains-private-limited
Internland Technology Services Private Limited,,Low,Low,Low,Unknown,Unknown,"No domain information is available in the Infopark directory, so software-development relevance cannot be established.",Medium,Promoted to Medium,The Infopark card has no domain information. It is retained as a lower-confidence target rather than excluded without evidence.,Stage 1.2 Reviewed,https://infopark.in/companies-profile/internland-technology-services-private-limited
IVBM Pvt Ltd,Back Office & Administrative Services | Finance & Accounting Services | Digital Marketing & Content Services | Data Science & Analytics | Software Development,High,High,High,Software Development / Data / Analytics / Digital Technology,"Software Developer, Software Engineer, Application Developer, Data / AI Engineer",Available Infopark domain information explicitly includes software or application development.,High,Kept High,"Stage 1.1 identifies explicit software, web, mobile, or application-development evidence in the Infopark domain field.",Stage 1.2 Reviewed,https://infopark.in/companies-profile/ivbm-pvt-ltd
iWEX Infomatics,Robotics & Automation | IT Consulting & Managed Services | Enterprise Solutions | Software Development | Artificial Intelligence (AI) / Machine Learning (ML),High,High,High,Software Development / AI / Machine Learning / Technology Consulting,"Software Developer, Software Engineer, Application Developer, Data / AI Engineer",Available Infopark domain information explicitly includes software or application development.,High,Kept High,"Stage 1.1 identifies explicit software, web, mobile, or application-development evidence in the Infopark domain field.",Stage 1.2 Reviewed,https://infopark.in/companies-profile/iwex-infomatics
Jachoos Technologies Private Limited,,Low,Low,Low,Unknown,Unknown,"No domain information is available in the Infopark directory, so software-development relevance cannot be established.",Medium,Promoted to Medium,The Infopark card has no domain information. It is retained as a lower-confidence target rather than excluded without evidence.,Stage 1.2 Reviewed,https://infopark.in/companies-profile/jachoos-technologies-private-limited
JK Lucent Pvt Ltd,,Low,Low,Low,Unknown,Unknown,"No domain information is available in the Infopark directory, so software-development relevance cannot be established.",Medium,Promoted to Medium,The Infopark card has no domain information. It is retained as a lower-confidence target rather than excluded without evidence.,Stage 1.2 Reviewed,https://infopark.in/companies-profile/jk-lucent-pvt-ltd
Jobin & Jismi Pvt. Ltd.,,Low,Low,Low,Unknown,Unknown,"No domain information is available in the Infopark directory, so software-development relevance cannot be established.",Medium,Promoted to Medium,The Infopark card has no domain information. It is retained as a lower-confidence target rather than excluded without evidence.,Stage 1.2 Reviewed,https://infopark.in/companies-profile/jobin-jismi-pvt-ltd
Johnkart Online Trade and Services Pvt Ltd,Digital Marketing & Content Services,Low,Low,Low,Digital Technology / Other,Unknown,Available Infopark domain information indicates non-software business activity.,Medium,Promoted to Medium,"The stated Infopark domain is technology-adjacent or digital, but direct software-development work is not clearly established.",Stage 1.2 Reviewed,https://infopark.in/companies-profile/johnkart-online-trade-and-services-pvt-ltd
JohnTuringWatson Software Solutions Pvt Ltd,IT Consulting & Managed Services | UI/UX Design & Development | Cybersecurity | Software Development | Artificial Intelligence (AI) / Machine Learning (ML),High,High,High,Software Development / AI / Machine Learning / Cybersecurity / Technology Consulting / Digital Technology,"Software Developer, Software Engineer, Application Developer, Data / AI Engineer",Available Infopark domain information explicitly includes software or application development.,High,Kept High,"Stage 1.1 identifies explicit software, web, mobile, or application-development evidence in the Infopark domain field.",Stage 1.2 Reviewed,https://infopark.in/companies-profile/johnturingwatson-software-solutions-pvt-ltd
JTSi Technologies India Private Limited,,Low,Low,Low,Unknown,Unknown,"No domain information is available in the Infopark directory, so software-development relevance cannot be established.",Medium,Promoted to Medium,The Infopark card has no domain information. It is retained as a lower-confidence target rather than excluded without evidence.,Stage 1.2 Reviewed,https://infopark.in/companies-profile/jtsi-technologies-india-private-limited
Kakapo Systems India Private Limited,,Low,Low,Low,Unknown,Unknown,"No domain information is available in the Infopark directory, so software-development relevance cannot be established.",Medium,Promoted to Medium,The Infopark card has no domain information. It is retained as a lower-confidence target rather than excluded without evidence.,Stage 1.2 Reviewed,https://infopark.in/companies-profile/kakapo-systems-india-private-limited
Katzion Technology Solutions LLP,,Low,Low,Low,Unknown,Unknown,"No domain information is available in the Infopark directory, so software-development relevance cannot be established.",Medium,Promoted to Medium,The Infopark card has no domain information. It is retained as a lower-confidence target rather than excluded without evidence.,Stage 1.2 Reviewed,https://infopark.in/companies-profile/katzion-technology-solutions-llp
KL Koncepts Lab Media and IT Park,,Low,Low,Low,Unknown,Unknown,"No domain information is available in the Infopark directory, so software-development relevance cannot be established.",Medium,Promoted to Medium,The Infopark card has no domain information. It is retained as a lower-confidence target rather than excluded without evidence.,Stage 1.2 Reviewed,https://infopark.in/companies-profile/kl-koncepts-lab-media-and-it-park
KnowBe4 India Private Limited,,Low,Low,Low,Unknown,Unknown,"No domain information is available in the Infopark directory, so software-development relevance cannot be established.",Medium,Promoted to Medium,The Infopark card has no domain information. It is retained as a lower-confidence target rather than excluded without evidence.,Stage 1.2 Reviewed,https://infopark.in/companies-profile/knowbe4-india-private-limited
KOTT SOFTWARE PRIVATE LIMITED,,Low,Low,Low,Unknown,Unknown,"No domain information is available in the Infopark directory, so software-development relevance cannot be established.",Medium,Promoted to Medium,The Infopark card has no domain information. It is retained as a lower-confidence target rather than excluded without evidence.,Stage 1.2 Reviewed,https://infopark.in/companies-profile/kott-software-private-limited
Krythium Solutions Private Limited,,Low,Low,Low,Unknown,Unknown,"No domain information is available in the Infopark directory, so software-development relevance cannot be established.",Medium,Promoted to Medium,The Infopark card has no domain information. It is retained as a lower-confidence target rather than excluded without evidence.,Stage 1.2 Reviewed,https://infopark.in/companies-profile/krythium-solutions-private-limited
Lanware Solutions,,Low,Low,Low,Unknown,Unknown,"No domain information is available in the Infopark directory, so software-development relevance cannot be established.",Medium,Promoted to Medium,The Infopark card has no domain information. It is retained as a lower-confidence target rather than excluded without evidence.,Stage 1.2 Reviewed,https://infopark.in/companies-profile/lanware-solutions
Linnk Outsource Solutions India Pvt Ltd,IT Consulting & Managed Services | Data Science & Analytics | Enterprise Solutions | Software Development | Artificial Intelligence (AI) / Machine Learning (ML),High,High,High,Software Development / AI / Machine Learning / Data / Analytics / Technology Consulting,"Software Developer, Software Engineer, Application Developer, Data / AI Engineer",Available Infopark domain information explicitly includes software or application development.,High,Kept High,"Stage 1.1 identifies explicit software, web, mobile, or application-development evidence in the Infopark domain field.",Stage 1.2 Reviewed,https://infopark.in/companies-profile/linnk-outsource-solutions-india-pvt-ltd
LINXAS IT CONSULTING PRIVATE LIMITED,,Low,Low,Low,Unknown,Unknown,"No domain information is available in the Infopark directory, so software-development relevance cannot be established.",Medium,Promoted to Medium,The Infopark card has no domain information. It is retained as a lower-confidence target rather than excluded without evidence.,Stage 1.2 Reviewed,https://infopark.in/companies-profile/linxas-it-consulting-private-limited
Lisbell Technologies Pvt Ltd,Data Science & Analytics | Cloud Computing | Cybersecurity | Software Development | Artificial Intelligence (AI) / Machine Learning (ML),High,High,High,Software Development / AI / Machine Learning / Data / Analytics / Cloud / Infrastructure / Cybersecurity,"Software Developer, Software Engineer, Application Developer, Data / AI Engineer, DevOps / Cloud Engineer",Available Infopark domain information explicitly includes software or application development.,High,Kept High,"Stage 1.1 identifies explicit software, web, mobile, or application-development evidence in the Infopark domain field.",Stage 1.2 Reviewed,https://infopark.in/companies-profile/lisbell-technologies-pvt-ltd
LucidPlus Infotech Pvt Ltd,,Low,Low,Low,Unknown,Unknown,"No domain information is available in the Infopark directory, so software-development relevance cannot be established.",Medium,Promoted to Medium,The Infopark card has no domain information. It is retained as a lower-confidence target rather than excluded without evidence.,Stage 1.2 Reviewed,https://infopark.in/companies-profile/lucidplus
Luure.ai LLP,,Low,Low,Low,Unknown,Unknown,"No domain information is available in the Infopark directory, so software-development relevance cannot be established.",Medium,Promoted to Medium,The Infopark card has no domain information. It is retained as a lower-confidence target rather than excluded without evidence.,Stage 1.2 Reviewed,https://infopark.in/companies-profile/luure-ai-llp
Mantle Solutions Private Limited,,Low,Low,Low,Unknown,Unknown,"No domain information is available in the Infopark directory, so software-development relevance cannot be established.",Medium,Promoted to Medium,The Infopark card has no domain information. It is retained as a lower-confidence target rather than excluded without evidence.,Stage 1.2 Reviewed,https://infopark.in/companies-profile/mantle-solutions-private-limited
Mantra IT Solutions,,Low,Low,Low,Unknown,Unknown,"No domain information is available in the Infopark directory, so software-development relevance cannot be established.",Medium,Promoted to Medium,The Infopark card has no domain information. It is retained as a lower-confidence target rather than excluded without evidence.,Stage 1.2 Reviewed,https://infopark.in/companies-profile/mantra-it-solutions
MapleTech Space Pvt Ltd,,Low,Low,Low,Unknown,Unknown,"No domain information is available in the Infopark directory, so software-development relevance cannot be established.",Medium,Promoted to Medium,The Infopark card has no domain information. It is retained as a lower-confidence target rather than excluded without evidence.,Stage 1.2 Reviewed,https://infopark.in/companies-profile/mapletech-space-pvt-ltd
MarketBytes WebWorks Private Limited,,Low,Low,Low,Unknown,Unknown,"No domain information is available in the Infopark directory, so software-development relevance cannot be established.",Medium,Promoted to Medium,The Infopark card has no domain information. It is retained as a lower-confidence target rather than excluded without evidence.,Stage 1.2 Reviewed,https://infopark.in/companies-profile/marketbytes-webworks-private-limited
MARLABS SOFTWARE,,Low,Low,Low,Unknown,Unknown,"No domain information is available in the Infopark directory, so software-development relevance cannot be established.",Medium,Promoted to Medium,The Infopark card has no domain information. It is retained as a lower-confidence target rather than excluded without evidence.,Stage 1.2 Reviewed,https://infopark.in/companies-profile/marlabs-software
Mashuptech,IT Consulting & Managed Services | Software Development | Digital Marketing & Content Services,High,High,High,Software Development / Technology Consulting / Digital Technology,"Software Developer, Software Engineer, Application Developer",Available Infopark domain information explicitly includes software or application development.,High,Kept High,"Stage 1.1 identifies explicit software, web, mobile, or application-development evidence in the Infopark domain field.",Stage 1.2 Reviewed,https://infopark.in/companies-profile/mashuptech
Maxxion Systems Private Limited,,Low,Low,Low,Unknown,Unknown,"No domain information is available in the Infopark directory, so software-development relevance cannot be established.",Medium,Promoted to Medium,The Infopark card has no domain information. It is retained as a lower-confidence target rather than excluded without evidence.,Stage 1.2 Reviewed,https://infopark.in/companies-profile/maxxion-systems-private-limited
McFadyen Digital,,Low,Low,Low,Unknown,Unknown,"No domain information is available in the Infopark directory, so software-development relevance cannot be established.",Medium,Promoted to Medium,The Infopark card has no domain information. It is retained as a lower-confidence target rather than excluded without evidence.,Stage 1.2 Reviewed,https://infopark.in/companies-profile/mcfadyen-digital
Media Systems India,,Low,Low,Low,Unknown,Unknown,"No domain information is available in the Infopark directory, so software-development relevance cannot be established.",Medium,Promoted to Medium,The Infopark card has no domain information. It is retained as a lower-confidence target rather than excluded without evidence.,Stage 1.2 Reviewed,https://infopark.in/companies-profile/media-systems-india
Merabt Technologies Private Limited,ERP | Mobile Application Development | Digital Marketing & Content Services,High,High,High,Software Development / Mobile Development / Digital Technology,"Software Developer, Software Engineer, Application Developer, Mobile Developer",Available Infopark domain information explicitly includes software or application development.,High,Kept High,"Stage 1.1 identifies explicit software, web, mobile, or application-development evidence in the Infopark domain field.",Stage 1.2 Reviewed,https://infopark.in/companies-profile/merabt-technologies-private-limited
MERP Systems Private Limited,,Low,Low,Low,Unknown,Unknown,"No domain information is available in the Infopark directory, so software-development relevance cannot be established.",Medium,Promoted to Medium,The Infopark card has no domain information. It is retained as a lower-confidence target rather than excluded without evidence.,Stage 1.2 Reviewed,https://infopark.in/companies-profile/merp-systems-private-limited
Metclouds Technologies Pvt Ltd,IT Consulting & Managed Services | Cloud Computing | Enterprise Solutions | Software Development,High,High,High,Software Development / Cloud / Infrastructure / Technology Consulting,"Software Developer, Software Engineer, Application Developer, DevOps / Cloud Engineer",Available Infopark domain information explicitly includes software or application development.,High,Kept High,"Stage 1.1 identifies explicit software, web, mobile, or application-development evidence in the Infopark domain field.",Stage 1.2 Reviewed,https://infopark.in/companies-profile/metclouds-technologies-pvt-ltd
Milestone Technologies,,Low,Low,Low,Unknown,Unknown,"No domain information is available in the Infopark directory, so software-development relevance cannot be established.",Medium,Promoted to Medium,The Infopark card has no domain information. It is retained as a lower-confidence target rather than excluded without evidence.,Stage 1.2 Reviewed,https://infopark.in/companies-profile/milestone-technologies
Millennium InfoLogic,,Low,Low,Low,Unknown,Unknown,"No domain information is available in the Infopark directory, so software-development relevance cannot be established.",Medium,Promoted to Medium,The Infopark card has no domain information. It is retained as a lower-confidence target rather than excluded without evidence.,Stage 1.2 Reviewed,https://infopark.in/companies-profile/millennium-infologic
Mindcurv Technology Solutions Pvt. Ltd.,,Low,Low,Low,Unknown,Unknown,"No domain information is available in the Infopark directory, so software-development relevance cannot be established.",Medium,Promoted to Medium,The Infopark card has no domain information. It is retained as a lower-confidence target rather than excluded without evidence.,Stage 1.2 Reviewed,https://infopark.in/companies-profile/mindcurv-technology-solutions-pvt-ltd
MindLabs Consultancy Services LLP,,Low,Low,Low,Unknown,Unknown,"No domain information is available in the Infopark directory, so software-development relevance cannot be established.",Medium,Promoted to Medium,The Infopark card has no domain information. It is retained as a lower-confidence target rather than excluded without evidence.,Stage 1.2 Reviewed,https://infopark.in/companies-profile/mindlabs-consultancy-services-llp
MindLabs Systems Pvt Ltd,Networking & IT Infrastructure | IT Consulting & Managed Services | Software Development | Digital Marketing & Content Services | UI/UX Design & Development,High,High,High,Software Development / Cloud / Infrastructure / Technology Consulting / Digital Technology,"Software Developer, Software Engineer, Application Developer, DevOps / Cloud Engineer",Available Infopark domain information explicitly includes software or application development.,High,Kept High,"Stage 1.1 identifies explicit software, web, mobile, or application-development evidence in the Infopark domain field.",Stage 1.2 Reviewed,https://infopark.in/companies-profile/mindlabs-systems-pvt-ltd
Mitsogo,,Low,Low,Low,Unknown,Unknown,"No domain information is available in the Infopark directory, so software-development relevance cannot be established.",Medium,Promoted to Medium,The Infopark card has no domain information. It is retained as a lower-confidence target rather than excluded without evidence.,Stage 1.2 Reviewed,https://infopark.in/companies-profile/mitsogo
mitz AI Minds Pvt Ltd,,Low,Low,Low,Unknown,Unknown,"No domain information is available in the Infopark directory, so software-development relevance cannot be established.",Medium,Promoted to Medium,The Infopark card has no domain information. It is retained as a lower-confidence target rather than excluded without evidence.,Stage 1.2 Reviewed,https://infopark.in/companies-profile/mitz-ai-minds-pvt-ltd
Mozilor Technologies Pvt. Ltd.,,Low,Low,Low,Unknown,Unknown,"No domain information is available in the Infopark directory, so software-development relevance cannot be established.",Medium,Promoted to Medium,The Infopark card has no domain information. It is retained as a lower-confidence target rather than excluded without evidence.,Stage 1.2 Reviewed,https://infopark.in/companies-profile/mozilor-technologies-pvt-ltd
NAS Infosolutions Pvt Ltd,,Low,Low,Low,Unknown,Unknown,"No domain information is available in the Infopark directory, so software-development relevance cannot be established.",Medium,Promoted to Medium,The Infopark card has no domain information. It is retained as a lower-confidence target rather than excluded without evidence.,Stage 1.2 Reviewed,https://infopark.in/companies-profile/nas-infosolutions-pvt-ltd
Navicater Solutions India Pvt Ltd,,Low,Low,Low,Unknown,Unknown,"No domain information is available in the Infopark directory, so software-development relevance cannot be established.",Medium,Promoted to Medium,The Infopark card has no domain information. It is retained as a lower-confidence target rather than excluded without evidence.,Stage 1.2 Reviewed,https://infopark.in/companies-profile/navicater-solutions-india-pvt-ltd
NDimensionZ Solutions Pvt.Ltd.,,Low,Low,Low,Unknown,Unknown,"No domain information is available in the Infopark directory, so software-development relevance cannot be established.",Medium,Promoted to Medium,The Infopark card has no domain information. It is retained as a lower-confidence target rather than excluded without evidence.,Stage 1.2 Reviewed,https://infopark.in/companies-profile/ndimensionz-solutions-pvt-ltd
Neem Info Solutions Pvt. Ltd.,,Low,Low,Low,Unknown,Unknown,"No domain information is available in the Infopark directory, so software-development relevance cannot be established.",Medium,Promoted to Medium,The Infopark card has no domain information. It is retained as a lower-confidence target rather than excluded without evidence.,Stage 1.2 Reviewed,https://infopark.in/companies-profile/neem-info-solutions-pvt-ltd
Neork Technologies,Robotics & Automation | Internet of Things (IoT) | Enterprise Solutions | Software Development | Artificial Intelligence (AI) / Machine Learning (ML),High,High,High,Software Development / AI / Machine Learning,"Software Developer, Software Engineer, Application Developer, Data / AI Engineer",Available Infopark domain information explicitly includes software or application development.,High,Kept High,"Stage 1.1 identifies explicit software, web, mobile, or application-development evidence in the Infopark domain field.",Stage 1.2 Reviewed,https://infopark.in/companies-profile/neork-technologies
Nesa Software Pvt Ltd,IT Consulting & Managed Services | Internet of Things (IoT) | Data Science & Analytics | Software Development | Artificial Intelligence (AI) / Machine Learning (ML),High,High,High,Software Development / AI / Machine Learning / Data / Analytics / Technology Consulting,"Software Developer, Software Engineer, Application Developer, Data / AI Engineer",Available Infopark domain information explicitly includes software or application development.,High,Kept High,"Stage 1.1 identifies explicit software, web, mobile, or application-development evidence in the Infopark domain field.",Stage 1.2 Reviewed,https://infopark.in/companies-profile/nesa-software-pvt-ltd
Nesote Technologies Pvt Ltd,,Low,Low,Low,Unknown,Unknown,"No domain information is available in the Infopark directory, so software-development relevance cannot be established.",Medium,Promoted to Medium,The Infopark card has no domain information. It is retained as a lower-confidence target rather than excluded without evidence.,Stage 1.2 Reviewed,https://infopark.in/companies-profile/nesote-technologies-pvt-ltd
Nestsoft TechnoMaster PVT LTD,Data Science & Analytics | Artificial Intelligence (AI) / Machine Learning (ML) | Digital Marketing & Content Services | UI/UX Design & Development | Internet of Things (IoT),High,Medium,Medium,AI / Machine Learning / Data / Analytics / Digital Technology,Data / AI Engineer,"Available Infopark domain information indicates a technology-focused business, but does not clearly establish software-development work.",Medium,Kept Medium,"The Infopark domain indicates technology-related work, but the saved evidence does not clearly establish central software-development work.",Stage 1.2 Reviewed,https://infopark.in/companies-profile/nestsoft-technomaster-pvt-ltd
Netlyft Technologies Pvt Ltd,Digital Marketing & Content Services | IT Consulting & Managed Services | UI/UX Design & Development | Internet of Things (IoT) | Software Development,High,High,High,Software Development / Technology Consulting / Digital Technology,"Software Developer, Software Engineer, Application Developer",Available Infopark domain information explicitly includes software or application development.,High,Kept High,"Stage 1.1 identifies explicit software, web, mobile, or application-development evidence in the Infopark domain field.",Stage 1.2 Reviewed,https://infopark.in/companies-profile/netlyft-technologies-pvt-ltd
Netsentries Infosec Solutions Pvt.Ltd.,,Low,Low,Low,Unknown,Unknown,"No domain information is available in the Infopark directory, so software-development relevance cannot be established.",Medium,Promoted to Medium,The Infopark card has no domain information. It is retained as a lower-confidence target rather than excluded without evidence.,Stage 1.2 Reviewed,https://infopark.in/companies-profile/netsentries-infosec-solutions-pvt-ltd
NewAgeSys Solutions (P) Ltd.,Mobile Application Development | IT Consulting & Managed Services | Software Development | Artificial Intelligence (AI) / Machine Learning (ML) | Enterprise Solutions,High,High,High,Software Development / Mobile Development / AI / Machine Learning / Technology Consulting,"Software Developer, Software Engineer, Application Developer, Mobile Developer, Data / AI Engineer",Available Infopark domain information explicitly includes software or application development.,High,Kept High,"Stage 1.1 identifies explicit software, web, mobile, or application-development evidence in the Infopark domain field.",Stage 1.2 Reviewed,https://infopark.in/companies-profile/newagesys-solutions-p-ltd
Next Apps,,Low,Low,Low,Unknown,Unknown,"No domain information is available in the Infopark directory, so software-development relevance cannot be established.",Medium,Promoted to Medium,The Infopark card has no domain information. It is retained as a lower-confidence target rather than excluded without evidence.,Stage 1.2 Reviewed,https://infopark.in/companies-profile/next-apps
Niaway Technologies Pvt Ltd,,Low,Low,Low,Unknown,Unknown,"No domain information is available in the Infopark directory, so software-development relevance cannot be established.",Medium,Promoted to Medium,The Infopark card has no domain information. It is retained as a lower-confidence target rather than excluded without evidence.,Stage 1.2 Reviewed,https://infopark.in/companies-profile/niaway-technologies-pvt-ltd
Niche Techies,IT Consulting & Managed Services | Internet of Things (IoT) | Software Development | Artificial Intelligence (AI) / Machine Learning (ML),High,High,High,Software Development / AI / Machine Learning / Technology Consulting,"Software Developer, Software Engineer, Application Developer, Data / AI Engineer",Available Infopark domain information explicitly includes software or application development.,High,Kept High,"Stage 1.1 identifies explicit software, web, mobile, or application-development evidence in the Infopark domain field.",Stage 1.2 Reviewed,https://infopark.in/companies-profile/niche-techies
Noa Infosolutions LLP,,Low,Low,Low,Unknown,Unknown,"No domain information is available in the Infopark directory, so software-development relevance cannot be established.",Medium,Promoted to Medium,The Infopark card has no domain information. It is retained as a lower-confidence target rather than excluded without evidence.,Stage 1.2 Reviewed,https://infopark.in/companies-profile/noa-infosolutions-llp
NOMD Technologies,,Low,Low,Low,Unknown,Unknown,"No domain information is available in the Infopark directory, so software-development relevance cannot be established.",Medium,Promoted to Medium,The Infopark card has no domain information. It is retained as a lower-confidence target rather than excluded without evidence.,Stage 1.2 Reviewed,https://infopark.in/companies-profile/nomd-technologies
Nuvento Systems Private Limited,,Low,Low,Low,Unknown,Unknown,"No domain information is available in the Infopark directory, so software-development relevance cannot be established.",Medium,Promoted to Medium,The Infopark card has no domain information. It is retained as a lower-confidence target rather than excluded without evidence.,Stage 1.2 Reviewed,https://infopark.in/companies-profile/nuvento-systems-private-limited
Nymbl,,Low,Low,Low,Unknown,Unknown,"No domain information is available in the Infopark directory, so software-development relevance cannot be established.",Medium,Promoted to Medium,The Infopark card has no domain information. It is retained as a lower-confidence target rather than excluded without evidence.,Stage 1.2 Reviewed,https://infopark.in/companies-profile/nymbl
Obidos Technologies (P) Ltd,,Low,Low,Low,Unknown,Unknown,"No domain information is available in the Infopark directory, so software-development relevance cannot be established.",Medium,Promoted to Medium,The Infopark card has no domain information. It is retained as a lower-confidence target rather than excluded without evidence.,Stage 1.2 Reviewed,https://infopark.in/companies-profile/obidos-technologies-p-ltd
Obvious AI Technology Pvt Ltd,,Low,Low,Low,Unknown,Unknown,"No domain information is available in the Infopark directory, so software-development relevance cannot be established.",Medium,Promoted to Medium,The Infopark card has no domain information. It is retained as a lower-confidence target rather than excluded without evidence.,Stage 1.2 Reviewed,https://infopark.in/companies-profile/obvious-ai-technology-pvt-ltd
Offline Human Studios,Game Development,High,High,High,Software Development,"Software Developer, Software Engineer, Application Developer",Available Infopark domain information explicitly includes software or application development.,High,Kept High,"Stage 1.1 identifies explicit software, web, mobile, or application-development evidence in the Infopark domain field.",Stage 1.2 Reviewed,https://infopark.in/companies-profile/offline-human-studios
Onesoft Technologies LLP,,Low,Low,Low,Unknown,Unknown,"No domain information is available in the Infopark directory, so software-development relevance cannot be established.",Medium,Promoted to Medium,The Infopark card has no domain information. It is retained as a lower-confidence target rather than excluded without evidence.,Stage 1.2 Reviewed,https://infopark.in/companies-profile/onesoft-technologies-llp
Opshore Talent Solutions Pvt.Ltd.,,Low,Low,Low,Unknown,Unknown,"No domain information is available in the Infopark directory, so software-development relevance cannot be established.",Medium,Promoted to Medium,The Infopark card has no domain information. It is retained as a lower-confidence target rather than excluded without evidence.,Stage 1.2 Reviewed,https://infopark.in/companies-profile/opshore-talent-solutions-pvt-ltd
Orestes Technologies Pvt Ltd,,Low,Low,Low,Unknown,Unknown,"No domain information is available in the Infopark directory, so software-development relevance cannot be established.",Medium,Promoted to Medium,The Infopark card has no domain information. It is retained as a lower-confidence target rather than excluded without evidence.,Stage 1.2 Reviewed,https://infopark.in/companies-profile/orestes-technologies-pvt-ltd
Origent Technologies,Software Development,High,High,High,Software Development,"Software Developer, Software Engineer, Application Developer",Available Infopark domain information explicitly includes software or application development.,High,Kept High,"Stage 1.1 identifies explicit software, web, mobile, or application-development evidence in the Infopark domain field.",Stage 1.2 Reviewed,https://infopark.in/companies-profile/origent-technologies
Orion India Systems Pvt. Ltd.,,Low,Low,Low,Unknown,Unknown,"No domain information is available in the Infopark directory, so software-development relevance cannot be established.",Medium,Promoted to Medium,The Infopark card has no domain information. It is retained as a lower-confidence target rather than excluded without evidence.,Stage 1.2 Reviewed,https://infopark.in/companies-profile/orion-india-systems-pvt-ltd
Ormeon IT Consulting Pvt Ltd,,Low,Low,Low,Unknown,Unknown,"No domain information is available in the Infopark directory, so software-development relevance cannot be established.",Medium,Promoted to Medium,The Infopark card has no domain information. It is retained as a lower-confidence target rather than excluded without evidence.,Stage 1.2 Reviewed,https://infopark.in/companies-profile/ormeon-it-consulting-pvt-ltd
ORTHOFX PRIVATE LIMITED,,Low,Low,Low,Unknown,Unknown,"No domain information is available in the Infopark directory, so software-development relevance cannot be established.",Medium,Promoted to Medium,The Infopark card has no domain information. It is retained as a lower-confidence target rather than excluded without evidence.,Stage 1.2 Reviewed,https://infopark.in/companies-profile/orthofx-private-limited
Outsource Partners International,,Low,Low,Low,Unknown,Unknown,"No domain information is available in the Infopark directory, so software-development relevance cannot be established.",Medium,Promoted to Medium,The Infopark card has no domain information. It is retained as a lower-confidence target rather than excluded without evidence.,Stage 1.2 Reviewed,https://infopark.in/companies-profile/outsource-partners-international
Overbrook Technology Services (P) Ltd,,Low,Low,Low,Unknown,Unknown,"No domain information is available in the Infopark directory, so software-development relevance cannot be established.",Medium,Promoted to Medium,The Infopark card has no domain information. It is retained as a lower-confidence target rather than excluded without evidence.,Stage 1.2 Reviewed,https://infopark.in/companies-profile/overbrook-technology-services-p-ltd
Pagematics India Pvt. Ltd.,,Low,Low,Low,Unknown,Unknown,"No domain information is available in the Infopark directory, so software-development relevance cannot be established.",Medium,Promoted to Medium,The Infopark card has no domain information. It is retained as a lower-confidence target rather than excluded without evidence.,Stage 1.2 Reviewed,https://infopark.in/companies-profile/pagematics-india-pvt-ltd
PanashiFZCO Technology Solution Private Limited,Robotics & Automation | IT Consulting & Managed Services | UI/UX Design & Development | Artificial Intelligence (AI) / Machine Learning (ML) | Software Development,High,High,High,Software Development / AI / Machine Learning / Technology Consulting / Digital Technology,"Software Developer, Software Engineer, Application Developer, Data / AI Engineer",Available Infopark domain information explicitly includes software or application development.,High,Kept High,"Stage 1.1 identifies explicit software, web, mobile, or application-development evidence in the Infopark domain field.",Stage 1.2 Reviewed,https://infopark.in/companies-profile/panashifzco-technology-solution-private-limited
Paoyaila Animation Studios LLP,,Low,Low,Low,Unknown,Unknown,"No domain information is available in the Infopark directory, so software-development relevance cannot be established.",Medium,Promoted to Medium,The Infopark card has no domain information. It is retained as a lower-confidence target rather than excluded without evidence.,Stage 1.2 Reviewed,https://infopark.in/companies-profile/paoyaila-animation-studios-llp
Paradigm IT Private Limited,BIM (Building Information Modeling) Solutions | Structural & Sustainability,Low,Low,Low,Other,Unknown,Available Infopark domain information indicates non-software business activity.,Excluded,Excluded,The stated Infopark domain is limited to engineering/BIM/MEP or finance-accounting activity and does not indicate software-development work.,Stage 1.2 Reviewed,https://infopark.in/companies-profile/paradigm-it-private-limited
PaulCart E Commerce Pvt. Ltd.,,Low,Low,Low,Unknown,Unknown,"No domain information is available in the Infopark directory, so software-development relevance cannot be established.",Medium,Promoted to Medium,The Infopark card has no domain information. It is retained as a lower-confidence target rather than excluded without evidence.,Stage 1.2 Reviewed,https://infopark.in/companies-profile/paulcart-e-commerce-pvt-ltd
PCS India Private Limited,Back Office & Administrative Services | Enterprise Solutions | Software Development,High,High,High,Software Development,"Software Developer, Software Engineer, Application Developer",Available Infopark domain information explicitly includes software or application development.,High,Kept High,"Stage 1.1 identifies explicit software, web, mobile, or application-development evidence in the Infopark domain field.",Stage 1.2 Reviewed,https://infopark.in/companies-profile/pcs-india-private-limited
Pearlsoft Technologies LLP,,Low,Low,Low,Unknown,Unknown,"No domain information is available in the Infopark directory, so software-development relevance cannot be established.",Medium,Promoted to Medium,The Infopark card has no domain information. It is retained as a lower-confidence target rather than excluded without evidence.,Stage 1.2 Reviewed,https://infopark.in/companies-profile/pearlsoft-technologies-llp
Penguin Data Centre Pvt.Ltd.,,Low,Low,Low,Unknown,Unknown,"No domain information is available in the Infopark directory, so software-development relevance cannot be established.",Medium,Promoted to Medium,The Infopark card has no domain information. It is retained as a lower-confidence target rather than excluded without evidence.,Stage 1.2 Reviewed,https://infopark.in/companies-profile/penguin-data-centre-pvt-ltd
Phases India Technology Solutions Pvt Ltd.,,Low,Low,Low,Unknown,Unknown,"No domain information is available in the Infopark directory, so software-development relevance cannot be established.",Medium,Promoted to Medium,The Infopark card has no domain information. It is retained as a lower-confidence target rather than excluded without evidence.,Stage 1.2 Reviewed,https://infopark.in/companies-profile/phases-india-technology-solutions-pvt-ltd
Pinetech IT Solutions P Ltd,,Low,Low,Low,Unknown,Unknown,"No domain information is available in the Infopark directory, so software-development relevance cannot be established.",Medium,Promoted to Medium,The Infopark card has no domain information. It is retained as a lower-confidence target rather than excluded without evidence.,Stage 1.2 Reviewed,https://infopark.in/companies-profile/pinetech-it-solutions-p-ltd
Pinmicro India Pvt.Ltd.,,Low,Low,Low,Unknown,Unknown,"No domain information is available in the Infopark directory, so software-development relevance cannot be established.",Medium,Promoted to Medium,The Infopark card has no domain information. It is retained as a lower-confidence target rather than excluded without evidence.,Stage 1.2 Reviewed,https://infopark.in/companies-profile/pinmicro-india-pvt-ltd
PiServe Solutions Pvt Ltd,,Low,Low,Low,Unknown,Unknown,"No domain information is available in the Infopark directory, so software-development relevance cannot be established.",Medium,Promoted to Medium,The Infopark card has no domain information. It is retained as a lower-confidence target rather than excluded without evidence.,Stage 1.2 Reviewed,https://infopark.in/companies-profile/piserve-solutions-pvt-ltd
PIT Solutions Private Limited,,Low,Low,Low,Unknown,Unknown,"No domain information is available in the Infopark directory, so software-development relevance cannot be established.",Medium,Promoted to Medium,The Infopark card has no domain information. It is retained as a lower-confidence target rather than excluded without evidence.,Stage 1.2 Reviewed,https://infopark.in/companies-profile/pit-solutions-private-limited
Pixdynamics,,Low,Low,Low,Unknown,Unknown,"No domain information is available in the Infopark directory, so software-development relevance cannot be established.",Medium,Promoted to Medium,The Infopark card has no domain information. It is retained as a lower-confidence target rather than excluded without evidence.,Stage 1.2 Reviewed,https://infopark.in/companies-profile/pixdynamics
Planet Media India ( PMIN Agency Pvt.Ltd.),IT Consulting & Managed Services | Digital Marketing & Content Services | UI/UX Design & Development,High,Medium,Medium,Technology Consulting / Digital Technology,Other Technical Role,"Available Infopark domain information indicates a technology-focused business, but does not clearly establish software-development work.",Medium,Kept Medium,"The Infopark domain indicates technology-related work, but the saved evidence does not clearly establish central software-development work.",Stage 1.2 Reviewed,https://infopark.in/companies-profile/planet-media-india-pmin-agency-pvt-ltd
Portrave Solutions Pvt Ltd,,Low,Low,Low,Unknown,Unknown,"No domain information is available in the Infopark directory, so software-development relevance cannot be established.",Medium,Promoted to Medium,The Infopark card has no domain information. It is retained as a lower-confidence target rather than excluded without evidence.,Stage 1.2 Reviewed,https://infopark.in/companies-profile/portrave-solutions-pvt-ltd
Prevalent AI,,Low,Low,Low,Unknown,Unknown,"No domain information is available in the Infopark directory, so software-development relevance cannot be established.",Medium,Promoted to Medium,The Infopark card has no domain information. It is retained as a lower-confidence target rather than excluded without evidence.,Stage 1.2 Reviewed,https://infopark.in/companies-profile/prevalent-ai
PrimeCrown Technologies (P) Limited,,Low,Low,Low,Unknown,Unknown,"No domain information is available in the Infopark directory, so software-development relevance cannot be established.",Medium,Promoted to Medium,The Infopark card has no domain information. It is retained as a lower-confidence target rather than excluded without evidence.,Stage 1.2 Reviewed,https://infopark.in/companies-profile/primecrown-technologies-p-limited
Privo TechCorp Private Limited,,Low,Low,Low,Unknown,Unknown,"No domain information is available in the Infopark directory, so software-development relevance cannot be established.",Medium,Promoted to Medium,The Infopark card has no domain information. It is retained as a lower-confidence target rather than excluded without evidence.,Stage 1.2 Reviewed,https://infopark.in/companies-profile/privo-techcorp-private-limited
Pueblo Shades Pvt.Ltd,UI/UX Design & Development | Software Development | IT Consulting & Managed Services,High,High,High,Software Development / Technology Consulting / Digital Technology,"Software Developer, Software Engineer, Application Developer",Available Infopark domain information explicitly includes software or application development.,High,Kept High,"Stage 1.1 identifies explicit software, web, mobile, or application-development evidence in the Infopark domain field.",Stage 1.2 Reviewed,https://infopark.in/companies-profile/pueblo-shades-pvt-ltd
Pumex InfoTech Pvt Ltd,Software Development,High,High,High,Software Development,"Software Developer, Software Engineer, Application Developer",Available Infopark domain information explicitly includes software or application development.,High,Kept High,"Stage 1.1 identifies explicit software, web, mobile, or application-development evidence in the Infopark domain field.",Stage 1.2 Reviewed,https://infopark.in/companies-profile/pumex-infotech-pvt-ltd
QBurst Technologies,,Low,Low,Low,Unknown,Unknown,"No domain information is available in the Infopark directory, so software-development relevance cannot be established.",Medium,Promoted to Medium,The Infopark card has no domain information. It is retained as a lower-confidence target rather than excluded without evidence.,Stage 1.2 Reviewed,https://infopark.in/companies-profile/qburst-technologies
QC Verify Private Limited,,Low,Low,Low,Unknown,Unknown,"No domain information is available in the Infopark directory, so software-development relevance cannot be established.",Medium,Promoted to Medium,The Infopark card has no domain information. It is retained as a lower-confidence target rather than excluded without evidence.,Stage 1.2 Reviewed,https://infopark.in/companies-profile/qc-verify-private-limited
Quantum Acumen (QuAnHack Solutions),Cloud Computing | Enterprise Solutions | Cybersecurity | Software Development | Artificial Intelligence (AI) / Machine Learning (ML),High,High,High,Software Development / AI / Machine Learning / Cloud / Infrastructure / Cybersecurity,"Software Developer, Software Engineer, Application Developer, Data / AI Engineer, DevOps / Cloud Engineer",Available Infopark domain information explicitly includes software or application development.,High,Kept High,"Stage 1.1 identifies explicit software, web, mobile, or application-development evidence in the Infopark domain field.",Stage 1.2 Reviewed,https://infopark.in/companies-profile/quantum-acumen-quanhack-solutions
Qubeslab Technologies Private Limited,,Low,Low,Low,Unknown,Unknown,"No domain information is available in the Infopark directory, so software-development relevance cannot be established.",Medium,Promoted to Medium,The Infopark card has no domain information. It is retained as a lower-confidence target rather than excluded without evidence.,Stage 1.2 Reviewed,https://infopark.in/companies-profile/qubeslab-technologies-private-limited
Qubiqon Consulting India Private Limited,IT Consulting & Managed Services | Data Science & Analytics | Cloud Computing | Enterprise Solutions | Artificial Intelligence (AI) / Machine Learning (ML),High,Medium,Medium,AI / Machine Learning / Data / Analytics / Cloud / Infrastructure / Technology Consulting,"Data / AI Engineer, DevOps / Cloud Engineer","Available Infopark domain information indicates a technology-focused business, but does not clearly establish software-development work.",Medium,Kept Medium,"The Infopark domain indicates technology-related work, but the saved evidence does not clearly establish central software-development work.",Stage 1.2 Reviewed,https://infopark.in/companies-profile/qubiqon-consulting-india-private-limited
Quest Global Engineering Services Pvt Ltd,,Low,Low,Low,Unknown,Unknown,"No domain information is available in the Infopark directory, so software-development relevance cannot be established.",Medium,Promoted to Medium,The Infopark card has no domain information. It is retained as a lower-confidence target rather than excluded without evidence.,Stage 1.2 Reviewed,https://infopark.in/companies-profile/quest-global-engineering-services-pvt-ltd
Quper Technologies Pvt. Ltd.,Data Science & Analytics | Cloud Computing | Enterprise Solutions | Software Development | Artificial Intelligence (AI) / Machine Learning (ML),High,High,High,Software Development / AI / Machine Learning / Data / Analytics / Cloud / Infrastructure,"Software Developer, Software Engineer, Application Developer, Data / AI Engineer, DevOps / Cloud Engineer",Available Infopark domain information explicitly includes software or application development.,High,Kept High,"Stage 1.1 identifies explicit software, web, mobile, or application-development evidence in the Infopark domain field.",Stage 1.2 Reviewed,https://infopark.in/companies-profile/quper-technologies-pvt-ltd
Raintech Software Ltd,Networking & IT Infrastructure | Data Science & Analytics | Cybersecurity | Software Development | Artificial Intelligence (AI) / Machine Learning (ML),High,High,High,Software Development / AI / Machine Learning / Data / Analytics / Cloud / Infrastructure / Cybersecurity,"Software Developer, Software Engineer, Application Developer, Data / AI Engineer, DevOps / Cloud Engineer",Available Infopark domain information explicitly includes software or application development.,High,Kept High,"Stage 1.1 identifies explicit software, web, mobile, or application-development evidence in the Infopark domain field.",Stage 1.2 Reviewed,https://infopark.in/companies-profile/raintech-software-ltd
Rainybits Technology Pvt Ltd,,Low,Low,Low,Unknown,Unknown,"No domain information is available in the Infopark directory, so software-development relevance cannot be established.",Medium,Promoted to Medium,The Infopark card has no domain information. It is retained as a lower-confidence target rather than excluded without evidence.,Stage 1.2 Reviewed,https://infopark.in/companies-profile/rainybits-technology-pvt-ltd
RedBlack Technologies Private Limited,,Low,Low,Low,Unknown,Unknown,"No domain information is available in the Infopark directory, so software-development relevance cannot be established.",Medium,Promoted to Medium,The Infopark card has no domain information. It is retained as a lower-confidence target rather than excluded without evidence.,Stage 1.2 Reviewed,https://infopark.in/companies-profile/redblack-technologies-private-limited
Redux (Network Redux),,Low,Low,Low,Unknown,Unknown,"No domain information is available in the Infopark directory, so software-development relevance cannot be established.",Medium,Promoted to Medium,The Infopark card has no domain information. It is retained as a lower-confidence target rather than excluded without evidence.,Stage 1.2 Reviewed,https://infopark.in/companies-profile/redux-network-redux
Regent Global Services (India) Pvt.Ltd.,Digital Marketing & Content Services | IT Consulting & Managed Services | UI/UX Design & Development | Networking & IT Infrastructure | Data Science & Analytics,High,Medium,Medium,Data / Analytics / Cloud / Infrastructure / Technology Consulting / Digital Technology,"Data / AI Engineer, DevOps / Cloud Engineer","Available Infopark domain information indicates a technology-focused business, but does not clearly establish software-development work.",Medium,Kept Medium,"The Infopark domain indicates technology-related work, but the saved evidence does not clearly establish central software-development work.",Stage 1.2 Reviewed,https://infopark.in/companies-profile/regent-global-services-india-pvt-ltd
Retyn Business Solution Pvt. Ltd.,,Low,Low,Low,Unknown,Unknown,"No domain information is available in the Infopark directory, so software-development relevance cannot be established.",Medium,Promoted to Medium,The Infopark card has no domain information. It is retained as a lower-confidence target rather than excluded without evidence.,Stage 1.2 Reviewed,https://infopark.in/companies-profile/retyn-business-solution-pvt-ltd
REXAV LLP,,Low,Low,Low,Unknown,Unknown,"No domain information is available in the Infopark directory, so software-development relevance cannot be established.",Medium,Promoted to Medium,The Infopark card has no domain information. It is retained as a lower-confidence target rather than excluded without evidence.,Stage 1.2 Reviewed,https://infopark.in/companies-profile/rexav-llp
Rextech Studios,Mobile Application Development | AR/VR Solutions & Immersive Technology | Metaverse Development & Virtual Experiences | Game Development,High,High,High,Software Development / Mobile Development,"Software Developer, Software Engineer, Application Developer, Mobile Developer",Available Infopark domain information explicitly includes software or application development.,High,Kept High,"Stage 1.1 identifies explicit software, web, mobile, or application-development evidence in the Infopark domain field.",Stage 1.2 Reviewed,https://infopark.in/companies-profile/rextech-studios
RIOD LOGIC PRIVATE LIMITED,Internet of Things (IoT) | Cloud Computing | Software Development | Artificial Intelligence (AI) / Machine Learning (ML),High,High,High,Software Development / AI / Machine Learning / Cloud / Infrastructure,"Software Developer, Software Engineer, Application Developer, Data / AI Engineer, DevOps / Cloud Engineer",Available Infopark domain information explicitly includes software or application development.,High,Kept High,"Stage 1.1 identifies explicit software, web, mobile, or application-development evidence in the Infopark domain field.",Stage 1.2 Reviewed,https://infopark.in/companies-profile/riod-logic-private-limited
Roberts Design Services,BIM (Building Information Modeling) Solutions | MEP,Low,Low,Low,Other,Unknown,Available Infopark domain information indicates non-software business activity.,Excluded,Excluded,The stated Infopark domain is limited to engineering/BIM/MEP or finance-accounting activity and does not indicate software-development work.,Stage 1.2 Reviewed,https://infopark.in/companies-profile/roberts-design-services
ROGERSOFT,UI/UX Design & Development | IT Consulting & Managed Services | Data Science & Analytics | Software Testing | Digital Marketing & Content Services,High,Medium,Medium,Data / Analytics / Technology Consulting / Digital Technology,"Data / AI Engineer, QA / Software Tester","Available Infopark domain information indicates a technology-focused business, but does not clearly establish software-development work.",Medium,Kept Medium,"The Infopark domain indicates technology-related work, but the saved evidence does not clearly establish central software-development work.",Stage 1.2 Reviewed,https://infopark.in/companies-profile/rogersoft
RUBY SEVEN STUDIOS,,Low,Low,Low,Unknown,Unknown,"No domain information is available in the Infopark directory, so software-development relevance cannot be established.",Medium,Promoted to Medium,The Infopark card has no domain information. It is retained as a lower-confidence target rather than excluded without evidence.,Stage 1.2 Reviewed,https://infopark.in/companies-profile/ruby-seven-studios
SaNDS Lab,,Low,Low,Low,Unknown,Unknown,"No domain information is available in the Infopark directory, so software-development relevance cannot be established.",Medium,Promoted to Medium,The Infopark card has no domain information. It is retained as a lower-confidence target rather than excluded without evidence.,Stage 1.2 Reviewed,https://infopark.in/companies-profile/sands-lab
SayOne Technologies Pvt.Ltd.,,Low,Low,Low,Unknown,Unknown,"No domain information is available in the Infopark directory, so software-development relevance cannot be established.",Medium,Promoted to Medium,The Infopark card has no domain information. It is retained as a lower-confidence target rather than excluded without evidence.,Stage 1.2 Reviewed,https://infopark.in/companies-profile/sayone-technologies-pvt-ltd
SBL Knowledge Services Pvt Ltd,,Low,Low,Low,Unknown,Unknown,"No domain information is available in the Infopark directory, so software-development relevance cannot be established.",Medium,Promoted to Medium,The Infopark card has no domain information. It is retained as a lower-confidence target rather than excluded without evidence.,Stage 1.2 Reviewed,https://infopark.in/companies-profile/sbl-knowledge-services-pvt-ltd
SE-Mentor Solutions,IT Consulting & Managed Services | UI/UX Design & Development | Data Science & Analytics | Software Development | Software Testing,High,High,High,Software Development / Data / Analytics / Technology Consulting / Digital Technology,"Software Developer, Software Engineer, Application Developer, Data / AI Engineer, QA / Software Tester",Available Infopark domain information explicitly includes software or application development.,High,Kept High,"Stage 1.1 identifies explicit software, web, mobile, or application-development evidence in the Infopark domain field.",Stage 1.2 Reviewed,https://infopark.in/companies-profile/se-mentor-solutions
Seeroo IT Solutions,,Low,Low,Low,Unknown,Unknown,"No domain information is available in the Infopark directory, so software-development relevance cannot be established.",Medium,Promoted to Medium,The Infopark card has no domain information. It is retained as a lower-confidence target rather than excluded without evidence.,Stage 1.2 Reviewed,https://infopark.in/companies-profile/seeroo-it-solutions
Seguro Technologies,,Low,Low,Low,Unknown,Unknown,"No domain information is available in the Infopark directory, so software-development relevance cannot be established.",Medium,Promoted to Medium,The Infopark card has no domain information. It is retained as a lower-confidence target rather than excluded without evidence.,Stage 1.2 Reviewed,https://infopark.in/companies-profile/seguro-technologies
SEIDOR Opentrends,,Low,Low,Low,Unknown,Unknown,"No domain information is available in the Infopark directory, so software-development relevance cannot be established.",Medium,Promoted to Medium,The Infopark card has no domain information. It is retained as a lower-confidence target rather than excluded without evidence.,Stage 1.2 Reviewed,https://infopark.in/companies-profile/seidor-opentrends
Senscript Technologies Pvt Ltd,IT Consulting & Managed Services,High,Medium,Medium,Technology Consulting,Other Technical Role,"Available Infopark domain information indicates a technology-focused business, but does not clearly establish software-development work.",Medium,Kept Medium,"The Infopark domain indicates technology-related work, but the saved evidence does not clearly establish central software-development work.",Stage 1.2 Reviewed,https://infopark.in/companies-profile/senscript-technologies-pvt-ltd
Servsys Technology Services India Pvt Ltd,Software Development | IT Consulting & Managed Services,High,High,High,Software Development / Technology Consulting,"Software Developer, Software Engineer, Application Developer",Available Infopark domain information explicitly includes software or application development.,High,Kept High,"Stage 1.1 identifies explicit software, web, mobile, or application-development evidence in the Infopark domain field.",Stage 1.2 Reviewed,https://infopark.in/companies-profile/servsys-technology-services-india-pvt-ltd
Silverbloom Technologies,,Low,Low,Low,Unknown,Unknown,"No domain information is available in the Infopark directory, so software-development relevance cannot be established.",Medium,Promoted to Medium,The Infopark card has no domain information. It is retained as a lower-confidence target rather than excluded without evidence.,Stage 1.2 Reviewed,https://infopark.in/companies-profile/silverbloom-technologies
Simelabs - An Astek Company,,Low,Low,Low,Unknown,Unknown,"No domain information is available in the Infopark directory, so software-development relevance cannot be established.",Medium,Promoted to Medium,The Infopark card has no domain information. It is retained as a lower-confidence target rather than excluded without evidence.,Stage 1.2 Reviewed,https://infopark.in/companies-profile/simelabs-an-astek-company
Skybertech IT Innovation Pvt Ltd,,Low,Low,Low,Unknown,Unknown,"No domain information is available in the Infopark directory, so software-development relevance cannot be established.",Medium,Promoted to Medium,The Infopark card has no domain information. It is retained as a lower-confidence target rather than excluded without evidence.,Stage 1.2 Reviewed,https://infopark.in/companies-profile/skybertech-it-innovation-pvt-ltd
SMEC Automation Pvt Ltd,,Low,Low,Low,Unknown,Unknown,"No domain information is available in the Infopark directory, so software-development relevance cannot be established.",Medium,Promoted to Medium,The Infopark card has no domain information. It is retained as a lower-confidence target rather than excluded without evidence.,Stage 1.2 Reviewed,https://infopark.in/companies-profile/smec-automation-pvt-ltd
SnippetCommerce360 Pvt Ltd,IT Consulting & Managed Services | UI/UX Design & Development | Enterprise Solutions | Software Development | Artificial Intelligence (AI) / Machine Learning (ML),High,High,High,Software Development / AI / Machine Learning / Technology Consulting / Digital Technology,"Software Developer, Software Engineer, Application Developer, Data / AI Engineer",Available Infopark domain information explicitly includes software or application development.,High,Kept High,"Stage 1.1 identifies explicit software, web, mobile, or application-development evidence in the Infopark domain field.",Stage 1.2 Reviewed,https://infopark.in/companies-profile/snippetcommerce360-pvt-ltd
Sofdia Technologies Pvt Ltd,UI/UX Design & Development | Internet of Things (IoT) | Data Science & Analytics | Software Development | Artificial Intelligence (AI) / Machine Learning (ML),High,High,High,Software Development / AI / Machine Learning / Data / Analytics / Digital Technology,"Software Developer, Software Engineer, Application Developer, Data / AI Engineer",Available Infopark domain information explicitly includes software or application development.,High,Kept High,"Stage 1.1 identifies explicit software, web, mobile, or application-development evidence in the Infopark domain field.",Stage 1.2 Reviewed,https://infopark.in/companies-profile/sofdia-technologies-pvt-ltd
Softop Solutions Pvt Ltd,,Low,Low,Low,Unknown,Unknown,"No domain information is available in the Infopark directory, so software-development relevance cannot be established.",Medium,Promoted to Medium,The Infopark card has no domain information. It is retained as a lower-confidence target rather than excluded without evidence.,Stage 1.2 Reviewed,https://infopark.in/companies-profile/softop-solutions-pvt-ltd
Softspace Infotech Pvt Ltd,,Low,Low,Low,Unknown,Unknown,"No domain information is available in the Infopark directory, so software-development relevance cannot be established.",Medium,Promoted to Medium,The Infopark card has no domain information. It is retained as a lower-confidence target rather than excluded without evidence.,Stage 1.2 Reviewed,https://infopark.in/companies-profile/softspace-infotech-pvt-ltd
Soulxes Technologies Pvt Ltd,,Low,Low,Low,Unknown,Unknown,"No domain information is available in the Infopark directory, so software-development relevance cannot be established.",Medium,Promoted to Medium,The Infopark card has no domain information. It is retained as a lower-confidence target rather than excluded without evidence.,Stage 1.2 Reviewed,https://infopark.in/companies-profile/soulxes-technologies-pvt-ltd
SparkSupport Infotech Pvt Ltd,,Low,Low,Low,Unknown,Unknown,"No domain information is available in the Infopark directory, so software-development relevance cannot be established.",Medium,Promoted to Medium,The Infopark card has no domain information. It is retained as a lower-confidence target rather than excluded without evidence.,Stage 1.2 Reviewed,https://infopark.in/companies-profile/sparksupport-infotech-pvt-ltd
Spawoz Technologies Pvt. Ltd.,Software Testing | IT Consulting & Managed Services | UI/UX Design & Development | Software Development,High,High,High,Software Development / Technology Consulting / Digital Technology,"Software Developer, Software Engineer, Application Developer, QA / Software Tester",Available Infopark domain information explicitly includes software or application development.,High,Kept High,"Stage 1.1 identifies explicit software, web, mobile, or application-development evidence in the Infopark domain field.",Stage 1.2 Reviewed,https://infopark.in/companies-profile/spawoz-technologies-pvt-ltd
Speridian Technologies Pvt Ltd,,Low,Low,Low,Unknown,Unknown,"No domain information is available in the Infopark directory, so software-development relevance cannot be established.",Medium,Promoted to Medium,The Infopark card has no domain information. It is retained as a lower-confidence target rather than excluded without evidence.,Stage 1.2 Reviewed,https://infopark.in/companies-profile/speridian-technologies-pvt-ltd
Spiderline Technologies,,Low,Low,Low,Unknown,Unknown,"No domain information is available in the Infopark directory, so software-development relevance cannot be established.",Medium,Promoted to Medium,The Infopark card has no domain information. It is retained as a lower-confidence target rather than excluded without evidence.,Stage 1.2 Reviewed,https://infopark.in/companies-profile/spiderline-technologies
Spiralcode Innovates LLP,IT Consulting & Managed Services | Enterprise Solutions | Software Development,High,High,High,Software Development / Technology Consulting,"Software Developer, Software Engineer, Application Developer",Available Infopark domain information explicitly includes software or application development.,High,Kept High,"Stage 1.1 identifies explicit software, web, mobile, or application-development evidence in the Infopark domain field.",Stage 1.2 Reviewed,https://infopark.in/companies-profile/spiralcode-innovates-llp
SS Consulting,,Low,Low,Low,Unknown,Unknown,"No domain information is available in the Infopark directory, so software-development relevance cannot be established.",Medium,Promoted to Medium,The Infopark card has no domain information. It is retained as a lower-confidence target rather than excluded without evidence.,Stage 1.2 Reviewed,https://infopark.in/companies-profile/ss-consulting
Steigend IT Solutions,,Low,Low,Low,Unknown,Unknown,"No domain information is available in the Infopark directory, so software-development relevance cannot be established.",Medium,Promoted to Medium,The Infopark card has no domain information. It is retained as a lower-confidence target rather than excluded without evidence.,Stage 1.2 Reviewed,https://infopark.in/companies-profile/steigend-it-solutions
Stepping Stone Consultancy Services,,Low,Low,Low,Unknown,Unknown,"No domain information is available in the Infopark directory, so software-development relevance cannot be established.",Medium,Promoted to Medium,The Infopark card has no domain information. It is retained as a lower-confidence target rather than excluded without evidence.,Stage 1.2 Reviewed,https://infopark.in/companies-profile/stepping-stone-consultancy-services
Strands Energy Pvt. Ltd,,Low,Low,Low,Unknown,Unknown,"No domain information is available in the Infopark directory, so software-development relevance cannot be established.",Medium,Promoted to Medium,The Infopark card has no domain information. It is retained as a lower-confidence target rather than excluded without evidence.,Stage 1.2 Reviewed,https://infopark.in/companies-profile/strands-energy-pvt-ltd
Stream Perfect Global Services (SPGS),,Low,Low,Low,Unknown,Unknown,"No domain information is available in the Infopark directory, so software-development relevance cannot be established.",Medium,Promoted to Medium,The Infopark card has no domain information. It is retained as a lower-confidence target rather than excluded without evidence.,Stage 1.2 Reviewed,https://infopark.in/companies-profile/stream-perfect-global-services-spgs
SupportHub360,,Low,Low,Low,Unknown,Unknown,"No domain information is available in the Infopark directory, so software-development relevance cannot be established.",Medium,Promoted to Medium,The Infopark card has no domain information. It is retained as a lower-confidence target rather than excluded without evidence.,Stage 1.2 Reviewed,https://infopark.in/companies-profile/supporthub360
SurveySparrow Pvt Ltd,,Low,Low,Low,Unknown,Unknown,"No domain information is available in the Infopark directory, so software-development relevance cannot be established.",Medium,Promoted to Medium,The Infopark card has no domain information. It is retained as a lower-confidence target rather than excluded without evidence.,Stage 1.2 Reviewed,https://infopark.in/companies-profile/surveysparrow-pvt-ltd
Syriac Consultancy Services Private Limited,,Low,Low,Low,Unknown,Unknown,"No domain information is available in the Infopark directory, so software-development relevance cannot be established.",Medium,Promoted to Medium,The Infopark card has no domain information. It is retained as a lower-confidence target rather than excluded without evidence.,Stage 1.2 Reviewed,https://infopark.in/companies-profile/syriac-consultancy-services-private-limited
SysTalent Software Private Limited,,Low,Low,Low,Unknown,Unknown,"No domain information is available in the Infopark directory, so software-development relevance cannot be established.",Medium,Promoted to Medium,The Infopark card has no domain information. It is retained as a lower-confidence target rather than excluded without evidence.,Stage 1.2 Reviewed,https://infopark.in/companies-profile/systalent-software-private-limited
Talk Digital Pvt. Ltd.,,Low,Low,Low,Unknown,Unknown,"No domain information is available in the Infopark directory, so software-development relevance cannot be established.",Medium,Promoted to Medium,The Infopark card has no domain information. It is retained as a lower-confidence target rather than excluded without evidence.,Stage 1.2 Reviewed,https://infopark.in/companies-profile/talk-digital-pvt-ltd
Tamcherry Technologies Private Limited,,Low,Low,Low,Unknown,Unknown,"No domain information is available in the Infopark directory, so software-development relevance cannot be established.",Medium,Promoted to Medium,The Infopark card has no domain information. It is retained as a lower-confidence target rather than excluded without evidence.,Stage 1.2 Reviewed,https://infopark.in/companies-profile/tamcherry-technologies-private-limited
"Tata Consultancy Services,",,Low,Low,Low,Unknown,Unknown,"No domain information is available in the Infopark directory, so software-development relevance cannot be established.",Medium,Promoted to Medium,The Infopark card has no domain information. It is retained as a lower-confidence target rather than excluded without evidence.,Stage 1.2 Reviewed,https://infopark.in/companies-profile/tata-consultancy-services
TECFORZ INNOVATIONS,,Low,Low,Low,Unknown,Unknown,"No domain information is available in the Infopark directory, so software-development relevance cannot be established.",Medium,Promoted to Medium,The Infopark card has no domain information. It is retained as a lower-confidence target rather than excluded without evidence.,Stage 1.2 Reviewed,https://infopark.in/companies-profile/tecforz-innovations
Tech Aventure,,Low,Low,Low,Unknown,Unknown,"No domain information is available in the Infopark directory, so software-development relevance cannot be established.",Medium,Promoted to Medium,The Infopark card has no domain information. It is retained as a lower-confidence target rather than excluded without evidence.,Stage 1.2 Reviewed,https://infopark.in/companies-profile/tech-aventure
Techfriar Technologies,,Low,Low,Low,Unknown,Unknown,"No domain information is available in the Infopark directory, so software-development relevance cannot be established.",Medium,Promoted to Medium,The Infopark card has no domain information. It is retained as a lower-confidence target rather than excluded without evidence.,Stage 1.2 Reviewed,https://infopark.in/companies-profile/techfriar-technologies
Techgentsia Software Technologies Private Limited,,Low,Low,Low,Unknown,Unknown,"No domain information is available in the Infopark directory, so software-development relevance cannot be established.",Medium,Promoted to Medium,The Infopark card has no domain information. It is retained as a lower-confidence target rather than excluded without evidence.,Stage 1.2 Reviewed,https://infopark.in/companies-profile/techgentsia-software-technologies-private-limited
TechNeurons Consulting Solutions Private Limited,,Low,Low,Low,Unknown,Unknown,"No domain information is available in the Infopark directory, so software-development relevance cannot be established.",Medium,Promoted to Medium,The Infopark card has no domain information. It is retained as a lower-confidence target rather than excluded without evidence.,Stage 1.2 Reviewed,https://infopark.in/companies-profile/techneurons-consulting-solutions-private-limited
Technowave ID Systems PVT.LTD.,,Low,Low,Low,Unknown,Unknown,"No domain information is available in the Infopark directory, so software-development relevance cannot be established.",Medium,Promoted to Medium,The Infopark card has no domain information. It is retained as a lower-confidence target rather than excluded without evidence.,Stage 1.2 Reviewed,https://infopark.in/companies-profile/technowave-id-systems-pvt-ltd
Techpullers Technology Solutions Pvt Ltd.,,Low,Low,Low,Unknown,Unknown,"No domain information is available in the Infopark directory, so software-development relevance cannot be established.",Medium,Promoted to Medium,The Infopark card has no domain information. It is retained as a lower-confidence target rather than excluded without evidence.,Stage 1.2 Reviewed,https://infopark.in/companies-profile/techpullers-technology-solutions-pvt-ltd
TechTaliya Informatics Pvt. Ltd.,,Low,Low,Low,Unknown,Unknown,"No domain information is available in the Infopark directory, so software-development relevance cannot be established.",Medium,Promoted to Medium,The Infopark card has no domain information. It is retained as a lower-confidence target rather than excluded without evidence.,Stage 1.2 Reviewed,https://infopark.in/companies-profile/techtaliya-informatics-pvt-ltd
Techversant Infotech Pvt Ltd,,Low,Low,Low,Unknown,Unknown,"No domain information is available in the Infopark directory, so software-development relevance cannot be established.",Medium,Promoted to Medium,The Infopark card has no domain information. It is retained as a lower-confidence target rather than excluded without evidence.,Stage 1.2 Reviewed,https://infopark.in/companies-profile/techversant-infotech-pvt-ltd
Techware Lab Pvt.Ltd.,,Low,Low,Low,Unknown,Unknown,"No domain information is available in the Infopark directory, so software-development relevance cannot be established.",Medium,Promoted to Medium,The Infopark card has no domain information. It is retained as a lower-confidence target rather than excluded without evidence.,Stage 1.2 Reviewed,https://infopark.in/companies-profile/techware-lab-pvt-ltd
Tecnostac Systems Private Limited,,Low,Low,Low,Unknown,Unknown,"No domain information is available in the Infopark directory, so software-development relevance cannot be established.",Medium,Promoted to Medium,The Infopark card has no domain information. It is retained as a lower-confidence target rather than excluded without evidence.,Stage 1.2 Reviewed,https://infopark.in/companies-profile/tecnostac-systems-private-limited
Telious Technologies Pvt Ltd,,Low,Low,Low,Unknown,Unknown,"No domain information is available in the Infopark directory, so software-development relevance cannot be established.",Medium,Promoted to Medium,The Infopark card has no domain information. It is retained as a lower-confidence target rather than excluded without evidence.,Stage 1.2 Reviewed,https://infopark.in/companies-profile/telious-technologies-pvt-ltd
Terrific Minds Private Limited,,Low,Low,Low,Unknown,Unknown,"No domain information is available in the Infopark directory, so software-development relevance cannot be established.",Medium,Promoted to Medium,The Infopark card has no domain information. It is retained as a lower-confidence target rather than excluded without evidence.,Stage 1.2 Reviewed,https://infopark.in/companies-profile/terrific-minds-private-limited
Testing Mavens Software Pvt Ltd,,Low,Low,Low,Unknown,Unknown,"No domain information is available in the Infopark directory, so software-development relevance cannot be established.",Medium,Promoted to Medium,The Infopark card has no domain information. It is retained as a lower-confidence target rather than excluded without evidence.,Stage 1.2 Reviewed,https://infopark.in/companies-profile/testing-mavens-software-pvt-ltd
TEXIN CONSULTANCY,Finance & Accounting Services,Low,Low,Low,Other,Unknown,Available Infopark domain information indicates non-software business activity.,Excluded,Excluded,The stated Infopark domain is limited to engineering/BIM/MEP or finance-accounting activity and does not indicate software-development work.,Stage 1.2 Reviewed,https://infopark.in/companies-profile/texin-consultancy
Thinkpalm Technologies Pvt.Ltd,,Low,Low,Low,Unknown,Unknown,"No domain information is available in the Infopark directory, so software-development relevance cannot be established.",Medium,Promoted to Medium,The Infopark card has no domain information. It is retained as a lower-confidence target rather than excluded without evidence.,Stage 1.2 Reviewed,https://infopark.in/companies-profile/thinkpalm-technologies-pvt-ltd
Thomsun Infocare LLP,,Low,Low,Low,Unknown,Unknown,"No domain information is available in the Infopark directory, so software-development relevance cannot be established.",Medium,Promoted to Medium,The Infopark card has no domain information. It is retained as a lower-confidence target rather than excluded without evidence.,Stage 1.2 Reviewed,https://infopark.in/companies-profile/thomsun-infocare-llp
ThoughtMinds System Pvt Ltd,IT Consulting & Managed Services | Data Science & Analytics | Software Development | Artificial Intelligence (AI) / Machine Learning (ML) | Enterprise Solutions,High,High,High,Software Development / AI / Machine Learning / Data / Analytics / Technology Consulting,"Software Developer, Software Engineer, Application Developer, Data / AI Engineer",Available Infopark domain information explicitly includes software or application development.,High,Kept High,"Stage 1.1 identifies explicit software, web, mobile, or application-development evidence in the Infopark domain field.",Stage 1.2 Reviewed,https://infopark.in/companies-profile/thoughtminds-system-pvt-ltd
Thriveminds Technologies Pvt. Ltd.,Software Development | Management Consulting | AR/VR Solutions & Immersive Technology | Metaverse Development & Virtual Experiences | Artificial Intelligence (AI) / Machine Learning (ML),High,High,High,Software Development / AI / Machine Learning,"Software Developer, Software Engineer, Application Developer, Data / AI Engineer",Available Infopark domain information explicitly includes software or application development.,High,Kept High,"Stage 1.1 identifies explicit software, web, mobile, or application-development evidence in the Infopark domain field.",Stage 1.2 Reviewed,https://infopark.in/companies-profile/thriveminds-technologies-pvt-ltd
Titan Tech Emirates Pvt Ltd,,Low,Low,Low,Unknown,Unknown,"No domain information is available in the Infopark directory, so software-development relevance cannot be established.",Medium,Promoted to Medium,The Infopark card has no domain information. It is retained as a lower-confidence target rather than excluded without evidence.,Stage 1.2 Reviewed,https://infopark.in/companies-profile/titan-tech-emirates-pvt-ltd
TNP Consultancy Private Limited,Data Science & Analytics | IT Consulting & Managed Services | Software Development,High,High,High,Software Development / Data / Analytics / Technology Consulting,"Software Developer, Software Engineer, Application Developer, Data / AI Engineer",Available Infopark domain information explicitly includes software or application development.,High,Kept High,"Stage 1.1 identifies explicit software, web, mobile, or application-development evidence in the Infopark domain field.",Stage 1.2 Reviewed,https://infopark.in/companies-profile/tnp-consultancy-private-limited
Toobler Technologies Pvt. Ltd.,,Low,Low,Low,Unknown,Unknown,"No domain information is available in the Infopark directory, so software-development relevance cannot be established.",Medium,Promoted to Medium,The Infopark card has no domain information. It is retained as a lower-confidence target rather than excluded without evidence.,Stage 1.2 Reviewed,https://infopark.in/companies-profile/toobler-technologies-pvt-ltd
TouchWorld Technology,,Low,Low,Low,Unknown,Unknown,"No domain information is available in the Infopark directory, so software-development relevance cannot be established.",Medium,Promoted to Medium,The Infopark card has no domain information. It is retained as a lower-confidence target rather than excluded without evidence.,Stage 1.2 Reviewed,https://infopark.in/companies-profile/touchworld-technology
Trafoss Pvt.Ltd,,Low,Low,Low,Unknown,Unknown,"No domain information is available in the Infopark directory, so software-development relevance cannot be established.",Medium,Promoted to Medium,The Infopark card has no domain information. It is retained as a lower-confidence target rather than excluded without evidence.,Stage 1.2 Reviewed,https://infopark.in/companies-profile/trafoss-pvt-ltd
Tranzmeo,,Low,Low,Low,Unknown,Unknown,"No domain information is available in the Infopark directory, so software-development relevance cannot be established.",Medium,Promoted to Medium,The Infopark card has no domain information. It is retained as a lower-confidence target rather than excluded without evidence.,Stage 1.2 Reviewed,https://infopark.in/companies-profile/tranzmeo
Travancore Analytics Pvt.Ltd.,,Low,Low,Low,Unknown,Unknown,"No domain information is available in the Infopark directory, so software-development relevance cannot be established.",Medium,Promoted to Medium,The Infopark card has no domain information. It is retained as a lower-confidence target rather than excluded without evidence.,Stage 1.2 Reviewed,https://infopark.in/companies-profile/travancore-analytics-pvt-ltd
Tukxi India Private Ltd,,Low,Low,Low,Unknown,Unknown,"No domain information is available in the Infopark directory, so software-development relevance cannot be established.",Medium,Promoted to Medium,The Infopark card has no domain information. It is retained as a lower-confidence target rather than excluded without evidence.,Stage 1.2 Reviewed,https://infopark.in/companies-profile/tukxi-india-private-ltd
Turqosoft Solutions Pvt. Ltd.,ERP | Mobile Application Development,High,High,High,Software Development / Mobile Development,"Software Developer, Software Engineer, Application Developer, Mobile Developer",Available Infopark domain information explicitly includes software or application development.,High,Kept High,"Stage 1.1 identifies explicit software, web, mobile, or application-development evidence in the Infopark domain field.",Stage 1.2 Reviewed,https://infopark.in/companies-profile/turqosoft-solutions-pvt-ltd
Tuttifrutti Games Pvt Ltd,,Low,Low,Low,Unknown,Unknown,"No domain information is available in the Infopark directory, so software-development relevance cannot be established.",Medium,Promoted to Medium,The Infopark card has no domain information. It is retained as a lower-confidence target rather than excluded without evidence.,Stage 1.2 Reviewed,https://infopark.in/companies-profile/tuttifrutti-games-pvt-ltd
Unilaw Global Private Limited,UI/UX Design & Development | Networking & IT Infrastructure | Cloud Computing | Enterprise Solutions | Software Development,High,High,High,Software Development / Cloud / Infrastructure / Digital Technology,"Software Developer, Software Engineer, Application Developer, DevOps / Cloud Engineer",Available Infopark domain information explicitly includes software or application development.,High,Kept High,"Stage 1.1 identifies explicit software, web, mobile, or application-development evidence in the Infopark domain field.",Stage 1.2 Reviewed,https://infopark.in/companies-profile/unilaw-global-private-limited
UROLIME,IT Consulting & Managed Services,High,Medium,Medium,Technology Consulting,Other Technical Role,"Available Infopark domain information indicates a technology-focused business, but does not clearly establish software-development work.",Medium,Kept Medium,"The Infopark domain indicates technology-related work, but the saved evidence does not clearly establish central software-development work.",Stage 1.2 Reviewed,https://infopark.in/companies-profile/urolime-technologies-private-limited
US Technology International Pvt Ltd,,Low,Low,Low,Unknown,Unknown,"No domain information is available in the Infopark directory, so software-development relevance cannot be established.",Medium,Promoted to Medium,The Infopark card has no domain information. It is retained as a lower-confidence target rather than excluded without evidence.,Stage 1.2 Reviewed,https://infopark.in/companies-profile/us-technology-international-pvt-ltd
Vaisesika Consulting Private Limited,,Low,Low,Low,Unknown,Unknown,"No domain information is available in the Infopark directory, so software-development relevance cannot be established.",Medium,Promoted to Medium,The Infopark card has no domain information. It is retained as a lower-confidence target rather than excluded without evidence.,Stage 1.2 Reviewed,https://infopark.in/companies-profile/vaisesika-consulting-private-limited
ValueMentor Infosec Pvt. Ltd.,,Low,Low,Low,Unknown,Unknown,"No domain information is available in the Infopark directory, so software-development relevance cannot be established.",Medium,Promoted to Medium,The Infopark card has no domain information. It is retained as a lower-confidence target rather than excluded without evidence.,Stage 1.2 Reviewed,https://infopark.in/companies-profile/valuementor-infosec-pvt-ltd
Varishtha Infotech Services Pvt Ltd.,,Low,Low,Low,Unknown,Unknown,"No domain information is available in the Infopark directory, so software-development relevance cannot be established.",Medium,Promoted to Medium,The Infopark card has no domain information. It is retained as a lower-confidence target rather than excluded without evidence.,Stage 1.2 Reviewed,https://infopark.in/companies-profile/varishtha-infotech-services-pvt-ltd
Veeble SoftTech (P) Ltd.,,Low,Low,Low,Unknown,Unknown,"No domain information is available in the Infopark directory, so software-development relevance cannot be established.",Medium,Promoted to Medium,The Infopark card has no domain information. It is retained as a lower-confidence target rather than excluded without evidence.,Stage 1.2 Reviewed,https://infopark.in/companies-profile/veeble-softtech-p-ltd
"Verteil Technologies Private Limited,",,Low,Low,Low,Unknown,Unknown,"No domain information is available in the Infopark directory, so software-development relevance cannot be established.",Medium,Promoted to Medium,The Infopark card has no domain information. It is retained as a lower-confidence target rather than excluded without evidence.,Stage 1.2 Reviewed,https://infopark.in/companies-profile/verteil-technologies-private-limited
Viewy Digital P(Ltd),AI | Robotics | Open Source,High,Medium,Medium,AI / Machine Learning,Data / AI Engineer,"Available Infopark domain information indicates a technology-focused business, but does not clearly establish software-development work.",Medium,Kept Medium,"The Infopark domain indicates technology-related work, but the saved evidence does not clearly establish central software-development work.",Stage 1.2 Reviewed,https://infopark.in/companies-profile/viewy-digital-p-ltd
Violet Frames,,Low,Low,Low,Unknown,Unknown,"No domain information is available in the Infopark directory, so software-development relevance cannot be established.",Medium,Promoted to Medium,The Infopark card has no domain information. It is retained as a lower-confidence target rather than excluded without evidence.,Stage 1.2 Reviewed,https://infopark.in/companies-profile/violet-frames
VIPoint Solutions Pvt Ltd,,Low,Low,Low,Unknown,Unknown,"No domain information is available in the Infopark directory, so software-development relevance cannot be established.",Medium,Promoted to Medium,The Infopark card has no domain information. It is retained as a lower-confidence target rather than excluded without evidence.,Stage 1.2 Reviewed,https://infopark.in/companies-profile/vipoint-solutions-pvt-ltd
Virtual Impulse Technologies,Software Development | UI/UX Design & Development | Customer Support & Helpdesk Services,High,High,High,Software Development / Digital Technology,"Software Developer, Software Engineer, Application Developer",Available Infopark domain information explicitly includes software or application development.,High,Kept High,"Stage 1.1 identifies explicit software, web, mobile, or application-development evidence in the Infopark domain field.",Stage 1.2 Reviewed,https://infopark.in/companies-profile/virtual-impulse-technologies
Virtual Sys Technologies,,Low,Low,Low,Unknown,Unknown,"No domain information is available in the Infopark directory, so software-development relevance cannot be established.",Medium,Promoted to Medium,The Infopark card has no domain information. It is retained as a lower-confidence target rather than excluded without evidence.,Stage 1.2 Reviewed,https://infopark.in/companies-profile/virtual-sys-technologies
Vistas Global Intellect Private Limited,Customer Support & Helpdesk Services | Finance & Accounting Services | BIM (Building Information Modeling) Solutions | UI/UX Design & Development | Enterprise Solutions,Medium,Medium,Medium,Digital Technology,Other Technical Role,"Available Infopark domain information indicates digital or e-commerce work, but does not clearly establish software-development work.",Medium,Kept Medium,"The Infopark domain indicates technology-related work, but the saved evidence does not clearly establish central software-development work.",Stage 1.2 Reviewed,https://infopark.in/companies-profile/vistas-global-intellect-private-limited
Vivish Technologies Private Limited,Networking & IT Infrastructure | Software Development,High,High,High,Software Development / Cloud / Infrastructure,"Software Developer, Software Engineer, Application Developer, DevOps / Cloud Engineer",Available Infopark domain information explicitly includes software or application development.,High,Kept High,"Stage 1.1 identifies explicit software, web, mobile, or application-development evidence in the Infopark domain field.",Stage 1.2 Reviewed,https://infopark.in/companies-profile/vivish-technologies-private-limited
Vortexen Dynamics,,Low,Low,Low,Unknown,Unknown,"No domain information is available in the Infopark directory, so software-development relevance cannot be established.",Medium,Promoted to Medium,The Infopark card has no domain information. It is retained as a lower-confidence target rather than excluded without evidence.,Stage 1.2 Reviewed,https://infopark.in/companies-profile/vortexen-dynamics
Voxtron Solutions LLP,,Low,Low,Low,Unknown,Unknown,"No domain information is available in the Infopark directory, so software-development relevance cannot be established.",Medium,Promoted to Medium,The Infopark card has no domain information. It is retained as a lower-confidence target rather than excluded without evidence.,Stage 1.2 Reviewed,https://infopark.in/companies-profile/voxtron-solutions-llp
Voyager IT Solutions Pvt Ltd,,Low,Low,Low,Unknown,Unknown,"No domain information is available in the Infopark directory, so software-development relevance cannot be established.",Medium,Promoted to Medium,The Infopark card has no domain information. It is retained as a lower-confidence target rather than excluded without evidence.,Stage 1.2 Reviewed,https://infopark.in/companies-profile/voyager-it-solutions-pvt-ltd
Voyon Technology Pvt Ltd,,Low,Low,Low,Unknown,Unknown,"No domain information is available in the Infopark directory, so software-development relevance cannot be established.",Medium,Promoted to Medium,The Infopark card has no domain information. It is retained as a lower-confidence target rather than excluded without evidence.,Stage 1.2 Reviewed,https://infopark.in/companies-profile/voyon-technology-pvt-ltd
Vtrio Solutions Private Limited,,Low,Low,Low,Unknown,Unknown,"No domain information is available in the Infopark directory, so software-development relevance cannot be established.",Medium,Promoted to Medium,The Infopark card has no domain information. It is retained as a lower-confidence target rather than excluded without evidence.,Stage 1.2 Reviewed,https://infopark.in/companies-profile/vtrio-solutions-private-limited
VVDN Technologies Pvt Ltd,,Low,Low,Low,Unknown,Unknown,"No domain information is available in the Infopark directory, so software-development relevance cannot be established.",Medium,Promoted to Medium,The Infopark card has no domain information. It is retained as a lower-confidence target rather than excluded without evidence.,Stage 1.2 Reviewed,https://infopark.in/companies-profile/vvdn-technologies-pvt-ltd
Wazeefa1 Technologies Pvt. Ltd.,Software Development | Digital Marketing & Content Services | UI/UX Design & Development | IT Consulting & Managed Services,High,High,High,Software Development / Technology Consulting / Digital Technology,"Software Developer, Software Engineer, Application Developer",Available Infopark domain information explicitly includes software or application development.,High,Kept High,"Stage 1.1 identifies explicit software, web, mobile, or application-development evidence in the Infopark domain field.",Stage 1.2 Reviewed,https://infopark.in/companies-profile/wazeefa1-technologies-pvt-ltd
Webandcrafts,,Low,Low,Low,Unknown,Unknown,"No domain information is available in the Infopark directory, so software-development relevance cannot be established.",Medium,Promoted to Medium,The Infopark card has no domain information. It is retained as a lower-confidence target rather than excluded without evidence.,Stage 1.2 Reviewed,https://infopark.in/companies-profile/webandcrafts
Webdura Technologies,,Low,Low,Low,Unknown,Unknown,"No domain information is available in the Infopark directory, so software-development relevance cannot be established.",Medium,Promoted to Medium,The Infopark card has no domain information. It is retained as a lower-confidence target rather than excluded without evidence.,Stage 1.2 Reviewed,https://infopark.in/companies-profile/webdura-technologies
White Rabbit Group,,Low,Low,Low,Unknown,Unknown,"No domain information is available in the Infopark directory, so software-development relevance cannot be established.",Medium,Promoted to Medium,The Infopark card has no domain information. It is retained as a lower-confidence target rather than excluded without evidence.,Stage 1.2 Reviewed,https://infopark.in/companies-profile/white-rabbit-group
Windfall Productions Pvt.Ltd.,,Low,Low,Low,Unknown,Unknown,"No domain information is available in the Infopark directory, so software-development relevance cannot be established.",Medium,Promoted to Medium,The Infopark card has no domain information. It is retained as a lower-confidence target rather than excluded without evidence.,Stage 1.2 Reviewed,https://infopark.in/companies-profile/windfall-productions-pvt-ltd
Wipro Limited,,Low,Low,Low,Unknown,Unknown,"No domain information is available in the Infopark directory, so software-development relevance cannot be established.",Medium,Promoted to Medium,The Infopark card has no domain information. It is retained as a lower-confidence target rather than excluded without evidence.,Stage 1.2 Reviewed,https://infopark.in/companies-profile/wipro-limited
WOC Branding Systems Pvt Ltd,,Low,Low,Low,Unknown,Unknown,"No domain information is available in the Infopark directory, so software-development relevance cannot be established.",Medium,Promoted to Medium,The Infopark card has no domain information. It is retained as a lower-confidence target rather than excluded without evidence.,Stage 1.2 Reviewed,https://infopark.in/companies-profile/woc-branding-systems-pvt-ltd
WORKSENT TECHNOLOGIES PVT LTD,,Low,Low,Low,Unknown,Unknown,"No domain information is available in the Infopark directory, so software-development relevance cannot be established.",Medium,Promoted to Medium,The Infopark card has no domain information. It is retained as a lower-confidence target rather than excluded without evidence.,Stage 1.2 Reviewed,https://infopark.in/companies-profile/worksent-technologies-pvt-ltd
Woxro,,Low,Low,Low,Unknown,Unknown,"No domain information is available in the Infopark directory, so software-development relevance cannot be established.",Medium,Promoted to Medium,The Infopark card has no domain information. It is retained as a lower-confidence target rather than excluded without evidence.,Stage 1.2 Reviewed,https://infopark.in/companies-profile/woxro
Yatnam Technologies,,Low,Low,Low,Unknown,Unknown,"No domain information is available in the Infopark directory, so software-development relevance cannot be established.",Medium,Promoted to Medium,The Infopark card has no domain information. It is retained as a lower-confidence target rather than excluded without evidence.,Stage 1.2 Reviewed,https://infopark.in/companies-profile/yatnam-technologies
Yavun Technologies,,Low,Low,Low,Unknown,Unknown,"No domain information is available in the Infopark directory, so software-development relevance cannot be established.",Medium,Promoted to Medium,The Infopark card has no domain information. It is retained as a lower-confidence target rather than excluded without evidence.,Stage 1.2 Reviewed,https://infopark.in/companies-profile/yavun-technologies
Yellowfish Digital Innovations Pvt Ltd.,ERP | Open Source | AI,High,Medium,Medium,AI / Machine Learning,Data / AI Engineer,"Available Infopark domain information indicates a technology-focused business, but does not clearly establish software-development work.",Medium,Kept Medium,"The Infopark domain indicates technology-related work, but the saved evidence does not clearly establish central software-development work.",Stage 1.2 Reviewed,https://infopark.in/companies-profile/yellowfish-digital-innovations-pvt-ltd
Ynot Infosolutions,,Low,Low,Low,Unknown,Unknown,"No domain information is available in the Infopark directory, so software-development relevance cannot be established.",Medium,Promoted to Medium,The Infopark card has no domain information. It is retained as a lower-confidence target rather than excluded without evidence.,Stage 1.2 Reviewed,https://infopark.in/companies-profile/ynot-infosolutions
YOUGotaGift Pvt Ltd,IT Consulting & Managed Services | UI/UX Design & Development | Networking & IT Infrastructure | Software Development,High,High,High,Software Development / Cloud / Infrastructure / Technology Consulting / Digital Technology,"Software Developer, Software Engineer, Application Developer, DevOps / Cloud Engineer",Available Infopark domain information explicitly includes software or application development.,High,Kept High,"Stage 1.1 identifies explicit software, web, mobile, or application-development evidence in the Infopark domain field.",Stage 1.2 Reviewed,https://infopark.in/companies-profile/yougotagift-pvt-ltd
Zapare Technologies Private Limited,,Low,Low,Low,Unknown,Unknown,"No domain information is available in the Infopark directory, so software-development relevance cannot be established.",Medium,Promoted to Medium,The Infopark card has no domain information. It is retained as a lower-confidence target rather than excluded without evidence.,Stage 1.2 Reviewed,https://infopark.in/companies-profile/zapare-technologies-private-limited
Zealogics IT Solutions,,Low,Low,Low,Unknown,Unknown,"No domain information is available in the Infopark directory, so software-development relevance cannot be established.",Medium,Promoted to Medium,The Infopark card has no domain information. It is retained as a lower-confidence target rather than excluded without evidence.,Stage 1.2 Reviewed,https://infopark.in/companies-profile/zealogics-it-solutions
Zellis HR India Pvt.Ltd.,,Low,Low,Low,Unknown,Unknown,"No domain information is available in the Infopark directory, so software-development relevance cannot be established.",Medium,Promoted to Medium,The Infopark card has no domain information. It is retained as a lower-confidence target rather than excluded without evidence.,Stage 1.2 Reviewed,https://infopark.in/companies-profile/zellis-hr-india-pvt-ltd
Zinbay India Pvt.Ltd.,,Low,Low,Low,Unknown,Unknown,"No domain information is available in the Infopark directory, so software-development relevance cannot be established.",Medium,Promoted to Medium,The Infopark card has no domain information. It is retained as a lower-confidence target rather than excluded without evidence.,Stage 1.2 Reviewed,https://infopark.in/companies-profile/zinbay-india-pvt-ltd
ZineMind Technologies,,Low,Low,Low,Unknown,Unknown,"No domain information is available in the Infopark directory, so software-development relevance cannot be established.",Medium,Promoted to Medium,The Infopark card has no domain information. It is retained as a lower-confidence target rather than excluded without evidence.,Stage 1.2 Reviewed,https://infopark.in/companies-profile/zinemind-technologies
Zoiteckh Informations Solutions,,Low,Low,Low,Unknown,Unknown,"No domain information is available in the Infopark directory, so software-development relevance cannot be established.",Medium,Promoted to Medium,The Infopark card has no domain information. It is retained as a lower-confidence target rather than excluded without evidence.,Stage 1.2 Reviewed,https://infopark.in/companies-profile/zoiteckh-informations-solutions
