company_name,phone,website,domain,infopark_profile_url,infopark_job_url,source_url,location,it_relevance,developer_relevance,primary_technology_area,relevant_roles,priority,job_match_reason,email_angle,research_status,notes,final_priority,final_review_reason,stage1_2_status,contact_name,designation,email,email_category,contact_priority,contact_source_url,source_type,source_context,source_confidence,contact_quality,discovery_status,stage2_research_status,research_notes
2Base Technologies Pvt Ltd,,www.2basetechnologies.com,AI | Artificial Intelligence (AI) / Machine Learning (ML) | Software Development | Mobile Application Development | Internet of Things (IoT),https://infopark.in/companies-profile/2base-technologies-pvt-ltd,https://infopark.in/jobs/312,https://infopark.in/companies,,High,High,Software Development / Mobile Development / AI / Machine Learning,"Software Developer, Software Engineer, Application Developer, Mobile Developer, Data / AI Engineer",High,Available Infopark domain information explicitly includes software or application development.,Developer / Software Engineer application,Stage 1.1 Classified,,High,"Stage 1.1 identifies explicit software, web, mobile, or application-development evidence in the Infopark domain field.",Stage 1.2 Reviewed,,,careers@2basetechnologies.com,Careers,Primary,https://infopark.in/companies-profile/2base-technologies-pvt-ltd,Official Infopark Directory,Publicly published functional business email on this page.,High,Hiring Relevant,Email Found,Completed - Email Found,
2Hats Logic Solutions Pvt. Ltd.,0484 487 8903,www.2hatslogic.com,,https://infopark.in/companies-profile/2hats-logic-solutions-pvt-ltd,https://infopark.in/jobs/182,https://infopark.in/companies,,Low,Low,Unknown,Unknown,Low,"No domain information is available in the Infopark directory, so software-development relevance cannot be established.",Not a developer target,Stage 1.1 Classified,Domain field is blank; developer relevance is uncertain from available directory data.,Medium,The Infopark card has no domain information. It is retained as a lower-confidence target rather than excluded without evidence.,Stage 1.2 Reviewed,,,hr@2hatslogic.com,HR,Primary,https://infopark.in/companies-profile/2hats-logic-solutions-pvt-ltd,Official Infopark Directory,Publicly published functional business email on this page.,High,Hiring Relevant,Email Found,Completed - Email Found,
42Square Technologies,8078186103,www.42square.ai,,https://infopark.in/companies-profile/42square-technologies,https://infopark.in/jobs/317,https://infopark.in/companies,,Low,Low,Unknown,Unknown,Low,"No domain information is available in the Infopark directory, so software-development relevance cannot be established.",Not a developer target,Stage 1.1 Classified,Domain field is blank; developer relevance is uncertain from available directory data.,Medium,The Infopark card has no domain information. It is retained as a lower-confidence target rather than excluded without evidence.,Stage 1.2 Reviewed,,,hr@42square.ai,HR,Primary,https://www.42square.ai/,Official Website,Publicly published functional business email on this page.,High,Hiring Relevant,Multiple Public Emails Found,Completed - Email Found,
42Square Technologies,8078186103,www.42square.ai,,https://infopark.in/companies-profile/42square-technologies,https://infopark.in/jobs/317,https://infopark.in/companies,,Low,Low,Unknown,Unknown,Low,"No domain information is available in the Infopark directory, so software-development relevance cannot be established.",Not a developer target,Stage 1.1 Classified,Domain field is blank; developer relevance is uncertain from available directory data.,Medium,The Infopark card has no domain information. It is retained as a lower-confidence target rather than excluded without evidence.,Stage 1.2 Reviewed,,,support@42square.ai,Other,Secondary,https://www.42square.ai/,Official Website,Publicly published functional business email on this page.,High,Other Business,Multiple Public Emails Found,Completed - Email Found,
9Commerce Technologies,9995080656,www.commerce9.io,,https://infopark.in/companies-profile/9commerce-technologies,https://infopark.in/jobs/261,https://infopark.in/companies,,Low,Low,Unknown,Unknown,Low,"No domain information is available in the Infopark directory, so software-development relevance cannot be established.",Not a developer target,Stage 1.1 Classified,Domain field is blank; developer relevance is uncertain from available directory data.,Medium,The Infopark card has no domain information. It is retained as a lower-confidence target rather than excluded without evidence.,Stage 1.2 Reviewed,,,hr@commerce9.io,HR,Primary,https://commerce9.io/careers/,Official Careers Page,Publicly published functional business email on this page.,High,Hiring Relevant,Email Found,Completed - Email Found,
Aabasoft Technologies India Private Limited,+914844172222,www.aabasoft.com,,https://infopark.in/companies-profile/aabasoft-technologies-india-private-limited,https://infopark.in/jobs/95,https://infopark.in/companies,,Low,Low,Unknown,Unknown,Low,"No domain information is available in the Infopark directory, so software-development relevance cannot be established.",Not a developer target,Stage 1.1 Classified,Domain field is blank; developer relevance is uncertain from available directory data.,Medium,The Infopark card has no domain information. It is retained as a lower-confidence target rather than excluded without evidence.,Stage 1.2 Reviewed,,,info@aabasoft.com,General,General,https://www.aabasoft.com/in-en/,Official Website,Publicly published functional business email on this page.,High,General Business,Email Found,Completed - Email Found,
Aarbee Structures Pvt.Ltd,+91-9544407555,www.aarbeestructures.com,,https://infopark.in/companies-profile/aarbee-structures-pvt-ltd,https://infopark.in/jobs/315,https://infopark.in/companies,,Low,Low,Unknown,Unknown,Low,"No domain information is available in the Infopark directory, so software-development relevance cannot be established.",Not a developer target,Stage 1.1 Classified,Domain field is blank; developer relevance is uncertain from available directory data.,Medium,The Infopark card has no domain information. It is retained as a lower-confidence target rather than excluded without evidence.,Stage 1.2 Reviewed,,,careers@aarbeestructures.com,Careers,Primary,https://aarbeestructures.com/careers/,Official Careers Page,Publicly published functional business email on this page.,High,Hiring Relevant,Multiple Public Emails Found,Completed - Email Found,
Aarbee Structures Pvt.Ltd,+91-9544407555,www.aarbeestructures.com,,https://infopark.in/companies-profile/aarbee-structures-pvt-ltd,https://infopark.in/jobs/315,https://infopark.in/companies,,Low,Low,Unknown,Unknown,Low,"No domain information is available in the Infopark directory, so software-development relevance cannot be established.",Not a developer target,Stage 1.1 Classified,Domain field is blank; developer relevance is uncertain from available directory data.,Medium,The Infopark card has no domain information. It is retained as a lower-confidence target rather than excluded without evidence.,Stage 1.2 Reviewed,,,info@aarbeestructures.com,General,General,https://aarbeestructures.com/,Official Website,Publicly published functional business email on this page.,High,General Business,Multiple Public Emails Found,Completed - Email Found,
Abel Techsoft Private Limited,+919995005969,www.abeltechsoft.com,Software Development | Software Testing | Digital Marketing & Content Services | IT Consulting & Managed Services | UI/UX Design & Development,https://infopark.in/companies-profile/abel-techsoft-private-limited,https://infopark.in/jobs/453,https://infopark.in/companies,,High,High,Software Development / Technology Consulting / Digital Technology,"Software Developer, Software Engineer, Application Developer, QA / Software Tester",High,Available Infopark domain information explicitly includes software or application development.,Developer / Software Engineer application,Stage 1.1 Classified,,High,"Stage 1.1 identifies explicit software, web, mobile, or application-development evidence in the Infopark domain field.",Stage 1.2 Reviewed,,,info@abeltechsoft.com,General,General,https://infopark.in/companies-profile/abel-techsoft-private-limited,Official Infopark Directory,Publicly published functional business email on this page.,High,General Business,Email Found,Completed - Email Found,
Abilytics Consulting Pvt Ltd,+91 9496061623,www.abilytics.com,Data Science & Analytics | Cloud Computing | Enterprise Solutions | Software Development | Artificial Intelligence (AI) / Machine Learning (ML),https://infopark.in/companies-profile/abilytics-consulting-pvt-ltd,https://infopark.in/jobs/498,https://infopark.in/companies,,High,High,Software Development / AI / Machine Learning / Data / Analytics / Cloud / Infrastructure,"Software Developer, Software Engineer, Application Developer, Data / AI Engineer, DevOps / Cloud Engineer",High,Available Infopark domain information explicitly includes software or application development.,Developer / Software Engineer application,Stage 1.1 Classified,,High,"Stage 1.1 identifies explicit software, web, mobile, or application-development evidence in the Infopark domain field.",Stage 1.2 Reviewed,,,hr@abilytics.com,HR,Primary,https://infopark.in/companies-profile/abilytics-consulting-pvt-ltd,Official Infopark Directory,Publicly published functional business email on this page.,High,Hiring Relevant,Email Found,Completed - Email Found,
Acabes International Pvt. Ltd.,04844225166,www.acabesinternational.com,,https://infopark.in/companies-profile/acabes-international-pvt-ltd,https://infopark.in/jobs/327,https://infopark.in/companies,,Low,Low,Unknown,Unknown,Low,"No domain information is available in the Infopark directory, so software-development relevance cannot be established.",Not a developer target,Stage 1.1 Classified,Domain field is blank; developer relevance is uncertain from available directory data.,Medium,The Infopark card has no domain information. It is retained as a lower-confidence target rather than excluded without evidence.,Stage 1.2 Reviewed,,,support@acabesinternational.com,Other,Secondary,https://acabesinternational.com/,Official Website,Publicly published functional business email on this page.,High,Other Business,Email Found,Completed - Email Found,
Accelray Technologies Pvt Ltd,+9188486 20593,www.accelray.com,AI | Open Source,https://infopark.in/companies-profile/accelray-technologies-pvt-ltd,https://infopark.in/jobs/469,https://infopark.in/companies,,High,Medium,AI / Machine Learning,Data / AI Engineer,Medium,"Available Infopark domain information indicates a technology-focused business, but does not clearly establish software-development work.",Technical role inquiry,Stage 1.1 Classified,Developer relevance uncertain from available directory data.,Medium,"The Infopark domain indicates technology-related work, but the saved evidence does not clearly establish central software-development work.",Stage 1.2 Reviewed,,,info@accelray.com,General,General,https://www.accelray.com/,Official Website,Publicly published functional business email on this page.,High,General Business,Email Found,Completed - Email Found,
Aceware Fintech Services Pvt Ltd (Radiant Acemoney),0806 898 3333,www.acemoney.in,Finance & Accounting Services | Software Development,https://infopark.in/companies-profile/aceware-fintech-services-pvt-ltd-radiant-acemoney,https://infopark.in/jobs/237,https://infopark.in/companies,,High,High,Software Development,"Software Developer, Software Engineer, Application Developer",High,Available Infopark domain information explicitly includes software or application development.,Developer / Software Engineer application,Stage 1.1 Classified,,High,"Stage 1.1 identifies explicit software, web, mobile, or application-development evidence in the Infopark domain field.",Stage 1.2 Reviewed,,,career@acemoney.in,Careers,Primary,https://www.acemoney.in/,Official Website,Publicly published functional business email on this page.,High,Hiring Relevant,Multiple Public Emails Found,Completed - Email Found,
Aceware Fintech Services Pvt Ltd (Radiant Acemoney),0806 898 3333,www.acemoney.in,Finance & Accounting Services | Software Development,https://infopark.in/companies-profile/aceware-fintech-services-pvt-ltd-radiant-acemoney,https://infopark.in/jobs/237,https://infopark.in/companies,,High,High,Software Development,"Software Developer, Software Engineer, Application Developer",High,Available Infopark domain information explicitly includes software or application development.,Developer / Software Engineer application,Stage 1.1 Classified,,High,"Stage 1.1 identifies explicit software, web, mobile, or application-development evidence in the Infopark domain field.",Stage 1.2 Reviewed,,,careers@radiantacemoney.com,Careers,Primary,https://www.acemoney.in/company/careers,Official Careers Page,Publicly published functional business email on this page.,High,Hiring Relevant,Multiple Public Emails Found,Completed - Email Found,
Aceware Fintech Services Pvt Ltd (Radiant Acemoney),0806 898 3333,www.acemoney.in,Finance & Accounting Services | Software Development,https://infopark.in/companies-profile/aceware-fintech-services-pvt-ltd-radiant-acemoney,https://infopark.in/jobs/237,https://infopark.in/companies,,High,High,Software Development,"Software Developer, Software Engineer, Application Developer",High,Available Infopark domain information explicitly includes software or application development.,Developer / Software Engineer application,Stage 1.1 Classified,,High,"Stage 1.1 identifies explicit software, web, mobile, or application-development evidence in the Infopark domain field.",Stage 1.2 Reviewed,,,info@acemoney.in,General,General,https://www.acemoney.in/,Official Website,Publicly published functional business email on this page.,High,General Business,Multiple Public Emails Found,Completed - Email Found,
Aceware Fintech Services Pvt Ltd (Radiant Acemoney),0806 898 3333,www.acemoney.in,Finance & Accounting Services | Software Development,https://infopark.in/companies-profile/aceware-fintech-services-pvt-ltd-radiant-acemoney,https://infopark.in/jobs/237,https://infopark.in/companies,,High,High,Software Development,"Software Developer, Software Engineer, Application Developer",High,Available Infopark domain information explicitly includes software or application development.,Developer / Software Engineer application,Stage 1.1 Classified,,High,"Stage 1.1 identifies explicit software, web, mobile, or application-development evidence in the Infopark domain field.",Stage 1.2 Reviewed,,,support@acemoney.in,Other,Secondary,https://www.acemoney.in/,Official Website,Publicly published functional business email on this page.,High,Other Business,Multiple Public Emails Found,Completed - Email Found,
Acube Innovations,6235866111,acubeinnovations.com,,https://infopark.in/companies-profile/acube-innovations,https://infopark.in/jobs/244,https://infopark.in/companies,,Low,Low,Unknown,Unknown,Low,"No domain information is available in the Infopark directory, so software-development relevance cannot be established.",Not a developer target,Stage 1.1 Classified,Domain field is blank; developer relevance is uncertain from available directory data.,Medium,The Infopark card has no domain information. It is retained as a lower-confidence target rather than excluded without evidence.,Stage 1.2 Reviewed,,,info@acube.co,General,General,https://acubeinnovations.com/,Official Website,Publicly published functional business email on this page.,High,General Business,Multiple Public Emails Found,Completed - Email Found,
Acube Innovations,6235866111,acubeinnovations.com,,https://infopark.in/companies-profile/acube-innovations,https://infopark.in/jobs/244,https://infopark.in/companies,,Low,Low,Unknown,Unknown,Low,"No domain information is available in the Infopark directory, so software-development relevance cannot be established.",Not a developer target,Stage 1.1 Classified,Domain field is blank; developer relevance is uncertain from available directory data.,Medium,The Infopark card has no domain information. It is retained as a lower-confidence target rather than excluded without evidence.,Stage 1.2 Reviewed,,,sales@acube.co,Other,Secondary,https://acubeinnovations.com/contact-us/,Official Contact Page,Publicly published functional business email on this page.,High,Other Business,Multiple Public Emails Found,Completed - Email Found,
adesso India Private Ltd,+91- 77360 95222,www.adesso.in,Software Testing | IT Consulting & Managed Services | Finance & Accounting Services | UI/UX Design & Development | Networking & IT Infrastructure,https://infopark.in/companies-profile/adesso-india-private-ltd,https://infopark.in/jobs/414,https://infopark.in/companies,,High,Medium,Cloud / Infrastructure / Technology Consulting / Digital Technology,"DevOps / Cloud Engineer, QA / Software Tester",Medium,"Available Infopark domain information indicates a technology-focused business, but does not clearly establish software-development work.",Technical role inquiry,Stage 1.1 Classified,Developer relevance uncertain from available directory data.,Medium,"The Infopark domain indicates technology-related work, but the saved evidence does not clearly establish central software-development work.",Stage 1.2 Reviewed,,,info@adesso.in,General,General,https://www.adesso.in/en/index-12.jsp,Official Website,Publicly published functional business email on this page.,High,General Business,Email Found,Completed - Email Found,
Admaren Tech Pvt Ltd,+91 96333 84111,admaren.com,,https://infopark.in/companies-profile/admaren-tech-pvt-ltd,https://infopark.in/jobs/311,https://infopark.in/companies,,Low,Low,Unknown,Unknown,Low,"No domain information is available in the Infopark directory, so software-development relevance cannot be established.",Not a developer target,Stage 1.1 Classified,Domain field is blank; developer relevance is uncertain from available directory data.,Medium,The Infopark card has no domain information. It is retained as a lower-confidence target rather than excluded without evidence.,Stage 1.2 Reviewed,,,info@admaren.com,General,General,https://infopark.in/companies-profile/admaren-tech-pvt-ltd,Official Infopark Directory,Publicly published functional business email on this page.,High,General Business,Email Found,Completed - Email Found,
Advenser Engineering Services Private Limited,+91 484 4040708,www.advenser.com,,https://infopark.in/companies-profile/advenser-engineering-services-private-limited,https://infopark.in/jobs/107,https://infopark.in/companies,,Low,Low,Unknown,Unknown,Low,"No domain information is available in the Infopark directory, so software-development relevance cannot be established.",Not a developer target,Stage 1.1 Classified,Domain field is blank; developer relevance is uncertain from available directory data.,Medium,The Infopark card has no domain information. It is retained as a lower-confidence target rather than excluded without evidence.,Stage 1.2 Reviewed,,,info@advenser.com,General,General,https://infopark.in/companies-profile/advenser-engineering-services-private-limited,Official Infopark Directory,Publicly published functional business email on this page.,High,General Business,Email Found,Completed - Email Found,
"Affiliated Computer Services of India, A Xerox Company",0484 4090136,www.xerox.com,,https://infopark.in/companies-profile/affiliated-computer-services-of-india-a-xerox-company,https://infopark.in/jobs/2,https://infopark.in/companies,,Low,Low,Unknown,Unknown,Low,"No domain information is available in the Infopark directory, so software-development relevance cannot be established.",Not a developer target,Stage 1.1 Classified,Domain field is blank; developer relevance is uncertain from available directory data.,Medium,The Infopark card has no domain information. It is retained as a lower-confidence target rather than excluded without evidence.,Stage 1.2 Reviewed,,,contact@graphicslimited.com,General,General,https://www.xerox.com/en-us/about/contact-us,Official Contact Page,Publicly published functional business email on this page.,High,General Business,Multiple Public Emails Found,Completed - Email Found,
"Affiliated Computer Services of India, A Xerox Company",0484 4090136,www.xerox.com,,https://infopark.in/companies-profile/affiliated-computer-services-of-india-a-xerox-company,https://infopark.in/jobs/2,https://infopark.in/companies,,Low,Low,Unknown,Unknown,Low,"No domain information is available in the Infopark directory, so software-development relevance cannot be established.",Not a developer target,Stage 1.1 Classified,Domain field is blank; developer relevance is uncertain from available directory data.,Medium,The Infopark card has no domain information. It is retained as a lower-confidence target rather than excluded without evidence.,Stage 1.2 Reviewed,,,info@almactab.com,General,General,https://www.xerox.com/en-us/about/contact-us,Official Contact Page,Publicly published functional business email on this page.,High,General Business,Multiple Public Emails Found,Completed - Email Found,
"Affiliated Computer Services of India, A Xerox Company",0484 4090136,www.xerox.com,,https://infopark.in/companies-profile/affiliated-computer-services-of-india-a-xerox-company,https://infopark.in/jobs/2,https://infopark.in/companies,,Low,Low,Unknown,Unknown,Low,"No domain information is available in the Infopark directory, so software-development relevance cannot be established.",Not a developer target,Stage 1.1 Classified,Domain field is blank; developer relevance is uncertain from available directory data.,Medium,The Infopark card has no domain information. It is retained as a lower-confidence target rather than excluded without evidence.,Stage 1.2 Reviewed,,,info@apexye.com,General,General,https://www.xerox.com/en-us/about/contact-us,Official Contact Page,Publicly published functional business email on this page.,High,General Business,Multiple Public Emails Found,Completed - Email Found,
"Affiliated Computer Services of India, A Xerox Company",0484 4090136,www.xerox.com,,https://infopark.in/companies-profile/affiliated-computer-services-of-india-a-xerox-company,https://infopark.in/jobs/2,https://infopark.in/companies,,Low,Low,Unknown,Unknown,Low,"No domain information is available in the Infopark directory, so software-development relevance cannot be established.",Not a developer target,Stage 1.1 Classified,Domain field is blank; developer relevance is uncertain from available directory data.,Medium,The Infopark card has no domain information. It is retained as a lower-confidence target rather than excluded without evidence.,Stage 1.2 Reviewed,,,info@btg.bw,General,General,https://www.xerox.com/en-us/about/contact-us,Official Contact Page,Publicly published functional business email on this page.,High,General Business,Multiple Public Emails Found,Completed - Email Found,
"Affiliated Computer Services of India, A Xerox Company",0484 4090136,www.xerox.com,,https://infopark.in/companies-profile/affiliated-computer-services-of-india-a-xerox-company,https://infopark.in/jobs/2,https://infopark.in/companies,,Low,Low,Unknown,Unknown,Low,"No domain information is available in the Infopark directory, so software-development relevance cannot be established.",Not a developer target,Stage 1.1 Classified,Domain field is blank; developer relevance is uncertain from available directory data.,Medium,The Infopark card has no domain information. It is retained as a lower-confidence target rather than excluded without evidence.,Stage 1.2 Reviewed,,,info@cbs-xerox.com,General,General,https://www.xerox.com/en-us/about/contact-us,Official Contact Page,Publicly published functional business email on this page.,High,General Business,Multiple Public Emails Found,Completed - Email Found,
"Affiliated Computer Services of India, A Xerox Company",0484 4090136,www.xerox.com,,https://infopark.in/companies-profile/affiliated-computer-services-of-india-a-xerox-company,https://infopark.in/jobs/2,https://infopark.in/companies,,Low,Low,Unknown,Unknown,Low,"No domain information is available in the Infopark directory, so software-development relevance cannot be established.",Not a developer target,Stage 1.1 Classified,Domain field is blank; developer relevance is uncertain from available directory data.,Medium,The Infopark card has no domain information. It is retained as a lower-confidence target rather than excluded without evidence.,Stage 1.2 Reviewed,,,info@compserv.am,General,General,https://www.xerox.com/en-us/about/contact-us,Official Contact Page,Publicly published functional business email on this page.,High,General Business,Multiple Public Emails Found,Completed - Email Found,
"Affiliated Computer Services of India, A Xerox Company",0484 4090136,www.xerox.com,,https://infopark.in/companies-profile/affiliated-computer-services-of-india-a-xerox-company,https://infopark.in/jobs/2,https://infopark.in/companies,,Low,Low,Unknown,Unknown,Low,"No domain information is available in the Infopark directory, so software-development relevance cannot be established.",Not a developer target,Stage 1.1 Classified,Domain field is blank; developer relevance is uncertain from available directory data.,Medium,The Infopark card has no domain information. It is retained as a lower-confidence target rather than excluded without evidence.,Stage 1.2 Reviewed,,,info@docunet.com.py,General,General,https://www.xerox.com/en-us/about/contact-us,Official Contact Page,Publicly published functional business email on this page.,High,General Business,Multiple Public Emails Found,Completed - Email Found,
"Affiliated Computer Services of India, A Xerox Company",0484 4090136,www.xerox.com,,https://infopark.in/companies-profile/affiliated-computer-services-of-india-a-xerox-company,https://infopark.in/jobs/2,https://infopark.in/companies,,Low,Low,Unknown,Unknown,Low,"No domain information is available in the Infopark directory, so software-development relevance cannot be established.",Not a developer target,Stage 1.1 Classified,Domain field is blank; developer relevance is uncertain from available directory data.,Medium,The Infopark card has no domain information. It is retained as a lower-confidence target rather than excluded without evidence.,Stage 1.2 Reviewed,,,info@eosolutions.co,General,General,https://www.xerox.com/en-us/about/contact-us,Official Contact Page,Publicly published functional business email on this page.,High,General Business,Multiple Public Emails Found,Completed - Email Found,
"Affiliated Computer Services of India, A Xerox Company",0484 4090136,www.xerox.com,,https://infopark.in/companies-profile/affiliated-computer-services-of-india-a-xerox-company,https://infopark.in/jobs/2,https://infopark.in/companies,,Low,Low,Unknown,Unknown,Low,"No domain information is available in the Infopark directory, so software-development relevance cannot be established.",Not a developer target,Stage 1.1 Classified,Domain field is blank; developer relevance is uncertain from available directory data.,Medium,The Infopark card has no domain information. It is retained as a lower-confidence target rather than excluded without evidence.,Stage 1.2 Reviewed,,,info@farage.com,General,General,https://www.xerox.com/en-us/about/contact-us,Official Contact Page,Publicly published functional business email on this page.,High,General Business,Multiple Public Emails Found,Completed - Email Found,
"Affiliated Computer Services of India, A Xerox Company",0484 4090136,www.xerox.com,,https://infopark.in/companies-profile/affiliated-computer-services-of-india-a-xerox-company,https://infopark.in/jobs/2,https://infopark.in/companies,,Low,Low,Unknown,Unknown,Low,"No domain information is available in the Infopark directory, so software-development relevance cannot be established.",Not a developer target,Stage 1.1 Classified,Domain field is blank; developer relevance is uncertain from available directory data.,Medium,The Infopark card has no domain information. It is retained as a lower-confidence target rather than excluded without evidence.,Stage 1.2 Reviewed,,,info@imagegraphics.gi,General,General,https://www.xerox.com/en-us/about/contact-us,Official Contact Page,Publicly published functional business email on this page.,High,General Business,Multiple Public Emails Found,Completed - Email Found,
"Affiliated Computer Services of India, A Xerox Company",0484 4090136,www.xerox.com,,https://infopark.in/companies-profile/affiliated-computer-services-of-india-a-xerox-company,https://infopark.in/jobs/2,https://infopark.in/companies,,Low,Low,Unknown,Unknown,Low,"No domain information is available in the Infopark directory, so software-development relevance cannot be established.",Not a developer target,Stage 1.1 Classified,Domain field is blank; developer relevance is uncertain from available directory data.,Medium,The Infopark card has no domain information. It is retained as a lower-confidence target rather than excluded without evidence.,Stage 1.2 Reviewed,,,info@imagesystems.com.mt,General,General,https://www.xerox.com/en-us/about/contact-us,Official Contact Page,Publicly published functional business email on this page.,High,General Business,Multiple Public Emails Found,Completed - Email Found,
"Affiliated Computer Services of India, A Xerox Company",0484 4090136,www.xerox.com,,https://infopark.in/companies-profile/affiliated-computer-services-of-india-a-xerox-company,https://infopark.in/jobs/2,https://infopark.in/companies,,Low,Low,Unknown,Unknown,Low,"No domain information is available in the Infopark directory, so software-development relevance cannot be established.",Not a developer target,Stage 1.1 Classified,Domain field is blank; developer relevance is uncertain from available directory data.,Medium,The Infopark card has no domain information. It is retained as a lower-confidence target rather than excluded without evidence.,Stage 1.2 Reviewed,,,info@ioe.com.bd,General,General,https://www.xerox.com/en-us/about/contact-us,Official Contact Page,Publicly published functional business email on this page.,High,General Business,Multiple Public Emails Found,Completed - Email Found,
"Affiliated Computer Services of India, A Xerox Company",0484 4090136,www.xerox.com,,https://infopark.in/companies-profile/affiliated-computer-services-of-india-a-xerox-company,https://infopark.in/jobs/2,https://infopark.in/companies,,Low,Low,Unknown,Unknown,Low,"No domain information is available in the Infopark directory, so software-development relevance cannot be established.",Not a developer target,Stage 1.1 Classified,Domain field is blank; developer relevance is uncertain from available directory data.,Medium,The Infopark card has no domain information. It is retained as a lower-confidence target rather than excluded without evidence.,Stage 1.2 Reviewed,,,info@pbscolombia.com,General,General,https://www.xerox.com/en-us/about/contact-us,Official Contact Page,Publicly published functional business email on this page.,High,General Business,Multiple Public Emails Found,Completed - Email Found,
"Affiliated Computer Services of India, A Xerox Company",0484 4090136,www.xerox.com,,https://infopark.in/companies-profile/affiliated-computer-services-of-india-a-xerox-company,https://infopark.in/jobs/2,https://infopark.in/companies,,Low,Low,Unknown,Unknown,Low,"No domain information is available in the Infopark directory, so software-development relevance cannot be established.",Not a developer target,Stage 1.1 Classified,Domain field is blank; developer relevance is uncertain from available directory data.,Medium,The Infopark card has no domain information. It is retained as a lower-confidence target rather than excluded without evidence.,Stage 1.2 Reviewed,,,info@printshop.co.fk,General,General,https://www.xerox.com/en-us/about/contact-us,Official Contact Page,Publicly published functional business email on this page.,High,General Business,Multiple Public Emails Found,Completed - Email Found,
"Affiliated Computer Services of India, A Xerox Company",0484 4090136,www.xerox.com,,https://infopark.in/companies-profile/affiliated-computer-services-of-india-a-xerox-company,https://infopark.in/jobs/2,https://infopark.in/companies,,Low,Low,Unknown,Unknown,Low,"No domain information is available in the Infopark directory, so software-development relevance cannot be established.",Not a developer target,Stage 1.1 Classified,Domain field is blank; developer relevance is uncertain from available directory data.,Medium,The Infopark card has no domain information. It is retained as a lower-confidence target rather than excluded without evidence.,Stage 1.2 Reviewed,,,info@saudixerox.com,General,General,https://www.xerox.com/en-us/about/contact-us,Official Contact Page,Publicly published functional business email on this page.,High,General Business,Multiple Public Emails Found,Completed - Email Found,
"Affiliated Computer Services of India, A Xerox Company",0484 4090136,www.xerox.com,,https://infopark.in/companies-profile/affiliated-computer-services-of-india-a-xerox-company,https://infopark.in/jobs/2,https://infopark.in/companies,,Low,Low,Unknown,Unknown,Low,"No domain information is available in the Infopark directory, so software-development relevance cannot be established.",Not a developer target,Stage 1.1 Classified,Domain field is blank; developer relevance is uncertain from available directory data.,Medium,The Infopark card has no domain information. It is retained as a lower-confidence target rather than excluded without evidence.,Stage 1.2 Reviewed,,,info@ts.mg,General,General,https://www.xerox.com/en-us/about/contact-us,Official Contact Page,Publicly published functional business email on this page.,High,General Business,Multiple Public Emails Found,Completed - Email Found,
"Affiliated Computer Services of India, A Xerox Company",0484 4090136,www.xerox.com,,https://infopark.in/companies-profile/affiliated-computer-services-of-india-a-xerox-company,https://infopark.in/jobs/2,https://infopark.in/companies,,Low,Low,Unknown,Unknown,Low,"No domain information is available in the Infopark directory, so software-development relevance cannot be established.",Not a developer target,Stage 1.1 Classified,Domain field is blank; developer relevance is uncertain from available directory data.,Medium,The Infopark card has no domain information. It is retained as a lower-confidence target rather than excluded without evidence.,Stage 1.2 Reviewed,,,info@xerographic.com.cy,General,General,https://www.xerox.com/en-us/about/contact-us,Official Contact Page,Publicly published functional business email on this page.,High,General Business,Multiple Public Emails Found,Completed - Email Found,
"Affiliated Computer Services of India, A Xerox Company",0484 4090136,www.xerox.com,,https://infopark.in/companies-profile/affiliated-computer-services-of-india-a-xerox-company,https://infopark.in/jobs/2,https://infopark.in/companies,,Low,Low,Unknown,Unknown,Low,"No domain information is available in the Infopark directory, so software-development relevance cannot be established.",Not a developer target,Stage 1.1 Classified,Domain field is blank; developer relevance is uncertain from available directory data.,Medium,The Infopark card has no domain information. It is retained as a lower-confidence target rather than excluded without evidence.,Stage 1.2 Reviewed,,,info@xerox.com.jo,General,General,https://www.xerox.com/en-us/about/contact-us,Official Contact Page,Publicly published functional business email on this page.,High,General Business,Multiple Public Emails Found,Completed - Email Found,
"Affiliated Computer Services of India, A Xerox Company",0484 4090136,www.xerox.com,,https://infopark.in/companies-profile/affiliated-computer-services-of-india-a-xerox-company,https://infopark.in/jobs/2,https://infopark.in/companies,,Low,Low,Unknown,Unknown,Low,"No domain information is available in the Infopark directory, so software-development relevance cannot be established.",Not a developer target,Stage 1.1 Classified,Domain field is blank; developer relevance is uncertain from available directory data.,Medium,The Infopark card has no domain information. It is retained as a lower-confidence target rather than excluded without evidence.,Stage 1.2 Reviewed,,,info@xerox.cz,General,General,https://www.xerox.com/en-us/about/contact-us,Official Contact Page,Publicly published functional business email on this page.,High,General Business,Multiple Public Emails Found,Completed - Email Found,
"Affiliated Computer Services of India, A Xerox Company",0484 4090136,www.xerox.com,,https://infopark.in/companies-profile/affiliated-computer-services-of-india-a-xerox-company,https://infopark.in/jobs/2,https://infopark.in/companies,,Low,Low,Unknown,Unknown,Low,"No domain information is available in the Infopark directory, so software-development relevance cannot be established.",Not a developer target,Stage 1.1 Classified,Domain field is blank; developer relevance is uncertain from available directory data.,Medium,The Infopark card has no domain information. It is retained as a lower-confidence target rather than excluded without evidence.,Stage 1.2 Reviewed,,,info@xeroxuae.ae,General,General,https://www.xerox.com/en-us/about/contact-us,Official Contact Page,Publicly published functional business email on this page.,High,General Business,Multiple Public Emails Found,Completed - Email Found,
"Affiliated Computer Services of India, A Xerox Company",0484 4090136,www.xerox.com,,https://infopark.in/companies-profile/affiliated-computer-services-of-india-a-xerox-company,https://infopark.in/jobs/2,https://infopark.in/companies,,Low,Low,Unknown,Unknown,Low,"No domain information is available in the Infopark directory, so software-development relevance cannot be established.",Not a developer target,Stage 1.1 Classified,Domain field is blank; developer relevance is uncertain from available directory data.,Medium,The Infopark card has no domain information. It is retained as a lower-confidence target rather than excluded without evidence.,Stage 1.2 Reviewed,,,marketing@pbstechgroup.com,Other,Secondary,https://www.xerox.com/en-us/about/contact-us,Official Contact Page,Publicly published functional business email on this page.,High,Other Business,Multiple Public Emails Found,Completed - Email Found,
"Affiliated Computer Services of India, A Xerox Company",0484 4090136,www.xerox.com,,https://infopark.in/companies-profile/affiliated-computer-services-of-india-a-xerox-company,https://infopark.in/jobs/2,https://infopark.in/companies,,Low,Low,Unknown,Unknown,Low,"No domain information is available in the Infopark directory, so software-development relevance cannot be established.",Not a developer target,Stage 1.1 Classified,Domain field is blank; developer relevance is uncertain from available directory data.,Medium,The Infopark card has no domain information. It is retained as a lower-confidence target rather than excluded without evidence.,Stage 1.2 Reviewed,,,office@xeropc.az,General,General,https://www.xerox.com/en-us/about/contact-us,Official Contact Page,Publicly published functional business email on this page.,High,General Business,Multiple Public Emails Found,Completed - Email Found,
"Affiliated Computer Services of India, A Xerox Company",0484 4090136,www.xerox.com,,https://infopark.in/companies-profile/affiliated-computer-services-of-india-a-xerox-company,https://infopark.in/jobs/2,https://infopark.in/companies,,Low,Low,Unknown,Unknown,Low,"No domain information is available in the Infopark directory, so software-development relevance cannot be established.",Not a developer target,Stage 1.1 Classified,Domain field is blank; developer relevance is uncertain from available directory data.,Medium,The Infopark card has no domain information. It is retained as a lower-confidence target rather than excluded without evidence.,Stage 1.2 Reviewed,,,office@xerotek.az,General,General,https://www.xerox.com/en-us/about/contact-us,Official Contact Page,Publicly published functional business email on this page.,High,General Business,Multiple Public Emails Found,Completed - Email Found,
"Affiliated Computer Services of India, A Xerox Company",0484 4090136,www.xerox.com,,https://infopark.in/companies-profile/affiliated-computer-services-of-india-a-xerox-company,https://infopark.in/jobs/2,https://infopark.in/companies,,Low,Low,Unknown,Unknown,Low,"No domain information is available in the Infopark directory, so software-development relevance cannot be established.",Not a developer target,Stage 1.1 Classified,Domain field is blank; developer relevance is uncertain from available directory data.,Medium,The Infopark card has no domain information. It is retained as a lower-confidence target rather than excluded without evidence.,Stage 1.2 Reviewed,,,sales@atollmarket.com,Other,Secondary,https://www.xerox.com/en-us/about/contact-us,Official Contact Page,Publicly published functional business email on this page.,High,Other Business,Multiple Public Emails Found,Completed - Email Found,
"Affiliated Computer Services of India, A Xerox Company",0484 4090136,www.xerox.com,,https://infopark.in/companies-profile/affiliated-computer-services-of-india-a-xerox-company,https://infopark.in/jobs/2,https://infopark.in/companies,,Low,Low,Unknown,Unknown,Low,"No domain information is available in the Infopark directory, so software-development relevance cannot be established.",Not a developer target,Stage 1.1 Classified,Domain field is blank; developer relevance is uncertain from available directory data.,Medium,The Infopark card has no domain information. It is retained as a lower-confidence target rather than excluded without evidence.,Stage 1.2 Reviewed,,,sales@bbsl.com,Other,Secondary,https://www.xerox.com/en-us/about/contact-us,Official Contact Page,Publicly published functional business email on this page.,High,Other Business,Multiple Public Emails Found,Completed - Email Found,
"Affiliated Computer Services of India, A Xerox Company",0484 4090136,www.xerox.com,,https://infopark.in/companies-profile/affiliated-computer-services-of-india-a-xerox-company,https://infopark.in/jobs/2,https://infopark.in/companies,,Low,Low,Unknown,Unknown,Low,"No domain information is available in the Infopark directory, so software-development relevance cannot be established.",Not a developer target,Stage 1.1 Classified,Domain field is blank; developer relevance is uncertain from available directory data.,Medium,The Infopark card has no domain information. It is retained as a lower-confidence target rather than excluded without evidence.,Stage 1.2 Reviewed,,,sales@bi-bh.com,Other,Secondary,https://www.xerox.com/en-us/about/contact-us,Official Contact Page,Publicly published functional business email on this page.,High,Other Business,Multiple Public Emails Found,Completed - Email Found,
"Affiliated Computer Services of India, A Xerox Company",0484 4090136,www.xerox.com,,https://infopark.in/companies-profile/affiliated-computer-services-of-india-a-xerox-company,https://infopark.in/jobs/2,https://infopark.in/companies,,Low,Low,Unknown,Unknown,Low,"No domain information is available in the Infopark directory, so software-development relevance cannot be established.",Not a developer target,Stage 1.1 Classified,Domain field is blank; developer relevance is uncertain from available directory data.,Medium,The Infopark card has no domain information. It is retained as a lower-confidence target rather than excluded without evidence.,Stage 1.2 Reviewed,,,sales@bishara.com,Other,Secondary,https://www.xerox.com/en-us/about/contact-us,Official Contact Page,Publicly published functional business email on this page.,High,Other Business,Multiple Public Emails Found,Completed - Email Found,
"Affiliated Computer Services of India, A Xerox Company",0484 4090136,www.xerox.com,,https://infopark.in/companies-profile/affiliated-computer-services-of-india-a-xerox-company,https://infopark.in/jobs/2,https://infopark.in/companies,,Low,Low,Unknown,Unknown,Low,"No domain information is available in the Infopark directory, so software-development relevance cannot be established.",Not a developer target,Stage 1.1 Classified,Domain field is blank; developer relevance is uncertain from available directory data.,Medium,The Infopark card has no domain information. It is retained as a lower-confidence target rather than excluded without evidence.,Stage 1.2 Reviewed,,,sales@dcs.co.zw,Other,Secondary,https://www.xerox.com/en-us/about/contact-us,Official Contact Page,Publicly published functional business email on this page.,High,Other Business,Multiple Public Emails Found,Completed - Email Found,
"Affiliated Computer Services of India, A Xerox Company",0484 4090136,www.xerox.com,,https://infopark.in/companies-profile/affiliated-computer-services-of-india-a-xerox-company,https://infopark.in/jobs/2,https://infopark.in/companies,,Low,Low,Unknown,Unknown,Low,"No domain information is available in the Infopark directory, so software-development relevance cannot be established.",Not a developer target,Stage 1.1 Classified,Domain field is blank; developer relevance is uncertain from available directory data.,Medium,The Infopark card has no domain information. It is retained as a lower-confidence target rather than excluded without evidence.,Stage 1.2 Reviewed,,,sales@kamiini.com,Other,Secondary,https://www.xerox.com/en-us/about/contact-us,Official Contact Page,Publicly published functional business email on this page.,High,Other Business,Multiple Public Emails Found,Completed - Email Found,
"Affiliated Computer Services of India, A Xerox Company",0484 4090136,www.xerox.com,,https://infopark.in/companies-profile/affiliated-computer-services-of-india-a-xerox-company,https://infopark.in/jobs/2,https://infopark.in/companies,,Low,Low,Unknown,Unknown,Low,"No domain information is available in the Infopark directory, so software-development relevance cannot be established.",Not a developer target,Stage 1.1 Classified,Domain field is blank; developer relevance is uncertain from available directory data.,Medium,The Infopark card has no domain information. It is retained as a lower-confidence target rather than excluded without evidence.,Stage 1.2 Reviewed,,,sales@lighthouseprint.co.zw,Other,Secondary,https://www.xerox.com/en-us/about/contact-us,Official Contact Page,Publicly published functional business email on this page.,High,Other Business,Multiple Public Emails Found,Completed - Email Found,
"Affiliated Computer Services of India, A Xerox Company",0484 4090136,www.xerox.com,,https://infopark.in/companies-profile/affiliated-computer-services-of-india-a-xerox-company,https://infopark.in/jobs/2,https://infopark.in/companies,,Low,Low,Unknown,Unknown,Low,"No domain information is available in the Infopark directory, so software-development relevance cannot be established.",Not a developer target,Stage 1.1 Classified,Domain field is blank; developer relevance is uncertain from available directory data.,Medium,The Infopark card has no domain information. It is retained as a lower-confidence target rather than excluded without evidence.,Stage 1.2 Reviewed,,,sales@max-comp.net,Other,Secondary,https://www.xerox.com/en-us/about/contact-us,Official Contact Page,Publicly published functional business email on this page.,High,Other Business,Multiple Public Emails Found,Completed - Email Found,
"Affiliated Computer Services of India, A Xerox Company",0484 4090136,www.xerox.com,,https://infopark.in/companies-profile/affiliated-computer-services-of-india-a-xerox-company,https://infopark.in/jobs/2,https://infopark.in/companies,,Low,Low,Unknown,Unknown,Low,"No domain information is available in the Infopark directory, so software-development relevance cannot be established.",Not a developer target,Stage 1.1 Classified,Domain field is blank; developer relevance is uncertain from available directory data.,Medium,The Infopark card has no domain information. It is retained as a lower-confidence target rather than excluded without evidence.,Stage 1.2 Reviewed,,,sales@scitz.com,Other,Secondary,https://www.xerox.com/en-us/about/contact-us,Official Contact Page,Publicly published functional business email on this page.,High,Other Business,Multiple Public Emails Found,Completed - Email Found,
"Affiliated Computer Services of India, A Xerox Company",0484 4090136,www.xerox.com,,https://infopark.in/companies-profile/affiliated-computer-services-of-india-a-xerox-company,https://infopark.in/jobs/2,https://infopark.in/companies,,Low,Low,Unknown,Unknown,Low,"No domain information is available in the Infopark directory, so software-development relevance cannot be established.",Not a developer target,Stage 1.1 Classified,Domain field is blank; developer relevance is uncertain from available directory data.,Medium,The Infopark card has no domain information. It is retained as a lower-confidence target rather than excluded without evidence.,Stage 1.2 Reviewed,,,sales@sciug.com,Other,Secondary,https://www.xerox.com/en-us/about/contact-us,Official Contact Page,Publicly published functional business email on this page.,High,Other Business,Multiple Public Emails Found,Completed - Email Found,
"Affiliated Computer Services of India, A Xerox Company",0484 4090136,www.xerox.com,,https://infopark.in/companies-profile/affiliated-computer-services-of-india-a-xerox-company,https://infopark.in/jobs/2,https://infopark.in/companies,,Low,Low,Unknown,Unknown,Low,"No domain information is available in the Infopark directory, so software-development relevance cannot be established.",Not a developer target,Stage 1.1 Classified,Domain field is blank; developer relevance is uncertain from available directory data.,Medium,The Infopark card has no domain information. It is retained as a lower-confidence target rather than excluded without evidence.,Stage 1.2 Reviewed,,,sales@socar-bwt.com,Other,Secondary,https://www.xerox.com/en-us/about/contact-us,Official Contact Page,Publicly published functional business email on this page.,High,Other Business,Multiple Public Emails Found,Completed - Email Found,
"Affiliated Computer Services of India, A Xerox Company",0484 4090136,www.xerox.com,,https://infopark.in/companies-profile/affiliated-computer-services-of-india-a-xerox-company,https://infopark.in/jobs/2,https://infopark.in/companies,,Low,Low,Unknown,Unknown,Low,"No domain information is available in the Infopark directory, so software-development relevance cannot be established.",Not a developer target,Stage 1.1 Classified,Domain field is blank; developer relevance is uncertain from available directory data.,Medium,The Infopark card has no domain information. It is retained as a lower-confidence target rather than excluded without evidence.,Stage 1.2 Reviewed,,,support@alsarisi.com,Other,Secondary,https://www.xerox.com/en-us/about/contact-us,Official Contact Page,Publicly published functional business email on this page.,High,Other Business,Multiple Public Emails Found,Completed - Email Found,
Airo Global Software Pvt Ltd,+91-7034966777,www.airoglobal.com,AI,https://infopark.in/companies-profile/airo-global-software-pvt-ltd,https://infopark.in/jobs/124,https://infopark.in/companies,,High,Medium,AI / Machine Learning,Data / AI Engineer,Medium,"Available Infopark domain information indicates a technology-focused business, but does not clearly establish software-development work.",Technical role inquiry,Stage 1.1 Classified,Developer relevance uncertain from available directory data.,Medium,"The Infopark domain indicates technology-related work, but the saved evidence does not clearly establish central software-development work.",Stage 1.2 Reviewed,,,hiring@airoglobalsoftware.com,Hiring,Primary,https://airoglobal.com/join-with-us/index.html,Official Website,Publicly published functional business email on this page.,High,Hiring Relevant,Multiple Public Emails Found,Completed - Email Found,
Airo Global Software Pvt Ltd,+91-7034966777,www.airoglobal.com,AI,https://infopark.in/companies-profile/airo-global-software-pvt-ltd,https://infopark.in/jobs/124,https://infopark.in/companies,,High,Medium,AI / Machine Learning,Data / AI Engineer,Medium,"Available Infopark domain information indicates a technology-focused business, but does not clearly establish software-development work.",Technical role inquiry,Stage 1.1 Classified,Developer relevance uncertain from available directory data.,Medium,"The Infopark domain indicates technology-related work, but the saved evidence does not clearly establish central software-development work.",Stage 1.2 Reviewed,,,sales@airoglobal.com,Other,Secondary,https://airoglobal.com/,Official Website,Publicly published functional business email on this page.,High,Other Business,Multiple Public Emails Found,Completed - Email Found,
Airo Global Software Pvt Ltd,+91-7034966777,www.airoglobal.com,AI,https://infopark.in/companies-profile/airo-global-software-pvt-ltd,https://infopark.in/jobs/124,https://infopark.in/companies,,High,Medium,AI / Machine Learning,Data / AI Engineer,Medium,"Available Infopark domain information indicates a technology-focused business, but does not clearly establish software-development work.",Technical role inquiry,Stage 1.1 Classified,Developer relevance uncertain from available directory data.,Medium,"The Infopark domain indicates technology-related work, but the saved evidence does not clearly establish central software-development work.",Stage 1.2 Reviewed,,,support@airoglobal.com,Other,Secondary,https://airoglobal.com/,Official Website,Publicly published functional business email on this page.,High,Other Business,Multiple Public Emails Found,Completed - Email Found,
Airpay Financial Technologies Pvt. Ltd,,www.airpay.co.in,,https://infopark.in/companies-profile/airpay-financial-technologies-pvt-ltd,https://infopark.in/jobs/267,https://infopark.in/companies,,Low,Low,Unknown,Unknown,Low,"No domain information is available in the Infopark directory, so software-development relevance cannot be established.",Not a developer target,Stage 1.1 Classified,Domain field is blank; developer relevance is uncertain from available directory data.,Medium,The Infopark card has no domain information. It is retained as a lower-confidence target rather than excluded without evidence.,Stage 1.2 Reviewed,,,,,,,,,,,No Public Email Found,Completed - No Public Email,
ALB Technologies Pvt Ltd,+91- 6238295987,www.accuratelegalbilling.com,BPO | Back Office & Administrative Services | Customer Support & Helpdesk Services | Finance & Accounting Services | Software Development,https://infopark.in/companies-profile/alb-technologies-pvt-ltd,https://infopark.in/jobs/519,https://infopark.in/companies,,High,High,Software Development,"Software Developer, Software Engineer, Application Developer",High,Available Infopark domain information explicitly includes software or application development.,Developer / Software Engineer application,Stage 1.1 Classified,,High,"Stage 1.1 identifies explicit software, web, mobile, or application-development evidence in the Infopark domain field.",Stage 1.2 Reviewed,,,hr@accuratelegalbilling.com,HR,Primary,https://infopark.in/companies-profile/alb-technologies-pvt-ltd,Official Infopark Directory,Publicly published functional business email on this page.,High,Hiring Relevant,Email Found,Completed - Email Found,
AlignMinds Technologies,8590036453,alignminds.com,,https://infopark.in/companies-profile/alignminds-technologies,https://infopark.in/jobs/387,https://infopark.in/companies,,Low,Low,Unknown,Unknown,Low,"No domain information is available in the Infopark directory, so software-development relevance cannot be established.",Not a developer target,Stage 1.1 Classified,Domain field is blank; developer relevance is uncertain from available directory data.,Medium,The Infopark card has no domain information. It is retained as a lower-confidence target rather than excluded without evidence.,Stage 1.2 Reviewed,,,careers@alignminds.com,Careers,Primary,https://infopark.in/companies-profile/alignminds-technologies,Official Infopark Directory,Publicly published functional business email on this page.,High,Hiring Relevant,Email Found,Completed - Email Found,Could not access https://alignminds.com/: HTTP 307
Alphasky Ventures Pvt. Ltd.,9895632200,www.alphasky.aero,Back Office & Administrative Services | Customer Support & Helpdesk Services | Finance & Accounting Services | Digital Marketing & Content Services | Data Science & Analytics,https://infopark.in/companies-profile/alphasky-ventures-pvt-ltd,https://infopark.in/jobs/539,https://infopark.in/companies,,High,Medium,Data / Analytics / Digital Technology,Data / AI Engineer,Medium,"Available Infopark domain information indicates a technology-focused business, but does not clearly establish software-development work.",Technical role inquiry,Stage 1.1 Classified,Developer relevance uncertain from available directory data.,Medium,"The Infopark domain indicates technology-related work, but the saved evidence does not clearly establish central software-development work.",Stage 1.2 Reviewed,,,sales@alphasky.aero,Other,Secondary,https://www.alphasky.aero/,Official Website,Publicly published functional business email on this page.,High,Other Business,Email Found,Completed - Email Found,
ALTOS Technologies,,altostechnologies.in,,https://infopark.in/companies-profile/altos-technologies,https://infopark.in/jobs/368,https://infopark.in/companies,,Low,Low,Unknown,Unknown,Low,"No domain information is available in the Infopark directory, so software-development relevance cannot be established.",Not a developer target,Stage 1.1 Classified,Domain field is blank; developer relevance is uncertain from available directory data.,Medium,The Infopark card has no domain information. It is retained as a lower-confidence target rather than excluded without evidence.,Stage 1.2 Reviewed,,,info@altostechnologies.in,General,General,https://infopark.in/companies-profile/altos-technologies,Official Infopark Directory,Publicly published functional business email on this page.,High,General Business,Email Found,Completed - Email Found,
Amara Raja Design Alpha Private Limited,+91 8590905049,www.amararajadesignalpha.com,,https://infopark.in/companies-profile/amara-raja-design-alpha-private-limited,https://infopark.in/jobs/422,https://infopark.in/companies,,Low,Low,Unknown,Unknown,Low,"No domain information is available in the Infopark directory, so software-development relevance cannot be established.",Not a developer target,Stage 1.1 Classified,Domain field is blank; developer relevance is uncertain from available directory data.,Medium,The Infopark card has no domain information. It is retained as a lower-confidence target rather than excluded without evidence.,Stage 1.2 Reviewed,,,sales@designalpha.in,Other,Secondary,https://www.amararajadesignalpha.com/,Official Website,Publicly published functional business email on this page.,High,Other Business,Email Found,Completed - Email Found,
Amatosoft,9400334787,amatosoft.com,,https://infopark.in/companies-profile/amatosoft,https://infopark.in/jobs/241,https://infopark.in/companies,,Low,Low,Unknown,Unknown,Low,"No domain information is available in the Infopark directory, so software-development relevance cannot be established.",Not a developer target,Stage 1.1 Classified,Domain field is blank; developer relevance is uncertain from available directory data.,Medium,The Infopark card has no domain information. It is retained as a lower-confidence target rather than excluded without evidence.,Stage 1.2 Reviewed,,,info@amatosoft.com,General,General,https://amatosoft.com/,Official Website,Publicly published functional business email on this page.,High,General Business,Email Found,Completed - Email Found,
AMIYON SOLUTIONS PVT LTD.,7012013434,www.amiyon.com,,https://infopark.in/companies-profile/amiyon-solutions-pvt-ltd,https://infopark.in/jobs/117,https://infopark.in/companies,,Low,Low,Unknown,Unknown,Low,"No domain information is available in the Infopark directory, so software-development relevance cannot be established.",Not a developer target,Stage 1.1 Classified,Domain field is blank; developer relevance is uncertain from available directory data.,Medium,The Infopark card has no domain information. It is retained as a lower-confidence target rather than excluded without evidence.,Stage 1.2 Reviewed,,,hr@amiyon.com,HR,Primary,https://infopark.in/companies-profile/amiyon-solutions-pvt-ltd,Official Infopark Directory,Publicly published functional business email on this page.,High,Hiring Relevant,Email Found,Completed - Email Found,
Amla Consultancy Pvt Ltd,+91 99613 69999,www.amlaconsultancy.com,,https://infopark.in/companies-profile/amla-consultancy-pvt-ltd,https://infopark.in/jobs/224,https://infopark.in/companies,,Low,Low,Unknown,Unknown,Low,"No domain information is available in the Infopark directory, so software-development relevance cannot be established.",Not a developer target,Stage 1.1 Classified,Domain field is blank; developer relevance is uncertain from available directory data.,Medium,The Infopark card has no domain information. It is retained as a lower-confidence target rather than excluded without evidence.,Stage 1.2 Reviewed,,,info@amlaconsultancy.com,General,General,https://amlaconsultancy.com/,Official Website,Publicly published functional business email on this page.,High,General Business,Email Found,Completed - Email Found,
Amplitude Software Systems Pvt Ltd,91 6282902505,www.jupiterbs.com,,https://infopark.in/companies-profile/amplitude-software-systems-pvt-ltd,https://infopark.in/jobs/326,https://infopark.in/companies,,Low,Low,Unknown,Unknown,Low,"No domain information is available in the Infopark directory, so software-development relevance cannot be established.",Not a developer target,Stage 1.1 Classified,Domain field is blank; developer relevance is uncertain from available directory data.,Medium,The Infopark card has no domain information. It is retained as a lower-confidence target rather than excluded without evidence.,Stage 1.2 Reviewed,,,hr@jupiterbs.com,HR,Primary,https://www.jupiterbs.com/Career,Official Careers Page,Publicly published functional business email on this page.,High,Hiring Relevant,Multiple Public Emails Found,Completed - Email Found,
Amplitude Software Systems Pvt Ltd,91 6282902505,www.jupiterbs.com,,https://infopark.in/companies-profile/amplitude-software-systems-pvt-ltd,https://infopark.in/jobs/326,https://infopark.in/companies,,Low,Low,Unknown,Unknown,Low,"No domain information is available in the Infopark directory, so software-development relevance cannot be established.",Not a developer target,Stage 1.1 Classified,Domain field is blank; developer relevance is uncertain from available directory data.,Medium,The Infopark card has no domain information. It is retained as a lower-confidence target rather than excluded without evidence.,Stage 1.2 Reviewed,,,sales@jupiterbs.com,Other,Secondary,https://www.jupiterbs.com/,Official Website,Publicly published functional business email on this page.,High,Other Business,Multiple Public Emails Found,Completed - Email Found,
Appadore Private Limited,0484-2956529,www.appadore.com,,https://infopark.in/companies-profile/appadore-private-limited,https://infopark.in/jobs/253,https://infopark.in/companies,,Low,Low,Unknown,Unknown,Low,"No domain information is available in the Infopark directory, so software-development relevance cannot be established.",Not a developer target,Stage 1.1 Classified,Domain field is blank; developer relevance is uncertain from available directory data.,Medium,The Infopark card has no domain information. It is retained as a lower-confidence target rather than excluded without evidence.,Stage 1.2 Reviewed,,,info@appadore.com,General,General,https://www.appadore.com/,Official Website,Publicly published functional business email on this page.,High,General Business,Email Found,Completed - Email Found,
Applied Payments Technology Pvt Ltd.,0484 485 0362,www.appliedpaymentstech.com,,https://infopark.in/companies-profile/applied-payments-technology-pvt-ltd,https://infopark.in/jobs/273,https://infopark.in/companies,,Low,Low,Unknown,Unknown,Low,"No domain information is available in the Infopark directory, so software-development relevance cannot be established.",Not a developer target,Stage 1.1 Classified,Domain field is blank; developer relevance is uncertain from available directory data.,Medium,The Infopark card has no domain information. It is retained as a lower-confidence target rather than excluded without evidence.,Stage 1.2 Reviewed,,,careers@appliedpaymentstech.com,Careers,Primary,https://www.appliedpaymentstech.com/careers/,Official Careers Page,Publicly published functional business email on this page.,High,Hiring Relevant,Multiple Public Emails Found,Completed - Email Found,
Applied Payments Technology Pvt Ltd.,0484 485 0362,www.appliedpaymentstech.com,,https://infopark.in/companies-profile/applied-payments-technology-pvt-ltd,https://infopark.in/jobs/273,https://infopark.in/companies,,Low,Low,Unknown,Unknown,Low,"No domain information is available in the Infopark directory, so software-development relevance cannot be established.",Not a developer target,Stage 1.1 Classified,Domain field is blank; developer relevance is uncertain from available directory data.,Medium,The Infopark card has no domain information. It is retained as a lower-confidence target rather than excluded without evidence.,Stage 1.2 Reviewed,,,info@appliedpaymentstech.com,General,General,https://www.appliedpaymentstech.com/,Official Website,Publicly published functional business email on this page.,High,General Business,Multiple Public Emails Found,Completed - Email Found,
Apps Team Technologies Pvt.Ltd.,+91 484 2982554,appsteamtechnologies.com,,https://infopark.in/companies-profile/apps-team-technologies-pvt-ltd,https://infopark.in/jobs/272,https://infopark.in/companies,,Low,Low,Unknown,Unknown,Low,"No domain information is available in the Infopark directory, so software-development relevance cannot be established.",Not a developer target,Stage 1.1 Classified,Domain field is blank; developer relevance is uncertain from available directory data.,Medium,The Infopark card has no domain information. It is retained as a lower-confidence target rather than excluded without evidence.,Stage 1.2 Reviewed,,,hello@appsteamtechnologies.com,General,General,https://appsteamtechnologies.com/,Official Website,Publicly published functional business email on this page.,High,General Business,Email Found,Completed - Email Found,
Apro IT Solutions Pvt Ltd,+91 6238683058,www.aproitsolutions.com,,https://infopark.in/companies-profile/apro-it-solutions-pvt-ltd,https://infopark.in/jobs/420,https://infopark.in/companies,,Low,Low,Unknown,Unknown,Low,"No domain information is available in the Infopark directory, so software-development relevance cannot be established.",Not a developer target,Stage 1.1 Classified,Domain field is blank; developer relevance is uncertain from available directory data.,Medium,The Infopark card has no domain information. It is retained as a lower-confidence target rather than excluded without evidence.,Stage 1.2 Reviewed,,,hello@aproitsolutions.com,General,General,https://aproitsolutions.com/,Official Website,Publicly published functional business email on this page.,High,General Business,Multiple Public Emails Found,Completed - Email Found,
Apro IT Solutions Pvt Ltd,+91 6238683058,www.aproitsolutions.com,,https://infopark.in/companies-profile/apro-it-solutions-pvt-ltd,https://infopark.in/jobs/420,https://infopark.in/companies,,Low,Low,Unknown,Unknown,Low,"No domain information is available in the Infopark directory, so software-development relevance cannot be established.",Not a developer target,Stage 1.1 Classified,Domain field is blank; developer relevance is uncertain from available directory data.,Medium,The Infopark card has no domain information. It is retained as a lower-confidence target rather than excluded without evidence.,Stage 1.2 Reviewed,,,hr@aproitsolutions.in,HR,Primary,https://aproitsolutions.com/,Official Website,Publicly published functional business email on this page.,High,Hiring Relevant,Multiple Public Emails Found,Completed - Email Found,
Aptlylabs India Pvt Ltd,+91 9633198444,aptlylabs.com,UI/UX Design & Development | Cloud Computing | Software Development,https://infopark.in/companies-profile/aptlylabs-india-pvt-ltd,https://infopark.in/jobs/557,https://infopark.in/companies,,High,High,Software Development / Cloud / Infrastructure / Digital Technology,"Software Developer, Software Engineer, Application Developer, DevOps / Cloud Engineer",High,Available Infopark domain information explicitly includes software or application development.,Developer / Software Engineer application,Stage 1.1 Classified,,High,"Stage 1.1 identifies explicit software, web, mobile, or application-development evidence in the Infopark domain field.",Stage 1.2 Reviewed,,,info@aptlylabs.com,General,General,https://infopark.in/companies-profile/aptlylabs-india-pvt-ltd,Official Infopark Directory,Publicly published functional business email on this page.,High,General Business,Email Found,Completed - Email Found,
Armia Systems Pvt. Ltd,0484 297 3123,www.armia.com,,https://infopark.in/companies-profile/armia-systems-pvt-ltd,https://infopark.in/jobs/3,https://infopark.in/companies,,Low,Low,Unknown,Unknown,Low,"No domain information is available in the Infopark directory, so software-development relevance cannot be established.",Not a developer target,Stage 1.1 Classified,Domain field is blank; developer relevance is uncertain from available directory data.,Medium,The Infopark card has no domain information. It is retained as a lower-confidence target rather than excluded without evidence.,Stage 1.2 Reviewed,,,info@armia.com,General,General,https://www.armia.com/,Official Website,Publicly published functional business email on this page.,High,General Business,Multiple Public Emails Found,Completed - Email Found,
Armia Systems Pvt. Ltd,0484 297 3123,www.armia.com,,https://infopark.in/companies-profile/armia-systems-pvt-ltd,https://infopark.in/jobs/3,https://infopark.in/companies,,Low,Low,Unknown,Unknown,Low,"No domain information is available in the Infopark directory, so software-development relevance cannot be established.",Not a developer target,Stage 1.1 Classified,Domain field is blank; developer relevance is uncertain from available directory data.,Medium,The Infopark card has no domain information. It is retained as a lower-confidence target rather than excluded without evidence.,Stage 1.2 Reviewed,,,jobs@armia.com,Careers,Primary,https://www.armia.com/careers.php,Official Careers Page,Publicly published functional business email on this page.,High,Hiring Relevant,Multiple Public Emails Found,Completed - Email Found,
Array Platforms Pvt Ltd,0484-4041580,array.team,,https://infopark.in/companies-profile/array-platforms-pvt-ltd,https://infopark.in/jobs/394,https://infopark.in/companies,,Low,Low,Unknown,Unknown,Low,"No domain information is available in the Infopark directory, so software-development relevance cannot be established.",Not a developer target,Stage 1.1 Classified,Domain field is blank; developer relevance is uncertain from available directory data.,Medium,The Infopark card has no domain information. It is retained as a lower-confidence target rather than excluded without evidence.,Stage 1.2 Reviewed,,,contact@array.team,General,General,https://array.team/contact/,Official Contact Page,Publicly published functional business email on this page.,High,General Business,Multiple Public Emails Found,Completed - Email Found,
Array Platforms Pvt Ltd,0484-4041580,array.team,,https://infopark.in/companies-profile/array-platforms-pvt-ltd,https://infopark.in/jobs/394,https://infopark.in/companies,,Low,Low,Unknown,Unknown,Low,"No domain information is available in the Infopark directory, so software-development relevance cannot be established.",Not a developer target,Stage 1.1 Classified,Domain field is blank; developer relevance is uncertain from available directory data.,Medium,The Infopark card has no domain information. It is retained as a lower-confidence target rather than excluded without evidence.,Stage 1.2 Reviewed,,,sales@array.team,Other,Secondary,https://array.team/contact/,Official Contact Page,Publicly published functional business email on this page.,High,Other Business,Multiple Public Emails Found,Completed - Email Found,
Array Platforms Pvt Ltd,0484-4041580,array.team,,https://infopark.in/companies-profile/array-platforms-pvt-ltd,https://infopark.in/jobs/394,https://infopark.in/companies,,Low,Low,Unknown,Unknown,Low,"No domain information is available in the Infopark directory, so software-development relevance cannot be established.",Not a developer target,Stage 1.1 Classified,Domain field is blank; developer relevance is uncertain from available directory data.,Medium,The Infopark card has no domain information. It is retained as a lower-confidence target rather than excluded without evidence.,Stage 1.2 Reviewed,,,support@array.team,Other,Secondary,https://array.team/contact/,Official Contact Page,Publicly published functional business email on this page.,High,Other Business,Multiple Public Emails Found,Completed - Email Found,
Art Technology and Software.,0484-2415244,www.artechsoft.com,,https://infopark.in/companies-profile/art-technology-and-software,https://infopark.in/jobs/4,https://infopark.in/companies,,Low,Low,Unknown,Unknown,Low,"No domain information is available in the Infopark directory, so software-development relevance cannot be established.",Not a developer target,Stage 1.1 Classified,Domain field is blank; developer relevance is uncertain from available directory data.,Medium,The Infopark card has no domain information. It is retained as a lower-confidence target rather than excluded without evidence.,Stage 1.2 Reviewed,,,info@artechsoft.com,General,General,https://www.artechsoft.com/,Official Website,Publicly published functional business email on this page.,High,General Business,Email Found,Completed - Email Found,
Aspire Systems Digital Private Limited,0484 4061901,www.aspiresys.com,,https://infopark.in/companies-profile/aspire-systems-digital-private-limited,https://infopark.in/jobs/36,https://infopark.in/companies,,Low,Low,Unknown,Unknown,Low,"No domain information is available in the Infopark directory, so software-development relevance cannot be established.",Not a developer target,Stage 1.1 Classified,Domain field is blank; developer relevance is uncertain from available directory data.,Medium,The Infopark card has no domain information. It is retained as a lower-confidence target rather than excluded without evidence.,Stage 1.2 Reviewed,,,,,,,,,,,No Public Email Found,Completed - No Public Email,
AVENTUS INFORMATICS,7907091213,www.aventusinformatics.com,,https://infopark.in/companies-profile/aventus-informatics,https://infopark.in/jobs/148,https://infopark.in/companies,,Low,Low,Unknown,Unknown,Low,"No domain information is available in the Infopark directory, so software-development relevance cannot be established.",Not a developer target,Stage 1.1 Classified,Domain field is blank; developer relevance is uncertain from available directory data.,Medium,The Infopark card has no domain information. It is retained as a lower-confidence target rather than excluded without evidence.,Stage 1.2 Reviewed,,,info@aventusinformatics.com,General,General,https://www.aventusinformatics.com/,Official Website,Publicly published functional business email on this page.,High,General Business,Email Found,Completed - Email Found,
Ayata Commerce Tech Solutions Pvt Ltd,+919995473245,www.ayatacommerce.com,,https://infopark.in/companies-profile/ayata-commerce-tech-solutions-pvt-ltd,https://infopark.in/jobs/299,https://infopark.in/companies,,Low,Low,Unknown,Unknown,Low,"No domain information is available in the Infopark directory, so software-development relevance cannot be established.",Not a developer target,Stage 1.1 Classified,Domain field is blank; developer relevance is uncertain from available directory data.,Medium,The Infopark card has no domain information. It is retained as a lower-confidence target rather than excluded without evidence.,Stage 1.2 Reviewed,,,info@ayatacommerce.com,General,General,https://ayatacommerce.com/,Official Website,Publicly published functional business email on this page.,High,General Business,Email Found,Completed - Email Found,
Banzan Studios,,www.banzan.co,,https://infopark.in/companies-profile/banzan-studios,https://infopark.in/jobs/463,https://infopark.in/companies,,Low,Low,Unknown,Unknown,Low,"No domain information is available in the Infopark directory, so software-development relevance cannot be established.",Not a developer target,Stage 1.1 Classified,Domain field is blank; developer relevance is uncertain from available directory data.,Medium,The Infopark card has no domain information. It is retained as a lower-confidence target rather than excluded without evidence.,Stage 1.2 Reviewed,,,info@banzan.co,General,General,https://infopark.in/companies-profile/banzan-studios,Official Infopark Directory,Publicly published functional business email on this page.,High,General Business,Email Found,Completed - Email Found,
Beinex Consulting Pvt Ltd,6238389957,www.beinex.com,,https://infopark.in/companies-profile/beinex-consulting-pvt-ltd,https://infopark.in/jobs/260,https://infopark.in/companies,,Low,Low,Unknown,Unknown,Low,"No domain information is available in the Infopark directory, so software-development relevance cannot be established.",Not a developer target,Stage 1.1 Classified,Domain field is blank; developer relevance is uncertain from available directory data.,Medium,The Infopark card has no domain information. It is retained as a lower-confidence target rather than excluded without evidence.,Stage 1.2 Reviewed,,,careers@beinex.com,Careers,Primary,https://infopark.in/companies-profile/beinex-consulting-pvt-ltd,Official Infopark Directory,Publicly published functional business email on this page.,High,Hiring Relevant,Email Found,Completed - Email Found,
Beth Soft Technologies India Private Limited,9633849485,www.bethsofttechnologies.com,,https://infopark.in/companies-profile/beth-soft-technologies-india-private-limited,https://infopark.in/jobs/325,https://infopark.in/companies,,Low,Low,Unknown,Unknown,Low,"No domain information is available in the Infopark directory, so software-development relevance cannot be established.",Not a developer target,Stage 1.1 Classified,Domain field is blank; developer relevance is uncertain from available directory data.,Medium,The Infopark card has no domain information. It is retained as a lower-confidence target rather than excluded without evidence.,Stage 1.2 Reviewed,,,info@bethsofttechnologies.com,General,General,https://www.bethsofttechnologies.com/,Official Website,Publicly published functional business email on this page.,High,General Business,Multiple Public Emails Found,Completed - Email Found,Could not access https://www.bethsofttechnologies.com/testimonial.html: HTTP 404
Beth Soft Technologies India Private Limited,9633849485,www.bethsofttechnologies.com,,https://infopark.in/companies-profile/beth-soft-technologies-india-private-limited,https://infopark.in/jobs/325,https://infopark.in/companies,,Low,Low,Unknown,Unknown,Low,"No domain information is available in the Infopark directory, so software-development relevance cannot be established.",Not a developer target,Stage 1.1 Classified,Domain field is blank; developer relevance is uncertain from available directory data.,Medium,The Infopark card has no domain information. It is retained as a lower-confidence target rather than excluded without evidence.,Stage 1.2 Reviewed,,,info@bizada.com,General,General,https://www.bethsofttechnologies.com/,Official Website,Publicly published functional business email on this page.,High,General Business,Multiple Public Emails Found,Completed - Email Found,Could not access https://www.bethsofttechnologies.com/testimonial.html: HTTP 404
Bhooshan's Junior,04843539863,www.bhooshansjr.in,,https://infopark.in/companies-profile/bhooshan-s-junior,https://infopark.in/jobs/227,https://infopark.in/companies,,Low,Low,Unknown,Unknown,Low,"No domain information is available in the Infopark directory, so software-development relevance cannot be established.",Not a developer target,Stage 1.1 Classified,Domain field is blank; developer relevance is uncertain from available directory data.,Medium,The Infopark card has no domain information. It is retained as a lower-confidence target rather than excluded without evidence.,Stage 1.2 Reviewed,,,info@bhooshansjr.in,General,General,https://bhooshansjr.in/,Official Website,Publicly published functional business email on this page.,High,General Business,Email Found,Completed - Email Found,
Binaries,+918547644145,www.binariesindia.com,,https://infopark.in/companies-profile/binaries,https://infopark.in/jobs/403,https://infopark.in/companies,,Low,Low,Unknown,Unknown,Low,"No domain information is available in the Infopark directory, so software-development relevance cannot be established.",Not a developer target,Stage 1.1 Classified,Domain field is blank; developer relevance is uncertain from available directory data.,Medium,The Infopark card has no domain information. It is retained as a lower-confidence target rather than excluded without evidence.,Stage 1.2 Reviewed,,,info@binariesindia.com,General,General,https://infopark.in/companies-profile/binaries,Official Infopark Directory,Publicly published functional business email on this page.,High,General Business,Email Found,Completed - Email Found,
BJ Corps Technologies (OPC) Private Limited,9846691115,www.bjcorps.com,,https://infopark.in/companies-profile/bj-corps-technologies-opc-private-limited,https://infopark.in/jobs/97,https://infopark.in/companies,,Low,Low,Unknown,Unknown,Low,"No domain information is available in the Infopark directory, so software-development relevance cannot be established.",Not a developer target,Stage 1.1 Classified,Domain field is blank; developer relevance is uncertain from available directory data.,Medium,The Infopark card has no domain information. It is retained as a lower-confidence target rather than excluded without evidence.,Stage 1.2 Reviewed,,,info@bjcorps.com,General,General,https://infopark.in/companies-profile/bj-corps-technologies-opc-private-limited,Official Infopark Directory,Publicly published functional business email on this page.,High,General Business,Email Found,Completed - Email Found,
Braddock Infotech Pvt. Ltd.,+91 9447530986,www.braddockinfotech.com,,https://infopark.in/companies-profile/braddock-infotech-pvt-ltd,https://infopark.in/jobs/51,https://infopark.in/companies,,Low,Low,Unknown,Unknown,Low,"No domain information is available in the Infopark directory, so software-development relevance cannot be established.",Not a developer target,Stage 1.1 Classified,Domain field is blank; developer relevance is uncertain from available directory data.,Medium,The Infopark card has no domain information. It is retained as a lower-confidence target rather than excluded without evidence.,Stage 1.2 Reviewed,,,careers@braddockinfotech.com,Careers,Primary,https://www.braddockinfotech.com/,Official Website,Publicly published functional business email on this page.,High,Hiring Relevant,Multiple Public Emails Found,Completed - Email Found,
Braddock Infotech Pvt. Ltd.,+91 9447530986,www.braddockinfotech.com,,https://infopark.in/companies-profile/braddock-infotech-pvt-ltd,https://infopark.in/jobs/51,https://infopark.in/companies,,Low,Low,Unknown,Unknown,Low,"No domain information is available in the Infopark directory, so software-development relevance cannot be established.",Not a developer target,Stage 1.1 Classified,Domain field is blank; developer relevance is uncertain from available directory data.,Medium,The Infopark card has no domain information. It is retained as a lower-confidence target rather than excluded without evidence.,Stage 1.2 Reviewed,,,info@braddockinfotech.com,General,General,https://www.braddockinfotech.com/,Official Website,Publicly published functional business email on this page.,High,General Business,Multiple Public Emails Found,Completed - Email Found,
Braid Technologies Pvt. Ltd,9847128982,,,https://infopark.in/companies-profile/braid-technologies-pvt-ltd,https://infopark.in/jobs/199,https://infopark.in/companies,,Low,Low,Unknown,Unknown,Low,"No domain information is available in the Infopark directory, so software-development relevance cannot be established.",Not a developer target,Stage 1.1 Classified,Domain field is blank; developer relevance is uncertain from available directory data.,Medium,The Infopark card has no domain information. It is retained as a lower-confidence target rather than excluded without evidence.,Stage 1.2 Reviewed,,,info@braidtechnologies.com,General,General,https://infopark.in/companies-profile/braid-technologies-pvt-ltd,Official Infopark Directory,Publicly published functional business email on this page.,High,General Business,Email Found,Completed - Email Found,No usable website URL in frozen target data.
Bramma IT Solutions,+91 9895027444,www.brammait.com,,https://infopark.in/companies-profile/bramma-it-solutions,https://infopark.in/jobs/443,https://infopark.in/companies,,Low,Low,Unknown,Unknown,Low,"No domain information is available in the Infopark directory, so software-development relevance cannot be established.",Not a developer target,Stage 1.1 Classified,Domain field is blank; developer relevance is uncertain from available directory data.,Medium,The Infopark card has no domain information. It is retained as a lower-confidence target rather than excluded without evidence.,Stage 1.2 Reviewed,,,,,,,,,,,No Public Email Found,Completed - No Public Email,
Brennan IT India Private Limited,8097548206,www.brennanit.com.au,,https://infopark.in/companies-profile/brennan-it-india-private-limited,https://infopark.in/jobs/338,https://infopark.in/companies,,Low,Low,Unknown,Unknown,Low,"No domain information is available in the Infopark directory, so software-development relevance cannot be established.",Not a developer target,Stage 1.1 Classified,Domain field is blank; developer relevance is uncertain from available directory data.,Medium,The Infopark card has no domain information. It is retained as a lower-confidence target rather than excluded without evidence.,Stage 1.2 Reviewed,,,,,,,,,,,No Public Email Found,Completed - No Public Email,
BroadTech IT Solutions Pvt Ltd,+91 9048654482,www.broadtech-innovations.com,,https://infopark.in/companies-profile/broadtech-it-solutions-pvt-ltd,https://infopark.in/jobs/457,https://infopark.in/companies,,Low,Low,Unknown,Unknown,Low,"No domain information is available in the Infopark directory, so software-development relevance cannot be established.",Not a developer target,Stage 1.1 Classified,Domain field is blank; developer relevance is uncertain from available directory data.,Medium,The Infopark card has no domain information. It is retained as a lower-confidence target rather than excluded without evidence.,Stage 1.2 Reviewed,,,contact@broadtech-innovations.com,General,General,https://www.broadtech-innovations.com/,Official Website,Publicly published functional business email on this page.,High,General Business,Email Found,Completed - Email Found,
Cabot Technology Solutions Pvt. Ltd.,0484 404 5555,www.cabotsolutions.com,,https://infopark.in/companies-profile/cabot-technology-solutions-pvt-ltd,https://infopark.in/jobs/64,https://infopark.in/companies,,Low,Low,Unknown,Unknown,Low,"No domain information is available in the Infopark directory, so software-development relevance cannot be established.",Not a developer target,Stage 1.1 Classified,Domain field is blank; developer relevance is uncertain from available directory data.,Medium,The Infopark card has no domain information. It is retained as a lower-confidence target rather than excluded without evidence.,Stage 1.2 Reviewed,,,info@cabotsolutions.com,General,General,https://infopark.in/companies-profile/cabot-technology-solutions-pvt-ltd,Official Infopark Directory,Publicly published functional business email on this page.,High,General Business,Email Found,Completed - Email Found,
Calpine Group,+91 484 241 5030,www.calpinetech.com,Artificial Intelligence (AI) / Machine Learning (ML) | Lab Automation | Cheminformatics | Bioinformatics | Life Science,https://infopark.in/companies-profile/calpine-group,https://infopark.in/jobs/1,https://infopark.in/companies,,High,Medium,AI / Machine Learning,Data / AI Engineer,Medium,"Available Infopark domain information indicates a technology-focused business, but does not clearly establish software-development work.",Technical role inquiry,Stage 1.1 Classified,Developer relevance uncertain from available directory data.,Medium,"The Infopark domain indicates technology-related work, but the saved evidence does not clearly establish central software-development work.",Stage 1.2 Reviewed,,,info@calpinetech.com,General,General,https://infopark.in/companies-profile/calpine-group,Official Infopark Directory,Publicly published functional business email on this page.,High,General Business,Email Found,Completed - Email Found,
CareRevenue Technology Pvt. Ltd.,7510200399,https://carerevenue.com/,,https://infopark.in/companies-profile/carerevenue-technology-pvt-ltd,https://infopark.in/jobs/303,https://infopark.in/companies,,Low,Low,Unknown,Unknown,Low,"No domain information is available in the Infopark directory, so software-development relevance cannot be established.",Not a developer target,Stage 1.1 Classified,Domain field is blank; developer relevance is uncertain from available directory data.,Medium,The Infopark card has no domain information. It is retained as a lower-confidence target rather than excluded without evidence.,Stage 1.2 Reviewed,,,careers@carerevenue.com,Careers,Primary,https://infopark.in/companies-profile/carerevenue-technology-pvt-ltd,Official Infopark Directory,Publicly published functional business email on this page.,High,Hiring Relevant,Email Found,Completed - Email Found,
Carnegie Worldwide Services Pvt Ltd,04844609761,www.carnegieworldwideservices.com,Back Office & Administrative Services | IT Consulting & Managed Services,https://infopark.in/companies-profile/carnegie-worldwide-services-pvt-ltd,https://infopark.in/jobs/500,https://infopark.in/companies,,High,Medium,Technology Consulting,Other Technical Role,Medium,"Available Infopark domain information indicates a technology-focused business, but does not clearly establish software-development work.",Technical role inquiry,Stage 1.1 Classified,Developer relevance uncertain from available directory data.,Medium,"The Infopark domain indicates technology-related work, but the saved evidence does not clearly establish central software-development work.",Stage 1.2 Reviewed,,,,,,,,,,,No Public Email Found,Completed - No Public Email,
Cascade Revenue Management Pvt. Ltd,0484 4861626,www.aimabms.com,,https://infopark.in/companies-profile/cascade-revenue-management-pvt-ltd,https://infopark.in/jobs/138,https://infopark.in/companies,,Low,Low,Unknown,Unknown,Low,"No domain information is available in the Infopark directory, so software-development relevance cannot be established.",Not a developer target,Stage 1.1 Classified,Domain field is blank; developer relevance is uncertain from available directory data.,Medium,The Infopark card has no domain information. It is retained as a lower-confidence target rather than excluded without evidence.,Stage 1.2 Reviewed,,,,,,,,,,,No Public Email Found,Completed - No Public Email,Could not access https://www.aimabms.com/: HTTP 403 At least one permitted public source was unavailable; no eligible public business email was found on accessible sources.
Cavli Wireless,8893204111,www.cavliwireless.com,,https://infopark.in/companies-profile/cavli-wireless,https://infopark.in/jobs/277,https://infopark.in/companies,,Low,Low,Unknown,Unknown,Low,"No domain information is available in the Infopark directory, so software-development relevance cannot be established.",Not a developer target,Stage 1.1 Classified,Domain field is blank; developer relevance is uncertain from available directory data.,Medium,The Infopark card has no domain information. It is retained as a lower-confidence target rather than excluded without evidence.,Stage 1.2 Reviewed,,,careers@cavliwireless.com,Careers,Primary,https://www.cavliwireless.com/careers,Official Careers Page,Publicly published functional business email on this page.,High,Hiring Relevant,Multiple Public Emails Found,Completed - Email Found,
Cavli Wireless,8893204111,www.cavliwireless.com,,https://infopark.in/companies-profile/cavli-wireless,https://infopark.in/jobs/277,https://infopark.in/companies,,Low,Low,Unknown,Unknown,Low,"No domain information is available in the Infopark directory, so software-development relevance cannot be established.",Not a developer target,Stage 1.1 Classified,Domain field is blank; developer relevance is uncertain from available directory data.,Medium,The Infopark card has no domain information. It is retained as a lower-confidence target rather than excluded without evidence.,Stage 1.2 Reviewed,,,sales@cavliwireless.com,Other,Secondary,https://www.cavliwireless.com/contact-us,Official Contact Page,Publicly published functional business email on this page.,High,Other Business,Multiple Public Emails Found,Completed - Email Found,
CCS Technologies (P) Ltd,,www.ccs-technologies.com,,https://infopark.in/companies-profile/ccs-technologies-p-ltd,https://infopark.in/jobs/43,https://infopark.in/companies,,Low,Low,Unknown,Unknown,Low,"No domain information is available in the Infopark directory, so software-development relevance cannot be established.",Not a developer target,Stage 1.1 Classified,Domain field is blank; developer relevance is uncertain from available directory data.,Medium,The Infopark card has no domain information. It is retained as a lower-confidence target rather than excluded without evidence.,Stage 1.2 Reviewed,,,careers@ccs-technologies.com,Careers,Primary,https://ccs-technologies.com/contact-us/,Official Contact Page,Publicly published functional business email on this page.,High,Hiring Relevant,Email Found,Completed - Email Found,
CEREIV Advisory LLP,9745767949,www.cereiv.com,,https://infopark.in/companies-profile/cereiv-advisory-llp,https://infopark.in/jobs/270,https://infopark.in/companies,,Low,Low,Unknown,Unknown,Low,"No domain information is available in the Infopark directory, so software-development relevance cannot be established.",Not a developer target,Stage 1.1 Classified,Domain field is blank; developer relevance is uncertain from available directory data.,Medium,The Infopark card has no domain information. It is retained as a lower-confidence target rather than excluded without evidence.,Stage 1.2 Reviewed,,,sales@cereiv.com,Other,Secondary,https://cereiv.com/,Official Website,Publicly published functional business email on this page.,High,Other Business,Email Found,Completed - Email Found,
CHISQUARE LABS,7356949900,chisquarelabs.com,Robotics & Automation | Data Science & Analytics | Cybersecurity | Software Development | Artificial Intelligence (AI) / Machine Learning (ML),https://infopark.in/companies-profile/chisquare-labs,https://infopark.in/jobs/509,https://infopark.in/companies,,High,High,Software Development / AI / Machine Learning / Data / Analytics / Cybersecurity,"Software Developer, Software Engineer, Application Developer, Data / AI Engineer",High,Available Infopark domain information explicitly includes software or application development.,Developer / Software Engineer application,Stage 1.1 Classified,,High,"Stage 1.1 identifies explicit software, web, mobile, or application-development evidence in the Infopark domain field.",Stage 1.2 Reviewed,,,careers@chisquarelabs.com,Careers,Primary,https://chisquarelabs.com/careers/,Official Careers Page,Publicly published functional business email on this page.,High,Hiring Relevant,Multiple Public Emails Found,Completed - Email Found,
CHISQUARE LABS,7356949900,chisquarelabs.com,Robotics & Automation | Data Science & Analytics | Cybersecurity | Software Development | Artificial Intelligence (AI) / Machine Learning (ML),https://infopark.in/companies-profile/chisquare-labs,https://infopark.in/jobs/509,https://infopark.in/companies,,High,High,Software Development / AI / Machine Learning / Data / Analytics / Cybersecurity,"Software Developer, Software Engineer, Application Developer, Data / AI Engineer",High,Available Infopark domain information explicitly includes software or application development.,Developer / Software Engineer application,Stage 1.1 Classified,,High,"Stage 1.1 identifies explicit software, web, mobile, or application-development evidence in the Infopark domain field.",Stage 1.2 Reviewed,,,info@chisquarelabs.com,General,General,https://chisquarelabs.com/,Official Website,Publicly published functional business email on this page.,High,General Business,Multiple Public Emails Found,Completed - Email Found,
CipherPeak Private Limited,"+91 90747 07573, +91 97467 11096",cipherpeakpvtltd.com,Digital Marketing & Content Services | UI/UX Design & Development | Software Development,https://infopark.in/companies-profile/cipherpeak-private-limited,https://infopark.in/jobs/504,https://infopark.in/companies,,High,High,Software Development / Digital Technology,"Software Developer, Software Engineer, Application Developer",High,Available Infopark domain information explicitly includes software or application development.,Developer / Software Engineer application,Stage 1.1 Classified,,High,"Stage 1.1 identifies explicit software, web, mobile, or application-development evidence in the Infopark domain field.",Stage 1.2 Reviewed,,,,,,,,,,,No Public Email Found,Completed - No Public Email,"Could not access https://cipherpeakpvtltd.com/: ConnectionError: HTTPSConnectionPool(host='cipherpeakpvtltd.com', port=443): Max retries exceeded with url: / (Caused by NameResolutionError(""HTTPSConnection(host='cipherpeakpvtltd.com', port=443): Failed to resolve 'cipherpeakpvtltd.com' ([Errno 11001] getaddrinfo failed)"")) At least one permitted public source was unavailable; no eligible public business email was found on accessible sources."
Classic Technologies & Business Solutions Pvt. Ltd.,+91 9048400038,www.ctebs.com,,https://infopark.in/companies-profile/classic-technologies-business-solutions-pvt-ltd,https://infopark.in/jobs/340,https://infopark.in/companies,,Low,Low,Unknown,Unknown,Low,"No domain information is available in the Infopark directory, so software-development relevance cannot be established.",Not a developer target,Stage 1.1 Classified,Domain field is blank; developer relevance is uncertain from available directory data.,Medium,The Infopark card has no domain information. It is retained as a lower-confidence target rather than excluded without evidence.,Stage 1.2 Reviewed,,,hr@ctebs.com,HR,Primary,https://www.ctebs.com/contact/contact.html,Official Contact Page,Publicly published functional business email on this page.,High,Hiring Relevant,Multiple Public Emails Found,Completed - Email Found,
Classic Technologies & Business Solutions Pvt. Ltd.,+91 9048400038,www.ctebs.com,,https://infopark.in/companies-profile/classic-technologies-business-solutions-pvt-ltd,https://infopark.in/jobs/340,https://infopark.in/companies,,Low,Low,Unknown,Unknown,Low,"No domain information is available in the Infopark directory, so software-development relevance cannot be established.",Not a developer target,Stage 1.1 Classified,Domain field is blank; developer relevance is uncertain from available directory data.,Medium,The Infopark card has no domain information. It is retained as a lower-confidence target rather than excluded without evidence.,Stage 1.2 Reviewed,,,marketing@ctebs.com,Other,Secondary,https://www.ctebs.com/,Official Website,Publicly published functional business email on this page.,High,Other Business,Multiple Public Emails Found,Completed - Email Found,
ClaySys Technologies Pvt.Ltd,0484 297 5311,www.claysys.com,,https://infopark.in/companies-profile/claysys-technologies-pvt-ltd,https://infopark.in/jobs/71,https://infopark.in/companies,,Low,Low,Unknown,Unknown,Low,"No domain information is available in the Infopark directory, so software-development relevance cannot be established.",Not a developer target,Stage 1.1 Classified,Domain field is blank; developer relevance is uncertain from available directory data.,Medium,The Infopark card has no domain information. It is retained as a lower-confidence target rather than excluded without evidence.,Stage 1.2 Reviewed,,,info@claysys.com,General,General,https://infopark.in/companies-profile/claysys-technologies-pvt-ltd,Official Infopark Directory,Publicly published functional business email on this page.,High,General Business,Email Found,Completed - Email Found,
Clevero India Pvt. Ltd.,98952 25072,www.cleverotel.com,IT Consulting & Managed Services,https://infopark.in/companies-profile/clevero-india-pvt-ltd,https://infopark.in/jobs/533,https://infopark.in/companies,,High,Medium,Technology Consulting,Other Technical Role,Medium,"Available Infopark domain information indicates a technology-focused business, but does not clearly establish software-development work.",Technical role inquiry,Stage 1.1 Classified,Developer relevance uncertain from available directory data.,Medium,"The Infopark domain indicates technology-related work, but the saved evidence does not clearly establish central software-development work.",Stage 1.2 Reviewed,,,sales@clevero.com,Other,Secondary,https://cleverotel.com/,Official Website,Publicly published functional business email on this page.,High,Other Business,Email Found,Completed - Email Found,
CloudHouse Technologies Pvt.Ltd,"0480 2737360,",cloudhousetechnologies.com,IT Consulting & Managed Services | UI/UX Design & Development | Cloud Computing | Enterprise Solutions | Software Development,https://infopark.in/companies-profile/cloudhouse-technologies-pvt-ltd,https://infopark.in/jobs/480,https://infopark.in/companies,,High,High,Software Development / Cloud / Infrastructure / Technology Consulting / Digital Technology,"Software Developer, Software Engineer, Application Developer, DevOps / Cloud Engineer",High,Available Infopark domain information explicitly includes software or application development.,Developer / Software Engineer application,Stage 1.1 Classified,,High,"Stage 1.1 identifies explicit software, web, mobile, or application-development evidence in the Infopark domain field.",Stage 1.2 Reviewed,,,info@cloudhousetechnologies.com,General,General,https://cloudhousetechnologies.com/,Official Website,Publicly published functional business email on this page.,High,General Business,Multiple Public Emails Found,Completed - Email Found,
CloudHouse Technologies Pvt.Ltd,"0480 2737360,",cloudhousetechnologies.com,IT Consulting & Managed Services | UI/UX Design & Development | Cloud Computing | Enterprise Solutions | Software Development,https://infopark.in/companies-profile/cloudhouse-technologies-pvt-ltd,https://infopark.in/jobs/480,https://infopark.in/companies,,High,High,Software Development / Cloud / Infrastructure / Technology Consulting / Digital Technology,"Software Developer, Software Engineer, Application Developer, DevOps / Cloud Engineer",High,Available Infopark domain information explicitly includes software or application development.,Developer / Software Engineer application,Stage 1.1 Classified,,High,"Stage 1.1 identifies explicit software, web, mobile, or application-development evidence in the Infopark domain field.",Stage 1.2 Reviewed,,,jobs@cloudhousetechnologies.com,Careers,Primary,https://cloudhousetechnologies.com/careers,Official Careers Page,Publicly published functional business email on this page.,High,Hiring Relevant,Multiple Public Emails Found,Completed - Email Found,
Cloudium Software Pvt. Ltd.,04844850733,www.cloudium.io,,https://infopark.in/companies-profile/cloudium-software-pvt-ltd,https://infopark.in/jobs/158,https://infopark.in/companies,,Low,Low,Unknown,Unknown,Low,"No domain information is available in the Infopark directory, so software-development relevance cannot be established.",Not a developer target,Stage 1.1 Classified,Domain field is blank; developer relevance is uncertain from available directory data.,Medium,The Infopark card has no domain information. It is retained as a lower-confidence target rather than excluded without evidence.,Stage 1.2 Reviewed,,,info@cloudium.io,General,General,https://infopark.in/companies-profile/cloudium-software-pvt-ltd,Official Infopark Directory,Publicly published functional business email on this page.,High,General Business,Email Found,Completed - Email Found,"Could not access https://www.cloudium.io/: SSLError: HTTPSConnectionPool(host='www.cloudium.io', port=443): Max retries exceeded with url: / (Caused by SSLError(SSLCertVerificationError(1, '[SSL: CERTIFICATE_VERIFY_FAILED] certificate verify failed: unable to get local issuer certificate (_ssl.c:1006)')))"
CLOUDVICE,9037122872,www.cloudvice.com,Data Science & Analytics | Cloud Computing | Enterprise Solutions | Software Development | Artificial Intelligence (AI) / Machine Learning (ML),https://infopark.in/companies-profile/cloudvice,https://infopark.in/jobs/520,https://infopark.in/companies,,High,High,Software Development / AI / Machine Learning / Data / Analytics / Cloud / Infrastructure,"Software Developer, Software Engineer, Application Developer, Data / AI Engineer, DevOps / Cloud Engineer",High,Available Infopark domain information explicitly includes software or application development.,Developer / Software Engineer application,Stage 1.1 Classified,,High,"Stage 1.1 identifies explicit software, web, mobile, or application-development evidence in the Infopark domain field.",Stage 1.2 Reviewed,,,info@cloudvice.com,General,General,https://infopark.in/companies-profile/cloudvice,Official Infopark Directory,Publicly published functional business email on this page.,High,General Business,Email Found,Completed - Email Found,
CodeDesign Technologies Pvt Ltd,7558825266,codedesign.in,,https://infopark.in/companies-profile/codedesign-technologies-pvt-ltd,https://infopark.in/jobs/243,https://infopark.in/companies,,Low,Low,Unknown,Unknown,Low,"No domain information is available in the Infopark directory, so software-development relevance cannot be established.",Not a developer target,Stage 1.1 Classified,Domain field is blank; developer relevance is uncertain from available directory data.,Medium,The Infopark card has no domain information. It is retained as a lower-confidence target rather than excluded without evidence.,Stage 1.2 Reviewed,,,info@codedesign.in,General,General,https://codedesign.in/,Official Website,Publicly published functional business email on this page.,High,General Business,Email Found,Completed - Email Found,
Codelynks Software Solutions Private Limited,0484 402 6866,www.codelynks.com,,https://infopark.in/companies-profile/codelynks-software-solutions-private-limited,https://infopark.in/jobs/188,https://infopark.in/companies,,Low,Low,Unknown,Unknown,Low,"No domain information is available in the Infopark directory, so software-development relevance cannot be established.",Not a developer target,Stage 1.1 Classified,Domain field is blank; developer relevance is uncertain from available directory data.,Medium,The Infopark card has no domain information. It is retained as a lower-confidence target rather than excluded without evidence.,Stage 1.2 Reviewed,,,info@codelynks.com,General,General,https://codelynks.com/,Official Website,Publicly published functional business email on this page.,High,General Business,Email Found,Completed - Email Found,
CodeNext Technologies Pvt. Ltd.,9447406836,www.codenexttechnologies.com,,https://infopark.in/companies-profile/codenext-technologies-pvt-ltd,https://infopark.in/jobs/362,https://infopark.in/companies,,Low,Low,Unknown,Unknown,Low,"No domain information is available in the Infopark directory, so software-development relevance cannot be established.",Not a developer target,Stage 1.1 Classified,Domain field is blank; developer relevance is uncertain from available directory data.,Medium,The Infopark card has no domain information. It is retained as a lower-confidence target rather than excluded without evidence.,Stage 1.2 Reviewed,,,info@codenexttechnologies.com,General,General,https://codenexttechnologies.com/,Official Website,Publicly published functional business email on this page.,High,General Business,Email Found,Completed - Email Found,
Codmeric Infotech Pvt. Ltd.,+91 9605111710,www.codmeric.com,,https://infopark.in/companies-profile/codmeric-infotech-pvt-ltd,https://infopark.in/jobs/205,https://infopark.in/companies,,Low,Low,Unknown,Unknown,Low,"No domain information is available in the Infopark directory, so software-development relevance cannot be established.",Not a developer target,Stage 1.1 Classified,Domain field is blank; developer relevance is uncertain from available directory data.,Medium,The Infopark card has no domain information. It is retained as a lower-confidence target rather than excluded without evidence.,Stage 1.2 Reviewed,,,,,,,,,,,No Public Email Found,Completed - No Public Email,
Cognicor Technologies Pvt.Ltd,0484 241 5600,www.cognicor.com,,https://infopark.in/companies-profile/cognicor-technologies-pvt-ltd,https://infopark.in/jobs/74,https://infopark.in/companies,,Low,Low,Unknown,Unknown,Low,"No domain information is available in the Infopark directory, so software-development relevance cannot be established.",Not a developer target,Stage 1.1 Classified,Domain field is blank; developer relevance is uncertain from available directory data.,Medium,The Infopark card has no domain information. It is retained as a lower-confidence target rather than excluded without evidence.,Stage 1.2 Reviewed,,,hr@cognicor.com,HR,Primary,https://infopark.in/companies-profile/cognicor-technologies-pvt-ltd,Official Infopark Directory,Publicly published functional business email on this page.,High,Hiring Relevant,Email Found,Completed - Email Found,
Cogniwide Technologies Private Limited,,https://www.cogniwide.com,Data Science & Analytics | Cloud Computing | Enterprise Solutions | Software Development | Artificial Intelligence (AI) / Machine Learning (ML),https://infopark.in/companies-profile/cogniwide-technologies-private-limited,https://infopark.in/jobs/552,https://infopark.in/companies,,High,High,Software Development / AI / Machine Learning / Data / Analytics / Cloud / Infrastructure,"Software Developer, Software Engineer, Application Developer, Data / AI Engineer, DevOps / Cloud Engineer",High,Available Infopark domain information explicitly includes software or application development.,Developer / Software Engineer application,Stage 1.1 Classified,,High,"Stage 1.1 identifies explicit software, web, mobile, or application-development evidence in the Infopark domain field.",Stage 1.2 Reviewed,,,,,,,,,,,No Public Email Found,Completed - No Public Email,
Cognizant Technology Solutions,0484 392 1000,www.cognizant.com,,https://infopark.in/companies-profile/cognizant-technology-solutions,https://infopark.in/jobs/42,https://infopark.in/companies,,Low,Low,Unknown,Unknown,Low,"No domain information is available in the Infopark directory, so software-development relevance cannot be established.",Not a developer target,Stage 1.1 Classified,Domain field is blank; developer relevance is uncertain from available directory data.,Medium,The Infopark card has no domain information. It is retained as a lower-confidence target rather than excluded without evidence.,Stage 1.2 Reviewed,,,,,,,,,,,No Public Email Found,Completed - No Public Email,
Coinone Global Solutions Pvt Ltd,+91 999 5205 444,www.coinoneglobal.com,,https://infopark.in/companies-profile/coinone-global-solutions-pvt-ltd,https://infopark.in/jobs/436,https://infopark.in/companies,,Low,Low,Unknown,Unknown,Low,"No domain information is available in the Infopark directory, so software-development relevance cannot be established.",Not a developer target,Stage 1.1 Classified,Domain field is blank; developer relevance is uncertain from available directory data.,Medium,The Infopark card has no domain information. It is retained as a lower-confidence target rather than excluded without evidence.,Stage 1.2 Reviewed,,,info@coinoneglobal.com,General,General,https://infopark.in/companies-profile/coinone-global-solutions-pvt-ltd,Official Infopark Directory,Publicly published functional business email on this page.,High,General Business,Email Found,Completed - Email Found,
Conduent Business Services LLP,0484-2020202,www.conduent.com,,https://infopark.in/companies-profile/conduent-business-services-llp,https://infopark.in/jobs/285,https://infopark.in/companies,,Low,Low,Unknown,Unknown,Low,"No domain information is available in the Infopark directory, so software-development relevance cannot be established.",Not a developer target,Stage 1.1 Classified,Domain field is blank; developer relevance is uncertain from available directory data.,Medium,The Infopark card has no domain information. It is retained as a lower-confidence target rather than excluded without evidence.,Stage 1.2 Reviewed,,,,,,,,,,,No Public Email Found,Completed - No Public Email,
Consoul Associates,+91-9072256810,www.consoulassociates.com,Digital Trasformation Consulting | Management Consulting,https://infopark.in/companies-profile/consoul-associates,https://infopark.in/jobs/532,https://infopark.in/companies,,High,Medium,Technology Consulting,Other Technical Role,Medium,"Available Infopark domain information indicates a technology-focused business, but does not clearly establish software-development work.",Technical role inquiry,Stage 1.1 Classified,Developer relevance uncertain from available directory data.,Medium,"The Infopark domain indicates technology-related work, but the saved evidence does not clearly establish central software-development work.",Stage 1.2 Reviewed,,,info@consoulgroup.com,General,General,https://www.consoulassociates.com/,Official Website,Publicly published functional business email on this page.,High,General Business,Email Found,Completed - Email Found,
ContactPoint 360,,www.contactpoint360.com,,https://infopark.in/companies-profile/contactpoint-360,https://infopark.in/jobs/306,https://infopark.in/companies,,Low,Low,Unknown,Unknown,Low,"No domain information is available in the Infopark directory, so software-development relevance cannot be established.",Not a developer target,Stage 1.1 Classified,Domain field is blank; developer relevance is uncertain from available directory data.,Medium,The Infopark card has no domain information. It is retained as a lower-confidence target rather than excluded without evidence.,Stage 1.2 Reviewed,,,sales@contactpoint360.com,Other,Secondary,https://contactpoint360.com/,Official Website,Publicly published functional business email on this page.,High,Other Business,Email Found,Completed - Email Found,Could not access https://contactpoint360.com/recruiting-sourcing-software/: HTTP 404
CoolMinds Technologies Pvt Ltd.,0484 241 5121,www.coolmindsinc.com,,https://infopark.in/companies-profile/coolminds-technologies-pvt-ltd,https://infopark.in/jobs/6,https://infopark.in/companies,,Low,Low,Unknown,Unknown,Low,"No domain information is available in the Infopark directory, so software-development relevance cannot be established.",Not a developer target,Stage 1.1 Classified,Domain field is blank; developer relevance is uncertain from available directory data.,Medium,The Infopark card has no domain information. It is retained as a lower-confidence target rather than excluded without evidence.,Stage 1.2 Reviewed,,,info@coolmindsinc.com,General,General,https://www.coolmindsinc.com/,Official Website,Publicly published functional business email on this page.,High,General Business,Email Found,Completed - Email Found,
Crossgen Technologies,0484-2992021,www.crossgentech.com,,https://infopark.in/companies-profile/crossgen-technologies,https://infopark.in/jobs/287,https://infopark.in/companies,,Low,Low,Unknown,Unknown,Low,"No domain information is available in the Infopark directory, so software-development relevance cannot be established.",Not a developer target,Stage 1.1 Classified,Domain field is blank; developer relevance is uncertain from available directory data.,Medium,The Infopark card has no domain information. It is retained as a lower-confidence target rather than excluded without evidence.,Stage 1.2 Reviewed,,,info@crossgentech.com,General,General,https://crossgentech.com/contact-us/,Official Contact Page,Publicly published functional business email on this page.,High,General Business,Multiple Public Emails Found,Completed - Email Found,
Crossgen Technologies,0484-2992021,www.crossgentech.com,,https://infopark.in/companies-profile/crossgen-technologies,https://infopark.in/jobs/287,https://infopark.in/companies,,Low,Low,Unknown,Unknown,Low,"No domain information is available in the Infopark directory, so software-development relevance cannot be established.",Not a developer target,Stage 1.1 Classified,Domain field is blank; developer relevance is uncertain from available directory data.,Medium,The Infopark card has no domain information. It is retained as a lower-confidence target rather than excluded without evidence.,Stage 1.2 Reviewed,,,sales@crossgentech.com,Other,Secondary,https://crossgentech.com/contact-us/,Official Contact Page,Publicly published functional business email on this page.,High,Other Business,Multiple Public Emails Found,Completed - Email Found,
CSEIDC TECHNOLOGIES PVT LTD,+91 9037005084,www.cse.com.sa,Software Development,https://infopark.in/companies-profile/cseidc-technologies-pvt-ltd,https://infopark.in/jobs/481,https://infopark.in/companies,,High,High,Software Development,"Software Developer, Software Engineer, Application Developer",High,Available Infopark domain information explicitly includes software or application development.,Developer / Software Engineer application,Stage 1.1 Classified,,High,"Stage 1.1 identifies explicit software, web, mobile, or application-development evidence in the Infopark domain field.",Stage 1.2 Reviewed,,,info@cse.com.sa,General,General,https://cse.com.sa/,Official Website,Publicly published functional business email on this page.,High,General Business,Multiple Public Emails Found,Completed - Email Found,
CSEIDC TECHNOLOGIES PVT LTD,+91 9037005084,www.cse.com.sa,Software Development,https://infopark.in/companies-profile/cseidc-technologies-pvt-ltd,https://infopark.in/jobs/481,https://infopark.in/companies,,High,High,Software Development,"Software Developer, Software Engineer, Application Developer",High,Available Infopark domain information explicitly includes software or application development.,Developer / Software Engineer application,Stage 1.1 Classified,,High,"Stage 1.1 identifies explicit software, web, mobile, or application-development evidence in the Infopark domain field.",Stage 1.2 Reviewed,,,jobs@cse.com.sa,Careers,Primary,https://cse.com.sa/careers/,Official Careers Page,Publicly published functional business email on this page.,High,Hiring Relevant,Multiple Public Emails Found,Completed - Email Found,
Cubet Techno Labs Pvt.Ltd,0484-4054324,www.cubettech.com,,https://infopark.in/companies-profile/cubet-techno-labs-pvt-ltd,https://infopark.in/jobs/68,https://infopark.in/companies,,Low,Low,Unknown,Unknown,Low,"No domain information is available in the Infopark directory, so software-development relevance cannot be established.",Not a developer target,Stage 1.1 Classified,Domain field is blank; developer relevance is uncertain from available directory data.,Medium,The Infopark card has no domain information. It is retained as a lower-confidence target rather than excluded without evidence.,Stage 1.2 Reviewed,,,,,,,,,,,No Public Email Found,Completed - No Public Email,
Currentware India Pvt Ltd.,+91-484-4055678,www.currentware.com,,https://infopark.in/companies-profile/currentware-india-pvt-ltd,https://infopark.in/jobs/5,https://infopark.in/companies,,Low,Low,Unknown,Unknown,Low,"No domain information is available in the Infopark directory, so software-development relevance cannot be established.",Not a developer target,Stage 1.1 Classified,Domain field is blank; developer relevance is uncertain from available directory data.,Medium,The Infopark card has no domain information. It is retained as a lower-confidence target rather than excluded without evidence.,Stage 1.2 Reviewed,,,,,,,,,,,No Public Email Found,Completed - No Public Email,Could not access https://www.currentware.com/: HTTP 403 At least one permitted public source was unavailable; no eligible public business email was found on accessible sources.
CVS Info Solutions Private Limited,+918921947372,www.cvsinfosolutions.com,Digital Marketing & Content Services | IT Consulting & Managed Services | UI/UX Design & Development | Enterprise Solutions | Software Development,https://infopark.in/companies-profile/cvs-info-solutions-private-limited,https://infopark.in/jobs/523,https://infopark.in/companies,,High,High,Software Development / Technology Consulting / Digital Technology,"Software Developer, Software Engineer, Application Developer",High,Available Infopark domain information explicitly includes software or application development.,Developer / Software Engineer application,Stage 1.1 Classified,,High,"Stage 1.1 identifies explicit software, web, mobile, or application-development evidence in the Infopark domain field.",Stage 1.2 Reviewed,,,,,,,,,,,No Public Email Found,Completed - No Public Email,
Cyberion Software Solutions Pvt. Ltd,+91 9995801261,www.pharma-erp.com,Software Development | Enterprise Solutions | ERP | .Net | AI,https://infopark.in/companies-profile/cyberion-software-solutions-pvt-ltd,https://infopark.in/jobs/502,https://infopark.in/companies,,High,High,Software Development / AI / Machine Learning,"Software Developer, Software Engineer, Application Developer, Data / AI Engineer",High,Available Infopark domain information explicitly includes software or application development.,Developer / Software Engineer application,Stage 1.1 Classified,,High,"Stage 1.1 identifies explicit software, web, mobile, or application-development evidence in the Infopark domain field.",Stage 1.2 Reviewed,,,info@cyberionsoft.com,General,General,https://cyberion.in/,Official Website,Publicly published functional business email on this page.,High,General Business,Email Found,Completed - Email Found,
Cybrosys Technologies Pvt. Ltd.,0484 320 0080,www.cybrosys.com,,https://infopark.in/companies-profile/cybrosys-technologies-pvt-ltd,https://infopark.in/jobs/86,https://infopark.in/companies,,Low,Low,Unknown,Unknown,Low,"No domain information is available in the Infopark directory, so software-development relevance cannot be established.",Not a developer target,Stage 1.1 Classified,Domain field is blank; developer relevance is uncertain from available directory data.,Medium,The Infopark card has no domain information. It is retained as a lower-confidence target rather than excluded without evidence.,Stage 1.2 Reviewed,,,info@cybrosys.com,General,General,https://www.cybrosys.com/,Official Website,Publicly published functional business email on this page.,High,General Business,Email Found,Completed - Email Found,
Daddara,8921062753,daddara.in,,https://infopark.in/companies-profile/daddara,https://infopark.in/jobs/376,https://infopark.in/companies,,Low,Low,Unknown,Unknown,Low,"No domain information is available in the Infopark directory, so software-development relevance cannot be established.",Not a developer target,Stage 1.1 Classified,Domain field is blank; developer relevance is uncertain from available directory data.,Medium,The Infopark card has no domain information. It is retained as a lower-confidence target rather than excluded without evidence.,Stage 1.2 Reviewed,,,,,,,,,,,No Public Email Found,Completed - No Public Email,
Daskalos virtual Academy pvt Limited,+91- 9778968024,mytuitionapp.com,,https://infopark.in/companies-profile/daskalos-virtual-academy-pvt-limited,https://infopark.in/jobs/328,https://infopark.in/companies,,Low,Low,Unknown,Unknown,Low,"No domain information is available in the Infopark directory, so software-development relevance cannot be established.",Not a developer target,Stage 1.1 Classified,Domain field is blank; developer relevance is uncertain from available directory data.,Medium,The Infopark card has no domain information. It is retained as a lower-confidence target rather than excluded without evidence.,Stage 1.2 Reviewed,,,,,,,,,,,No Public Email Found,Completed - No Public Email,
Dataequinox,+919074083251,www.dataequinox.com,AI,https://infopark.in/companies-profile/dataequinox,https://infopark.in/jobs/448,https://infopark.in/companies,,High,Medium,AI / Machine Learning,Data / AI Engineer,Medium,"Available Infopark domain information indicates a technology-focused business, but does not clearly establish software-development work.",Technical role inquiry,Stage 1.1 Classified,Developer relevance uncertain from available directory data.,Medium,"The Infopark domain indicates technology-related work, but the saved evidence does not clearly establish central software-development work.",Stage 1.2 Reviewed,,,hello@deqx.ai,General,General,https://deqx.ai/,Official Website,Publicly published functional business email on this page.,High,General Business,Email Found,Completed - Email Found,
Datafloat Technologies India Pvt Ltd,0484 2975161,www.idcglobal.com,,https://infopark.in/companies-profile/datafloat-technologies-india-pvt-ltd,https://infopark.in/jobs/24,https://infopark.in/companies,,Low,Low,Unknown,Unknown,Low,"No domain information is available in the Infopark directory, so software-development relevance cannot be established.",Not a developer target,Stage 1.1 Classified,Domain field is blank; developer relevance is uncertain from available directory data.,Medium,The Infopark card has no domain information. It is retained as a lower-confidence target rather than excluded without evidence.,Stage 1.2 Reviewed,,,,,,,,,,,No Public Email Found,Completed - No Public Email,
DataPMI Technologies LLP,+91-79078413781,www.datapmi.com,Cloud Computing | Enterprise Solutions | Cybersecurity | Software Development | Artificial Intelligence (AI) / Machine Learning (ML),https://infopark.in/companies-profile/datapmi-technologies-llp,https://infopark.in/jobs/555,https://infopark.in/companies,,High,High,Software Development / AI / Machine Learning / Cloud / Infrastructure / Cybersecurity,"Software Developer, Software Engineer, Application Developer, Data / AI Engineer, DevOps / Cloud Engineer",High,Available Infopark domain information explicitly includes software or application development.,Developer / Software Engineer application,Stage 1.1 Classified,,High,"Stage 1.1 identifies explicit software, web, mobile, or application-development evidence in the Infopark domain field.",Stage 1.2 Reviewed,,,,,,,,,,,No Public Email Found,Completed - No Public Email,
Datum Innovation,0478 2554009 Mob: 9961734403,www.datuminnovation.com,,https://infopark.in/companies-profile/datum-innovation,https://infopark.in/jobs/87,https://infopark.in/companies,,Low,Low,Unknown,Unknown,Low,"No domain information is available in the Infopark directory, so software-development relevance cannot be established.",Not a developer target,Stage 1.1 Classified,Domain field is blank; developer relevance is uncertain from available directory data.,Medium,The Infopark card has no domain information. It is retained as a lower-confidence target rather than excluded without evidence.,Stage 1.2 Reviewed,,,info@datuminnovation.com,General,General,https://www.datuminnovation.com/,Official Website,Publicly published functional business email on this page.,High,General Business,Email Found,Completed - Email Found,
DBiz AI Solutions Pvt. Ltd.,9995617998,dbiz.ai,IT Consulting & Managed Services | UI/UX Design & Development | Internet of Things (IoT) | Software Development | Artificial Intelligence (AI) / Machine Learning (ML),https://infopark.in/companies-profile/dbiz-ai-solutions-pvt-ltd,https://infopark.in/jobs/479,https://infopark.in/companies,,High,High,Software Development / AI / Machine Learning / Technology Consulting / Digital Technology,"Software Developer, Software Engineer, Application Developer, Data / AI Engineer",High,Available Infopark domain information explicitly includes software or application development.,Developer / Software Engineer application,Stage 1.1 Classified,,High,"Stage 1.1 identifies explicit software, web, mobile, or application-development evidence in the Infopark domain field.",Stage 1.2 Reviewed,,,,,,,,,,,No Public Email Found,Completed - No Public Email,
Dee and Lee Services,+919293811579,www.deeandlee.com,,https://infopark.in/companies-profile/dee-and-lee-services,https://infopark.in/jobs/499,https://infopark.in/companies,,Low,Low,Unknown,Unknown,Low,"No domain information is available in the Infopark directory, so software-development relevance cannot be established.",Not a developer target,Stage 1.1 Classified,Domain field is blank; developer relevance is uncertain from available directory data.,Medium,The Infopark card has no domain information. It is retained as a lower-confidence target rather than excluded without evidence.,Stage 1.2 Reviewed,,,,,,,,,,,No Public Email Found,Completed - No Public Email,
Difinity Digital,+91 99950 99789,difinitydigital.com,Robotics & Automation | IT Consulting & Managed Services | Data Science & Analytics | Software Development | Artificial Intelligence (AI) / Machine Learning (ML),https://infopark.in/companies-profile/difinity-digital,https://infopark.in/jobs/495,https://infopark.in/companies,,High,High,Software Development / AI / Machine Learning / Data / Analytics / Technology Consulting,"Software Developer, Software Engineer, Application Developer, Data / AI Engineer",High,Available Infopark domain information explicitly includes software or application development.,Developer / Software Engineer application,Stage 1.1 Classified,,High,"Stage 1.1 identifies explicit software, web, mobile, or application-development evidence in the Infopark domain field.",Stage 1.2 Reviewed,,,careers@difinitydigital.com,Careers,Primary,https://difinitydigital.com/,Official Website,Publicly published functional business email on this page.,High,Hiring Relevant,Multiple Public Emails Found,Completed - Email Found,
Difinity Digital,+91 99950 99789,difinitydigital.com,Robotics & Automation | IT Consulting & Managed Services | Data Science & Analytics | Software Development | Artificial Intelligence (AI) / Machine Learning (ML),https://infopark.in/companies-profile/difinity-digital,https://infopark.in/jobs/495,https://infopark.in/companies,,High,High,Software Development / AI / Machine Learning / Data / Analytics / Technology Consulting,"Software Developer, Software Engineer, Application Developer, Data / AI Engineer",High,Available Infopark domain information explicitly includes software or application development.,Developer / Software Engineer application,Stage 1.1 Classified,,High,"Stage 1.1 identifies explicit software, web, mobile, or application-development evidence in the Infopark domain field.",Stage 1.2 Reviewed,,,info@difinitydigital.com,General,General,https://difinitydigital.com/,Official Website,Publicly published functional business email on this page.,High,General Business,Multiple Public Emails Found,Completed - Email Found,
Digiora Technologies Pvt.Ltd.,0484 4061387,www.digiora.com,,https://infopark.in/companies-profile/digiora-technologies-pvt-ltd,https://infopark.in/jobs/250,https://infopark.in/companies,,Low,Low,Unknown,Unknown,Low,"No domain information is available in the Infopark directory, so software-development relevance cannot be established.",Not a developer target,Stage 1.1 Classified,Domain field is blank; developer relevance is uncertain from available directory data.,Medium,The Infopark card has no domain information. It is retained as a lower-confidence target rather than excluded without evidence.,Stage 1.2 Reviewed,,,info@digiora.com,General,General,https://www.digiora.com/,Official Website,Publicly published functional business email on this page.,High,General Business,Email Found,Completed - Email Found,
Dimensions Cybertech India Pvt. Ltd.,080-61860333,www.dimensionslive.com,,https://infopark.in/companies-profile/dimensions-cybertech-india-pvt-ltd,https://infopark.in/jobs/7,https://infopark.in/companies,,Low,Low,Unknown,Unknown,Low,"No domain information is available in the Infopark directory, so software-development relevance cannot be established.",Not a developer target,Stage 1.1 Classified,Domain field is blank; developer relevance is uncertain from available directory data.,Medium,The Infopark card has no domain information. It is retained as a lower-confidence target rather than excluded without evidence.,Stage 1.2 Reviewed,,,info@dimensionsgroup.com,General,General,https://dimensionslive.com/,Official Website,Publicly published functional business email on this page.,High,General Business,Email Found,Completed - Email Found,
Direct7 Telecom Solutions Pvt Ltd,9061031705,www.d7networks.com,Customer Support & Helpdesk Services | Enterprise Solutions | Communication Platform Service Provider,https://infopark.in/companies-profile/direct7-telecom-solutions-pvt-ltd,https://infopark.in/jobs/547,https://infopark.in/companies,,Low,Low,Other,Unknown,Low,Available Infopark domain information indicates non-software business activity.,Not a developer target,Stage 1.1 Classified,Clearly non-software business based on available directory data.,Medium,"The stated Infopark domain is technology-adjacent or digital, but direct software-development work is not clearly established.",Stage 1.2 Reviewed,,,info@d7networks.com,General,General,https://infopark.in/companies-profile/direct7-telecom-solutions-pvt-ltd,Official Infopark Directory,Publicly published functional business email on this page.,High,General Business,Email Found,Completed - Email Found,
Distinct Infotech Solutions,+91 9074508742,www.distinctinfotech.com,IT Consulting & Managed Services,https://infopark.in/companies-profile/distinct-infotech-solutions,https://infopark.in/jobs/529,https://infopark.in/companies,,High,Medium,Technology Consulting,Other Technical Role,Medium,"Available Infopark domain information indicates a technology-focused business, but does not clearly establish software-development work.",Technical role inquiry,Stage 1.1 Classified,Developer relevance uncertain from available directory data.,Medium,"The Infopark domain indicates technology-related work, but the saved evidence does not clearly establish central software-development work.",Stage 1.2 Reviewed,,,,,,,,,,,No Public Email Found,Completed - No Public Email,"Could not access https://www.distinctinfotech.com/: SSLError: HTTPSConnectionPool(host='www.distinctinfotech.com', port=443): Max retries exceeded with url: / (Caused by SSLError(SSLCertVerificationError(1, '[SSL: CERTIFICATE_VERIFY_FAILED] certificate verify failed: certificate has expired (_ssl.c:1006)'))) At least one permitted public source was unavailable; no eligible public business email was found on accessible sources."
DOCGIANT SERVICES INDIA PVT.LTD.,6282503130,www.docgiant.com,,https://infopark.in/companies-profile/docgiant-services-india-pvt-ltd,https://infopark.in/jobs/154,https://infopark.in/companies,,Low,Low,Unknown,Unknown,Low,"No domain information is available in the Infopark directory, so software-development relevance cannot be established.",Not a developer target,Stage 1.1 Classified,Domain field is blank; developer relevance is uncertain from available directory data.,Medium,The Infopark card has no domain information. It is retained as a lower-confidence target rather than excluded without evidence.,Stage 1.2 Reviewed,,,,,,,,,,,No Public Email Found,Completed - No Public Email,"Could not access https://www.docgiant.com/: ConnectionError: HTTPSConnectionPool(host='www.docgiant.com', port=443): Max retries exceeded with url: / (Caused by NameResolutionError(""HTTPSConnection(host='www.docgiant.com', port=443): Failed to resolve 'www.docgiant.com' ([Errno 11001] getaddrinfo failed)"")) At least one permitted public source was unavailable; no eligible public business email was found on accessible sources."
Dooth Internet Service Pvt. Ltd.,+91 9249097368,www.dooth.com,,https://infopark.in/companies-profile/dooth-internet-service-pvt-ltd,https://infopark.in/jobs/438,https://infopark.in/companies,,Low,Low,Unknown,Unknown,Low,"No domain information is available in the Infopark directory, so software-development relevance cannot be established.",Not a developer target,Stage 1.1 Classified,Domain field is blank; developer relevance is uncertain from available directory data.,Medium,The Infopark card has no domain information. It is retained as a lower-confidence target rather than excluded without evidence.,Stage 1.2 Reviewed,,,,,,,,,,,No Public Email Found,Completed - No Public Email,
Dot In Technologies,919446625200,https://www.dotintech.com,Mobile Application Development | AI | IT Consulting & Managed Services,https://infopark.in/companies-profile/dot-in-technologies,https://infopark.in/jobs/213,https://infopark.in/companies,,High,High,Software Development / Mobile Development / AI / Machine Learning / Technology Consulting,"Software Developer, Software Engineer, Application Developer, Mobile Developer, Data / AI Engineer",High,Available Infopark domain information explicitly includes software or application development.,Developer / Software Engineer application,Stage 1.1 Classified,,High,"Stage 1.1 identifies explicit software, web, mobile, or application-development evidence in the Infopark domain field.",Stage 1.2 Reviewed,,,,,,,,,,,No Public Email Found,Completed - No Public Email,
Dynactionize India Pvt Ltd,+91 91 880 70144,www.consono.ai,,https://infopark.in/companies-profile/dynactionize-india-pvt-ltd,https://infopark.in/jobs/115,https://infopark.in/companies,,Low,Low,Unknown,Unknown,Low,"No domain information is available in the Infopark directory, so software-development relevance cannot be established.",Not a developer target,Stage 1.1 Classified,Domain field is blank; developer relevance is uncertain from available directory data.,Medium,The Infopark card has no domain information. It is retained as a lower-confidence target rather than excluded without evidence.,Stage 1.2 Reviewed,,,info@consono.ai,General,General,https://consono.ai/,Official Website,Publicly published functional business email on this page.,High,General Business,Email Found,Completed - Email Found,
Dynamed Healthcare Solutions Pvt.Ltd.,"9072955500,0484-2977227",www.dynamedhealth.com,,https://infopark.in/companies-profile/dynamed-healthcare-solutions-pvt-ltd,https://infopark.in/jobs/132,https://infopark.in/companies,,Low,Low,Unknown,Unknown,Low,"No domain information is available in the Infopark directory, so software-development relevance cannot be established.",Not a developer target,Stage 1.1 Classified,Domain field is blank; developer relevance is uncertain from available directory data.,Medium,The Infopark card has no domain information. It is retained as a lower-confidence target rather than excluded without evidence.,Stage 1.2 Reviewed,,,hr@dynamedhealth.com,HR,Primary,https://infopark.in/companies-profile/dynamed-healthcare-solutions-pvt-ltd,Official Infopark Directory,Publicly published functional business email on this page.,High,Hiring Relevant,Email Found,Completed - Email Found,
Edstem Technologies Pvt Ltd,+91 9048738807,www.edstem.com,,https://infopark.in/companies-profile/edstem-technologies-pvt-ltd,https://infopark.in/jobs/341,https://infopark.in/companies,,Low,Low,Unknown,Unknown,Low,"No domain information is available in the Infopark directory, so software-development relevance cannot be established.",Not a developer target,Stage 1.1 Classified,Domain field is blank; developer relevance is uncertain from available directory data.,Medium,The Infopark card has no domain information. It is retained as a lower-confidence target rather than excluded without evidence.,Stage 1.2 Reviewed,,,careers@edstem.com,Careers,Primary,https://www.edstem.com/careers,Official Careers Page,Publicly published functional business email on this page.,High,Hiring Relevant,Multiple Public Emails Found,Completed - Email Found,
Edstem Technologies Pvt Ltd,+91 9048738807,www.edstem.com,,https://infopark.in/companies-profile/edstem-technologies-pvt-ltd,https://infopark.in/jobs/341,https://infopark.in/companies,,Low,Low,Unknown,Unknown,Low,"No domain information is available in the Infopark directory, so software-development relevance cannot be established.",Not a developer target,Stage 1.1 Classified,Domain field is blank; developer relevance is uncertain from available directory data.,Medium,The Infopark card has no domain information. It is retained as a lower-confidence target rather than excluded without evidence.,Stage 1.2 Reviewed,,,info@edstem.com,General,General,https://www.edstem.com/,Official Website,Publicly published functional business email on this page.,High,General Business,Multiple Public Emails Found,Completed - Email Found,
EGC Global Services India Pvt Ltd,+91 9946567777,www.egcgs.theegc.com,,https://infopark.in/companies-profile/egc-global-services-india-pvt-ltd,https://infopark.in/jobs/330,https://infopark.in/companies,,Low,Low,Unknown,Unknown,Low,"No domain information is available in the Infopark directory, so software-development relevance cannot be established.",Not a developer target,Stage 1.1 Classified,Domain field is blank; developer relevance is uncertain from available directory data.,Medium,The Infopark card has no domain information. It is retained as a lower-confidence target rather than excluded without evidence.,Stage 1.2 Reviewed,,,,,,,,,,,No Public Email Found,Completed - No Public Email,
Electrifex Technologies Pvt. Ltd,+91 8590137646,www.electrifex.com,,https://infopark.in/companies-profile/electrifex-technologies-pvt-ltd,https://infopark.in/jobs/425,https://infopark.in/companies,,Low,Low,Unknown,Unknown,Low,"No domain information is available in the Infopark directory, so software-development relevance cannot be established.",Not a developer target,Stage 1.1 Classified,Domain field is blank; developer relevance is uncertain from available directory data.,Medium,The Infopark card has no domain information. It is retained as a lower-confidence target rather than excluded without evidence.,Stage 1.2 Reviewed,,,info@electrifex.com,General,General,https://infopark.in/companies-profile/electrifex-technologies-pvt-ltd,Official Infopark Directory,Publicly published functional business email on this page.,High,General Business,Email Found,Completed - Email Found,
ELEMMENT FAÇADE Pvt Ltd,+91 8089894683,www.elemmentfacade.com,,https://infopark.in/companies-profile/elemment-fa-ade-pvt-ltd,https://infopark.in/jobs/423,https://infopark.in/companies,,Low,Low,Unknown,Unknown,Low,"No domain information is available in the Infopark directory, so software-development relevance cannot be established.",Not a developer target,Stage 1.1 Classified,Domain field is blank; developer relevance is uncertain from available directory data.,Medium,The Infopark card has no domain information. It is retained as a lower-confidence target rather than excluded without evidence.,Stage 1.2 Reviewed,,,info@elemmentfacade.com,General,General,https://www.elemmentfacade.com/,Official Website,Publicly published functional business email on this page.,High,General Business,Email Found,Completed - Email Found,
EMATRIX SOFTWARE PRIVATE LIMITED,+917356451100,www.ematrixsoftware.com,Customer Support & Helpdesk Services | Finance & Accounting Services | IT Consulting & Managed Services | Enterprise Solutions | Software Development,https://infopark.in/companies-profile/ematrix-software-private-limited,https://infopark.in/jobs/544,https://infopark.in/companies,,High,High,Software Development / Technology Consulting,"Software Developer, Software Engineer, Application Developer",High,Available Infopark domain information explicitly includes software or application development.,Developer / Software Engineer application,Stage 1.1 Classified,,High,"Stage 1.1 identifies explicit software, web, mobile, or application-development evidence in the Infopark domain field.",Stage 1.2 Reviewed,,,info@ematrixsoftware.com,General,General,https://www.ematrixsoftware.com/,Official Website,Publicly published functional business email on this page.,High,General Business,Email Found,Completed - Email Found,
Emergio Technologies Pvt Ltd,+91 7593898080,emergiogames.com,Game Development,https://infopark.in/companies-profile/emergio-technologies-pvt-ltd,https://infopark.in/jobs/534,https://infopark.in/companies,,High,High,Software Development,"Software Developer, Software Engineer, Application Developer",High,Available Infopark domain information explicitly includes software or application development.,Developer / Software Engineer application,Stage 1.1 Classified,,High,"Stage 1.1 identifies explicit software, web, mobile, or application-development evidence in the Infopark domain field.",Stage 1.2 Reviewed,,,,,,,,,,,No Public Email Found,Completed - No Public Email,
Empay Software Solutions Private Limited,0484-4865189,www.empaysoft.com,,https://infopark.in/companies-profile/empay-software-solutions-private-limited,https://infopark.in/jobs/251,https://infopark.in/companies,,Low,Low,Unknown,Unknown,Low,"No domain information is available in the Infopark directory, so software-development relevance cannot be established.",Not a developer target,Stage 1.1 Classified,Domain field is blank; developer relevance is uncertain from available directory data.,Medium,The Infopark card has no domain information. It is retained as a lower-confidence target rather than excluded without evidence.,Stage 1.2 Reviewed,,,hr@empaysoft.com,HR,Primary,https://www.empaysoft.com/,Official Website,Publicly published functional business email on this page.,High,Hiring Relevant,Email Found,Completed - Email Found,
Empress InfoTech,0484-4042440,empressinfotech.com,,https://infopark.in/companies-profile/empress-infotech,https://infopark.in/jobs/70,https://infopark.in/companies,,Low,Low,Unknown,Unknown,Low,"No domain information is available in the Infopark directory, so software-development relevance cannot be established.",Not a developer target,Stage 1.1 Classified,Domain field is blank; developer relevance is uncertain from available directory data.,Medium,The Infopark card has no domain information. It is retained as a lower-confidence target rather than excluded without evidence.,Stage 1.2 Reviewed,,,hr@empressinfotech.com,HR,Primary,https://infopark.in/companies-profile/empress-infotech,Official Infopark Directory,Publicly published functional business email on this page.,High,Hiring Relevant,Email Found,Completed - Email Found,
Emsyne Technologies Private Limited,"0484-6677602 , 0484-6677604",www.emsyne.com,,https://infopark.in/companies-profile/emsyne-technologies-private-limited,https://infopark.in/jobs/76,https://infopark.in/companies,,Low,Low,Unknown,Unknown,Low,"No domain information is available in the Infopark directory, so software-development relevance cannot be established.",Not a developer target,Stage 1.1 Classified,Domain field is blank; developer relevance is uncertain from available directory data.,Medium,The Infopark card has no domain information. It is retained as a lower-confidence target rather than excluded without evidence.,Stage 1.2 Reviewed,,,jobs@emsyne.com,Careers,Primary,https://infopark.in/companies-profile/emsyne-technologies-private-limited,Official Infopark Directory,Publicly published functional business email on this page.,High,Hiring Relevant,Email Found,Completed - Email Found,"Could not access https://www.emsyne.com/: SSLError: HTTPSConnectionPool(host='www.emsyne.com', port=443): Max retries exceeded with url: / (Caused by SSLError(SSLCertVerificationError(1, '[SSL: CERTIFICATE_VERIFY_FAILED] certificate verify failed: unable to get local issuer certificate (_ssl.c:1006)')))"
Endeion Engineering Services Pvt.Ltd.,+91 88489 06400,www.endeion.com,,https://infopark.in/companies-profile/endeion-engineering-services-pvt-ltd,https://infopark.in/jobs/417,https://infopark.in/companies,,Low,Low,Unknown,Unknown,Low,"No domain information is available in the Infopark directory, so software-development relevance cannot be established.",Not a developer target,Stage 1.1 Classified,Domain field is blank; developer relevance is uncertain from available directory data.,Medium,The Infopark card has no domain information. It is retained as a lower-confidence target rather than excluded without evidence.,Stage 1.2 Reviewed,,,info@endeion.com,General,General,https://infopark.in/companies-profile/endeion-engineering-services-pvt-ltd,Official Infopark Directory,Publicly published functional business email on this page.,High,General Business,Email Found,Completed - Email Found,Could not access https://www.endeion.com/: HTTP 403
EnergyScape Renewables LLP,+91 9207130069,www.energyscaperenewables.com,,https://infopark.in/companies-profile/energyscape-renewables-llp,https://infopark.in/jobs/386,https://infopark.in/companies,,Low,Low,Unknown,Unknown,Low,"No domain information is available in the Infopark directory, so software-development relevance cannot be established.",Not a developer target,Stage 1.1 Classified,Domain field is blank; developer relevance is uncertain from available directory data.,Medium,The Infopark card has no domain information. It is retained as a lower-confidence target rather than excluded without evidence.,Stage 1.2 Reviewed,,,sales@energyscaperenewables.com,Other,Secondary,https://energyscaperenewables.com/,Official Website,Publicly published functional business email on this page.,High,Other Business,Email Found,Completed - Email Found,
EPI-USE India Pvt.Ltd.,+91 9778316023,www.epiuse.com,,https://infopark.in/companies-profile/epi-use-india-pvt-ltd,https://infopark.in/jobs/291,https://infopark.in/companies,,Low,Low,Unknown,Unknown,Low,"No domain information is available in the Infopark directory, so software-development relevance cannot be established.",Not a developer target,Stage 1.1 Classified,Domain field is blank; developer relevance is uncertain from available directory data.,Medium,The Infopark card has no domain information. It is retained as a lower-confidence target rather than excluded without evidence.,Stage 1.2 Reviewed,,,info@epiuse.com,General,General,https://www.epiuse.com/,Official Website,Publicly published functional business email on this page.,High,General Business,Email Found,Completed - Email Found,
Epixel Solutions Pvt Ltd,+91491 2970123,www.epixelsolutions.com,,https://infopark.in/companies-profile/epixel-solutions-pvt-ltd,https://infopark.in/jobs/342,https://infopark.in/companies,,Low,Low,Unknown,Unknown,Low,"No domain information is available in the Infopark directory, so software-development relevance cannot be established.",Not a developer target,Stage 1.1 Classified,Domain field is blank; developer relevance is uncertain from available directory data.,Medium,The Infopark card has no domain information. It is retained as a lower-confidence target rather than excluded without evidence.,Stage 1.2 Reviewed,,,info@epixelsolutions.com,General,General,https://infopark.in/companies-profile/epixel-solutions-pvt-ltd,Official Infopark Directory,Publicly published functional business email on this page.,High,General Business,Email Found,Completed - Email Found,
Eqsoft Business Solutions Pvt Ltd,9946017660,eqsoftonline.com,ERP | Software Development,https://infopark.in/companies-profile/eqsoft-business-solutions-pvt-ltd,https://infopark.in/jobs/286,https://infopark.in/companies,,High,High,Software Development,"Software Developer, Software Engineer, Application Developer",High,Available Infopark domain information explicitly includes software or application development.,Developer / Software Engineer application,Stage 1.1 Classified,,High,"Stage 1.1 identifies explicit software, web, mobile, or application-development evidence in the Infopark domain field.",Stage 1.2 Reviewed,,,info@almanaltech.com,General,General,https://www.eqsoftonline.com/,Official Website,Publicly published functional business email on this page.,High,General Business,Multiple Public Emails Found,Completed - Email Found,
Eqsoft Business Solutions Pvt Ltd,9946017660,eqsoftonline.com,ERP | Software Development,https://infopark.in/companies-profile/eqsoft-business-solutions-pvt-ltd,https://infopark.in/jobs/286,https://infopark.in/companies,,High,High,Software Development,"Software Developer, Software Engineer, Application Developer",High,Available Infopark domain information explicitly includes software or application development.,Developer / Software Engineer application,Stage 1.1 Classified,,High,"Stage 1.1 identifies explicit software, web, mobile, or application-development evidence in the Infopark domain field.",Stage 1.2 Reviewed,,,info@digitalavenueqatar.com,General,General,https://www.eqsoftonline.com/,Official Website,Publicly published functional business email on this page.,High,General Business,Multiple Public Emails Found,Completed - Email Found,
Eqsoft Business Solutions Pvt Ltd,9946017660,eqsoftonline.com,ERP | Software Development,https://infopark.in/companies-profile/eqsoft-business-solutions-pvt-ltd,https://infopark.in/jobs/286,https://infopark.in/companies,,High,High,Software Development,"Software Developer, Software Engineer, Application Developer",High,Available Infopark domain information explicitly includes software or application development.,Developer / Software Engineer application,Stage 1.1 Classified,,High,"Stage 1.1 identifies explicit software, web, mobile, or application-development evidence in the Infopark domain field.",Stage 1.2 Reviewed,,,info@eqsoftglobal.com,General,General,https://www.eqsoftonline.com/,Official Website,Publicly published functional business email on this page.,High,General Business,Multiple Public Emails Found,Completed - Email Found,
Eqsoft Business Solutions Pvt Ltd,9946017660,eqsoftonline.com,ERP | Software Development,https://infopark.in/companies-profile/eqsoft-business-solutions-pvt-ltd,https://infopark.in/jobs/286,https://infopark.in/companies,,High,High,Software Development,"Software Developer, Software Engineer, Application Developer",High,Available Infopark domain information explicitly includes software or application development.,Developer / Software Engineer application,Stage 1.1 Classified,,High,"Stage 1.1 identifies explicit software, web, mobile, or application-development evidence in the Infopark domain field.",Stage 1.2 Reviewed,,,info@famoustech.ae,General,General,https://www.eqsoftonline.com/,Official Website,Publicly published functional business email on this page.,High,General Business,Multiple Public Emails Found,Completed - Email Found,
Eqsoft Business Solutions Pvt Ltd,9946017660,eqsoftonline.com,ERP | Software Development,https://infopark.in/companies-profile/eqsoft-business-solutions-pvt-ltd,https://infopark.in/jobs/286,https://infopark.in/companies,,High,High,Software Development,"Software Developer, Software Engineer, Application Developer",High,Available Infopark domain information explicitly includes software or application development.,Developer / Software Engineer application,Stage 1.1 Classified,,High,"Stage 1.1 identifies explicit software, web, mobile, or application-development evidence in the Infopark domain field.",Stage 1.2 Reviewed,,,info@nectarlimited.com,General,General,https://www.eqsoftonline.com/,Official Website,Publicly published functional business email on this page.,High,General Business,Multiple Public Emails Found,Completed - Email Found,
Estro Tech Robotics and Innovations Pvt Ltd,+91 7306153206,www.estrotech.in,Robotics & Automation | Internet of Things (IoT) | Cloud Computing | Software Development | Artificial Intelligence (AI) / Machine Learning (ML),https://infopark.in/companies-profile/estro-tech-robotics-and-innovations-pvt-ltd,https://infopark.in/jobs/486,https://infopark.in/companies,,High,High,Software Development / AI / Machine Learning / Cloud / Infrastructure,"Software Developer, Software Engineer, Application Developer, Data / AI Engineer, DevOps / Cloud Engineer",High,Available Infopark domain information explicitly includes software or application development.,Developer / Software Engineer application,Stage 1.1 Classified,,High,"Stage 1.1 identifies explicit software, web, mobile, or application-development evidence in the Infopark domain field.",Stage 1.2 Reviewed,,,contact@estrotech.in,General,General,https://infopark.in/companies-profile/estro-tech-robotics-and-innovations-pvt-ltd,Official Infopark Directory,Publicly published functional business email on this page.,High,General Business,Email Found,Completed - Email Found,
EXACORE IT SOLUTIONS PRIVATE LIMITED,+918138916160,www.exacoreitsolutions.com,,https://infopark.in/companies-profile/exacore-it-solutions-private-limited,https://infopark.in/jobs/169,https://infopark.in/companies,,Low,Low,Unknown,Unknown,Low,"No domain information is available in the Infopark directory, so software-development relevance cannot be established.",Not a developer target,Stage 1.1 Classified,Domain field is blank; developer relevance is uncertain from available directory data.,Medium,The Infopark card has no domain information. It is retained as a lower-confidence target rather than excluded without evidence.,Stage 1.2 Reviewed,,,career@exacoreitsolutions.com,Careers,Primary,https://www.exacoreitsolutions.com/careers,Official Careers Page,Publicly published functional business email on this page.,High,Hiring Relevant,Multiple Public Emails Found,Completed - Email Found,
EXACORE IT SOLUTIONS PRIVATE LIMITED,+918138916160,www.exacoreitsolutions.com,,https://infopark.in/companies-profile/exacore-it-solutions-private-limited,https://infopark.in/jobs/169,https://infopark.in/companies,,Low,Low,Unknown,Unknown,Low,"No domain information is available in the Infopark directory, so software-development relevance cannot be established.",Not a developer target,Stage 1.1 Classified,Domain field is blank; developer relevance is uncertain from available directory data.,Medium,The Infopark card has no domain information. It is retained as a lower-confidence target rather than excluded without evidence.,Stage 1.2 Reviewed,,,info@exacoreitsolutions.com,General,General,https://www.exacoreitsolutions.com/,Official Website,Publicly published functional business email on this page.,High,General Business,Multiple Public Emails Found,Completed - Email Found,
Exor India Pvt Ltd.,04842415101,https://www.exorint.com,,https://infopark.in/companies-profile/exor-india-pvt-ltd,https://infopark.in/jobs/8,https://infopark.in/companies,,Low,Low,Unknown,Unknown,Low,"No domain information is available in the Infopark directory, so software-development relevance cannot be established.",Not a developer target,Stage 1.1 Classified,Domain field is blank; developer relevance is uncertain from available directory data.,Medium,The Infopark card has no domain information. It is retained as a lower-confidence target rather than excluded without evidence.,Stage 1.2 Reviewed,,,info@exorint.com,General,General,https://www.exorint.com/contact-us,Official Contact Page,Publicly published functional business email on this page.,High,General Business,Email Found,Completed - Email Found,
Expeed Software Private Limited,0091- 9633066613,expeed.com,,https://infopark.in/companies-profile/expeed-software-private-limited,https://infopark.in/jobs/452,https://infopark.in/companies,,Low,Low,Unknown,Unknown,Low,"No domain information is available in the Infopark directory, so software-development relevance cannot be established.",Not a developer target,Stage 1.1 Classified,Domain field is blank; developer relevance is uncertain from available directory data.,Medium,The Infopark card has no domain information. It is retained as a lower-confidence target rather than excluded without evidence.,Stage 1.2 Reviewed,,,info@expeed.com,General,General,https://www.expeed.com/,Official Website,Publicly published functional business email on this page.,High,General Business,Email Found,Completed - Email Found,
Experion Technologies,04843067309,www.experionglobal.com,,https://infopark.in/companies-profile/experion-technologies,https://infopark.in/jobs/103,https://infopark.in/companies,,Low,Low,Unknown,Unknown,Low,"No domain information is available in the Infopark directory, so software-development relevance cannot be established.",Not a developer target,Stage 1.1 Classified,Domain field is blank; developer relevance is uncertain from available directory data.,Medium,The Infopark card has no domain information. It is retained as a lower-confidence target rather than excluded without evidence.,Stage 1.2 Reviewed,,,careers@experionglobal.com,Careers,Primary,https://infopark.in/companies-profile/experion-technologies,Official Infopark Directory,Publicly published functional business email on this page.,High,Hiring Relevant,Email Found,Completed - Email Found,
Exponential Digital Solutions Pvt.Ltd.,+91 471 254 4210,www.10xds.com,,https://infopark.in/companies-profile/exponential-digital-solutions-pvt-ltd,https://infopark.in/jobs/179,https://infopark.in/companies,,Low,Low,Unknown,Unknown,Low,"No domain information is available in the Infopark directory, so software-development relevance cannot be established.",Not a developer target,Stage 1.1 Classified,Domain field is blank; developer relevance is uncertain from available directory data.,Medium,The Infopark card has no domain information. It is retained as a lower-confidence target rather than excluded without evidence.,Stage 1.2 Reviewed,,,,,,,,,,,No Public Email Found,Completed - No Public Email,
Extravelmoney Technosol Private Limited,9072000850,www.extravelmoney.com,,https://infopark.in/companies-profile/extravelmoney-technosol-private-limited,https://infopark.in/jobs/239,https://infopark.in/companies,,Low,Low,Unknown,Unknown,Low,"No domain information is available in the Infopark directory, so software-development relevance cannot be established.",Not a developer target,Stage 1.1 Classified,Domain field is blank; developer relevance is uncertain from available directory data.,Medium,The Infopark card has no domain information. It is retained as a lower-confidence target rather than excluded without evidence.,Stage 1.2 Reviewed,,,,,,,,,,,No Public Email Found,Completed - No Public Email,
Facade Global Pvt. Ltd.,+91 0484 4010129,www.facadeglobal.in,,https://infopark.in/companies-profile/facade-global-pvt-ltd,https://infopark.in/jobs/275,https://infopark.in/companies,,Low,Low,Unknown,Unknown,Low,"No domain information is available in the Infopark directory, so software-development relevance cannot be established.",Not a developer target,Stage 1.1 Classified,Domain field is blank; developer relevance is uncertain from available directory data.,Medium,The Infopark card has no domain information. It is retained as a lower-confidence target rather than excluded without evidence.,Stage 1.2 Reviewed,,,info@facadeglobal.com,General,General,https://www.facadeglobal.in/,Official Website,Publicly published functional business email on this page.,High,General Business,Email Found,Completed - Email Found,
FDC Web Technologies Pvt Ltd,7025118844,https://financialcom.jobs.personio.de/,,https://infopark.in/companies-profile/fdc-web-technologies-pvt-ltd,https://infopark.in/jobs/192,https://infopark.in/companies,,Low,Low,Unknown,Unknown,Low,"No domain information is available in the Infopark directory, so software-development relevance cannot be established.",Not a developer target,Stage 1.1 Classified,Domain field is blank; developer relevance is uncertain from available directory data.,Medium,The Infopark card has no domain information. It is retained as a lower-confidence target rather than excluded without evidence.,Stage 1.2 Reviewed,,,,,,,,,,,No Public Email Found,Completed - No Public Email,
Feathersoft Info Solutions Private Ltd,+91 7736028401,www.feathersoft.com,,https://infopark.in/companies-profile/feathersoft-info-solutions-private-ltd,https://infopark.in/jobs/269,https://infopark.in/companies,,Low,Low,Unknown,Unknown,Low,"No domain information is available in the Infopark directory, so software-development relevance cannot be established.",Not a developer target,Stage 1.1 Classified,Domain field is blank; developer relevance is uncertain from available directory data.,Medium,The Infopark card has no domain information. It is retained as a lower-confidence target rather than excluded without evidence.,Stage 1.2 Reviewed,,,,,,,,,,,No Public Email Found,Completed - No Public Email,
Federal Operations and Services Ltd (FedServ),"04842412048, 8089908700",fedserv.co.in,Customer Support & Helpdesk Services | Finance & Accounting Services | Networking & IT Infrastructure | Software Development | Artificial Intelligence (AI) / Machine Learning (ML),https://infopark.in/companies-profile/federal-operations-and-services-ltd-fedserv-1,https://infopark.in/jobs/540,https://infopark.in/companies,,High,High,Software Development / AI / Machine Learning / Cloud / Infrastructure,"Software Developer, Software Engineer, Application Developer, Data / AI Engineer, DevOps / Cloud Engineer",High,Available Infopark domain information explicitly includes software or application development.,Developer / Software Engineer application,Stage 1.1 Classified,,High,"Stage 1.1 identifies explicit software, web, mobile, or application-development evidence in the Infopark domain field.",Stage 1.2 Reviewed,,,jobs@fedserv.co.in,Careers,Primary,https://fedserv.co.in/careers,Official Careers Page,Publicly published functional business email on this page.,High,Hiring Relevant,Email Found,Completed - Email Found,
Fine Destination,7012155322,www.finedestination.co.in,Customer Support & Helpdesk Services | IT Consulting & Managed Services | Software Development,https://infopark.in/companies-profile/fine-destination,https://infopark.in/jobs/497,https://infopark.in/companies,,High,High,Software Development / Technology Consulting,"Software Developer, Software Engineer, Application Developer",High,Available Infopark domain information explicitly includes software or application development.,Developer / Software Engineer application,Stage 1.1 Classified,,High,"Stage 1.1 identifies explicit software, web, mobile, or application-development evidence in the Infopark domain field.",Stage 1.2 Reviewed,,,career@finedestination.co.in,Careers,Primary,https://infopark.in/companies-profile/fine-destination,Official Infopark Directory,Publicly published functional business email on this page.,High,Hiring Relevant,Email Found,Completed - Email Found,
Fingent Global Solutions,0484-4055006,www.fingent.com,,https://infopark.in/companies-profile/fingent-global-solutions,https://infopark.in/jobs/83,https://infopark.in/companies,,Low,Low,Unknown,Unknown,Low,"No domain information is available in the Infopark directory, so software-development relevance cannot be established.",Not a developer target,Stage 1.1 Classified,Domain field is blank; developer relevance is uncertain from available directory data.,Medium,The Infopark card has no domain information. It is retained as a lower-confidence target rather than excluded without evidence.,Stage 1.2 Reviewed,,,careers@fingent.com,Careers,Primary,https://infopark.in/companies-profile/fingent-global-solutions,Official Infopark Directory,Publicly published functional business email on this page.,High,Hiring Relevant,Email Found,Completed - Email Found,
FIRMINIQ SYSTEMS,+916284303739,www.firminiq.com,IT Consulting & Managed Services,https://infopark.in/companies-profile/firminiq-systems,https://infopark.in/jobs/290,https://infopark.in/companies,,High,Medium,Technology Consulting,Other Technical Role,Medium,"Available Infopark domain information indicates a technology-focused business, but does not clearly establish software-development work.",Technical role inquiry,Stage 1.1 Classified,Developer relevance uncertain from available directory data.,Medium,"The Infopark domain indicates technology-related work, but the saved evidence does not clearly establish central software-development work.",Stage 1.2 Reviewed,,,hr@firminiq.com,HR,Primary,https://infopark.in/companies-profile/firminiq-systems,Official Infopark Directory,Publicly published functional business email on this page.,High,Hiring Relevant,Email Found,Completed - Email Found,Could not access https://www.firminiq.com/: HTTP 403
Flycatch Infotech Pvt. Ltd.,+91 7736830531,www.flycatchtech.com,Data Science & Analytics | Cloud Computing | Enterprise Solutions | Software Development | Artificial Intelligence (AI) / Machine Learning (ML),https://infopark.in/companies-profile/flycatch-infotech-pvt-ltd,https://infopark.in/jobs/525,https://infopark.in/companies,,High,High,Software Development / AI / Machine Learning / Data / Analytics / Cloud / Infrastructure,"Software Developer, Software Engineer, Application Developer, Data / AI Engineer, DevOps / Cloud Engineer",High,Available Infopark domain information explicitly includes software or application development.,Developer / Software Engineer application,Stage 1.1 Classified,,High,"Stage 1.1 identifies explicit software, web, mobile, or application-development evidence in the Infopark domain field.",Stage 1.2 Reviewed,,,,,,,,,,,No Public Email Found,Completed - No Public Email,
Focaloid Technologies Private Limited,+91-484-7136778,www.focaloid.com,,https://infopark.in/companies-profile/focaloid-technologies-private-limited,https://infopark.in/jobs/366,https://infopark.in/companies,,Low,Low,Unknown,Unknown,Low,"No domain information is available in the Infopark directory, so software-development relevance cannot be established.",Not a developer target,Stage 1.1 Classified,Domain field is blank; developer relevance is uncertain from available directory data.,Medium,The Infopark card has no domain information. It is retained as a lower-confidence target rather than excluded without evidence.,Stage 1.2 Reviewed,,,careers@focaloid.com,Careers,Primary,https://infopark.in/companies-profile/focaloid-technologies-private-limited,Official Infopark Directory,Publicly published functional business email on this page.,High,Hiring Relevant,Email Found,Completed - Email Found,
Founding Minds software Pvt.Ltd,"0484-4042200, 4042202",www.foundingminds.com,,https://infopark.in/companies-profile/founding-minds-software-pvt-ltd,https://infopark.in/jobs/46,https://infopark.in/companies,,Low,Low,Unknown,Unknown,Low,"No domain information is available in the Infopark directory, so software-development relevance cannot be established.",Not a developer target,Stage 1.1 Classified,Domain field is blank; developer relevance is uncertain from available directory data.,Medium,The Infopark card has no domain information. It is retained as a lower-confidence target rather than excluded without evidence.,Stage 1.2 Reviewed,,,info@avantage.co.uk,General,General,https://www.foundingminds.com/,Official Website,Publicly published functional business email on this page.,High,General Business,Multiple Public Emails Found,Completed - Email Found,
Founding Minds software Pvt.Ltd,"0484-4042200, 4042202",www.foundingminds.com,,https://infopark.in/companies-profile/founding-minds-software-pvt-ltd,https://infopark.in/jobs/46,https://infopark.in/companies,,Low,Low,Unknown,Unknown,Low,"No domain information is available in the Infopark directory, so software-development relevance cannot be established.",Not a developer target,Stage 1.1 Classified,Domain field is blank; developer relevance is uncertain from available directory data.,Medium,The Infopark card has no domain information. It is retained as a lower-confidence target rather than excluded without evidence.,Stage 1.2 Reviewed,,,info@foundingminds.com,General,General,https://www.foundingminds.com/,Official Website,Publicly published functional business email on this page.,High,General Business,Multiple Public Emails Found,Completed - Email Found,
Fragomen Immigration Services India Private Limited,,www.fragomen.com,,https://infopark.in/companies-profile/fragomen-immigration-services-india-private-limited,https://infopark.in/jobs/92,https://infopark.in/companies,,Low,Low,Unknown,Unknown,Low,"No domain information is available in the Infopark directory, so software-development relevance cannot be established.",Not a developer target,Stage 1.1 Classified,Domain field is blank; developer relevance is uncertain from available directory data.,Medium,The Infopark card has no domain information. It is retained as a lower-confidence target rather than excluded without evidence.,Stage 1.2 Reviewed,,,,,,,,,,,No Public Email Found,Completed - No Public Email,
G10X INDIA PRIVATE LIMITED,,www.g10x.com,,https://infopark.in/companies-profile/g10x-india-private-limited,https://infopark.in/jobs/252,https://infopark.in/companies,,Low,Low,Unknown,Unknown,Low,"No domain information is available in the Infopark directory, so software-development relevance cannot be established.",Not a developer target,Stage 1.1 Classified,Domain field is blank; developer relevance is uncertain from available directory data.,Medium,The Infopark card has no domain information. It is retained as a lower-confidence target rather than excluded without evidence.,Stage 1.2 Reviewed,,,contact@g10x.com,General,General,https://infopark.in/companies-profile/g10x-india-private-limited,Official Infopark Directory,Publicly published functional business email on this page.,High,General Business,Email Found,Completed - Email Found,
Galactico Express Solutions Pvt. Ltd.,9446373443,www.gecs.me,,https://infopark.in/companies-profile/galactico-express-solutions-pvt-ltd,https://infopark.in/jobs/472,https://infopark.in/companies,,Low,Low,Unknown,Unknown,Low,"No domain information is available in the Infopark directory, so software-development relevance cannot be established.",Not a developer target,Stage 1.1 Classified,Domain field is blank; developer relevance is uncertain from available directory data.,Medium,The Infopark card has no domain information. It is retained as a lower-confidence target rather than excluded without evidence.,Stage 1.2 Reviewed,,,admin@gecs.me,General,General,https://www.gecs.me/,Official Website,Publicly published functional business email on this page.,High,General Business,Multiple Public Emails Found,Completed - Email Found,
Galactico Express Solutions Pvt. Ltd.,9446373443,www.gecs.me,,https://infopark.in/companies-profile/galactico-express-solutions-pvt-ltd,https://infopark.in/jobs/472,https://infopark.in/companies,,Low,Low,Unknown,Unknown,Low,"No domain information is available in the Infopark directory, so software-development relevance cannot be established.",Not a developer target,Stage 1.1 Classified,Domain field is blank; developer relevance is uncertain from available directory data.,Medium,The Infopark card has no domain information. It is retained as a lower-confidence target rather than excluded without evidence.,Stage 1.2 Reviewed,,,operations@gecs.me,Business Contact,Secondary,https://www.gecs.me/,Official Website,Publicly published functional business email on this page.,High,Other Business,Multiple Public Emails Found,Completed - Email Found,
GALTech Technologies Pvt Ltd,"04802951674, +91 6282845368",www.galtech.org,,https://infopark.in/companies-profile/galtech-technologies-pvt-ltd,https://infopark.in/jobs/189,https://infopark.in/companies,,Low,Low,Unknown,Unknown,Low,"No domain information is available in the Infopark directory, so software-development relevance cannot be established.",Not a developer target,Stage 1.1 Classified,Domain field is blank; developer relevance is uncertain from available directory data.,Medium,The Infopark card has no domain information. It is retained as a lower-confidence target rather than excluded without evidence.,Stage 1.2 Reviewed,,,info@galtech.uk,General,General,https://www.galtech.org/,Official Website,Publicly published functional business email on this page.,High,General Business,Multiple Public Emails Found,Completed - Email Found,
GALTech Technologies Pvt Ltd,"04802951674, +91 6282845368",www.galtech.org,,https://infopark.in/companies-profile/galtech-technologies-pvt-ltd,https://infopark.in/jobs/189,https://infopark.in/companies,,Low,Low,Unknown,Unknown,Low,"No domain information is available in the Infopark directory, so software-development relevance cannot be established.",Not a developer target,Stage 1.1 Classified,Domain field is blank; developer relevance is uncertain from available directory data.,Medium,The Infopark card has no domain information. It is retained as a lower-confidence target rather than excluded without evidence.,Stage 1.2 Reviewed,,,info@maquae.com,General,General,https://www.galtech.org/,Official Website,Publicly published functional business email on this page.,High,General Business,Multiple Public Emails Found,Completed - Email Found,
Gapblue Software Labs Pvt Ltd,0484-4010593,www.gapblue.com/about,,https://infopark.in/companies-profile/gapblue-software-labs-pvt-ltd,https://infopark.in/jobs/428,https://infopark.in/companies,,Low,Low,Unknown,Unknown,Low,"No domain information is available in the Infopark directory, so software-development relevance cannot be established.",Not a developer target,Stage 1.1 Classified,Domain field is blank; developer relevance is uncertain from available directory data.,Medium,The Infopark card has no domain information. It is retained as a lower-confidence target rather than excluded without evidence.,Stage 1.2 Reviewed,,,,,,,,,,,No Public Email Found,Completed - No Public Email,
GEOJIT TECHNOLOGIES PVT LTD,04842901901,geojit.tech,,https://infopark.in/companies-profile/geojit-technologies-pvt-ltd,https://infopark.in/jobs/65,https://infopark.in/companies,,Low,Low,Unknown,Unknown,Low,"No domain information is available in the Infopark directory, so software-development relevance cannot be established.",Not a developer target,Stage 1.1 Classified,Domain field is blank; developer relevance is uncertain from available directory data.,Medium,The Infopark card has no domain information. It is retained as a lower-confidence target rather than excluded without evidence.,Stage 1.2 Reviewed,,,hr@geojittechnologies.com,HR,Primary,https://geojit.tech/,Official Website,Publicly published functional business email on this page.,High,Hiring Relevant,Multiple Public Emails Found,Completed - Email Found,"Could not access https://geojit.tech/careers: ConnectTimeout: HTTPConnectionPool(host='geojit.tech', port=80): Max retries exceeded with url: /careers/ (Caused by ConnectTimeoutError(<HTTPConnection(host='geojit.tech', port=80) at 0x18e54eafa90>, 'Connection to geojit.tech timed out. (connect timeout=10)'))"
GEOJIT TECHNOLOGIES PVT LTD,04842901901,geojit.tech,,https://infopark.in/companies-profile/geojit-technologies-pvt-ltd,https://infopark.in/jobs/65,https://infopark.in/companies,,Low,Low,Unknown,Unknown,Low,"No domain information is available in the Infopark directory, so software-development relevance cannot be established.",Not a developer target,Stage 1.1 Classified,Domain field is blank; developer relevance is uncertain from available directory data.,Medium,The Infopark card has no domain information. It is retained as a lower-confidence target rather than excluded without evidence.,Stage 1.2 Reviewed,,,sales@geojittechnologies.com,Other,Secondary,https://geojit.tech/,Official Website,Publicly published functional business email on this page.,High,Other Business,Multiple Public Emails Found,Completed - Email Found,"Could not access https://geojit.tech/careers: ConnectTimeout: HTTPConnectionPool(host='geojit.tech', port=80): Max retries exceeded with url: /careers/ (Caused by ConnectTimeoutError(<HTTPConnection(host='geojit.tech', port=80) at 0x18e54eafa90>, 'Connection to geojit.tech timed out. (connect timeout=10)'))"
Gewan Info Tech Solutions India Pvt Ltd.,"+91 75109 53184, +91 75109 53185",www.gewaninfotech.com,,https://infopark.in/companies-profile/gewan-info-tech-solutions-india-pvt-ltd,https://infopark.in/jobs/298,https://infopark.in/companies,,Low,Low,Unknown,Unknown,Low,"No domain information is available in the Infopark directory, so software-development relevance cannot be established.",Not a developer target,Stage 1.1 Classified,Domain field is blank; developer relevance is uncertain from available directory data.,Medium,The Infopark card has no domain information. It is retained as a lower-confidence target rather than excluded without evidence.,Stage 1.2 Reviewed,,,info@gewaninfotech.com,General,General,https://infopark.in/companies-profile/gewan-info-tech-solutions-india-pvt-ltd,Official Infopark Directory,Publicly published functional business email on this page.,High,General Business,Email Found,Completed - Email Found,
GIS AXIOM Pvt. Ltd.,"+91 81380 17386, 9995917386",www.gisaxiom.com,,https://infopark.in/companies-profile/gis-axiom-pvt-ltd,https://infopark.in/jobs/280,https://infopark.in/companies,,Low,Low,Unknown,Unknown,Low,"No domain information is available in the Infopark directory, so software-development relevance cannot be established.",Not a developer target,Stage 1.1 Classified,Domain field is blank; developer relevance is uncertain from available directory data.,Medium,The Infopark card has no domain information. It is retained as a lower-confidence target rather than excluded without evidence.,Stage 1.2 Reviewed,,,sales@gisaxiom.com,Other,Secondary,https://www.gisaxiom.com/,Official Website,Publicly published functional business email on this page.,High,Other Business,Email Found,Completed - Email Found,
Gizmeon Technologies Private Limited,+91 9645833111,www.gizmeon.com,Enterprise Solutions | Software Development | Cloud Computing | Artificial Intelligence (AI) / Machine Learning (ML) | Data Science & Analytics,https://infopark.in/companies-profile/gizmeon-technologies-private-limited,https://infopark.in/jobs/371,https://infopark.in/companies,,High,High,Software Development / AI / Machine Learning / Data / Analytics / Cloud / Infrastructure,"Software Developer, Software Engineer, Application Developer, Data / AI Engineer, DevOps / Cloud Engineer",High,Available Infopark domain information explicitly includes software or application development.,Developer / Software Engineer application,Stage 1.1 Classified,,High,"Stage 1.1 identifies explicit software, web, mobile, or application-development evidence in the Infopark domain field.",Stage 1.2 Reviewed,,,,,,,,,,,No Public Email Found,Completed - No Public Email,
Glitz IT Solutions,+91 480 2734 544,https://glitzitsolutions.com,.Net | AI | Data Science & Analytics | Enterprise Solutions | Software Development,https://infopark.in/companies-profile/glitz-it-solutions,https://infopark.in/jobs/47,https://infopark.in/companies,,High,High,Software Development / AI / Machine Learning / Data / Analytics,"Software Developer, Software Engineer, Application Developer, Data / AI Engineer",High,Available Infopark domain information explicitly includes software or application development.,Developer / Software Engineer application,Stage 1.1 Classified,,High,"Stage 1.1 identifies explicit software, web, mobile, or application-development evidence in the Infopark domain field.",Stage 1.2 Reviewed,,,info@glitzitsolutions.com,General,General,https://glitzitsolutions.com/,Official Website,Publicly published functional business email on this page.,High,General Business,Email Found,Completed - Email Found,
Global Infonet Inc,9633138880,www.global-infonet.com,,https://infopark.in/companies-profile/global-infonet-inc,https://infopark.in/jobs/28,https://infopark.in/companies,,Low,Low,Unknown,Unknown,Low,"No domain information is available in the Infopark directory, so software-development relevance cannot be established.",Not a developer target,Stage 1.1 Classified,Domain field is blank; developer relevance is uncertain from available directory data.,Medium,The Infopark card has no domain information. It is retained as a lower-confidence target rather than excluded without evidence.,Stage 1.2 Reviewed,,,info@global-infonet.com,General,General,https://www.global-infonet.com/,Official Website,Publicly published functional business email on this page.,High,General Business,Email Found,Completed - Email Found,
Global Surf IT Pvt Ltd,7012605646,https://www.globalsurf.ae/ & https://www.gs-it.ae/,Digital Marketing & Content Services | IT Consulting & Managed Services | Networking & IT Infrastructure | UI/UX Design & Development | Software Development,https://infopark.in/companies-profile/global-surf-it-pvt-ltd,https://infopark.in/jobs/421,https://infopark.in/companies,,High,High,Software Development / Cloud / Infrastructure / Technology Consulting / Digital Technology,"Software Developer, Software Engineer, Application Developer, DevOps / Cloud Engineer",High,Available Infopark domain information explicitly includes software or application development.,Developer / Software Engineer application,Stage 1.1 Classified,,High,"Stage 1.1 identifies explicit software, web, mobile, or application-development evidence in the Infopark domain field.",Stage 1.2 Reviewed,,,careers@globalsurf.ae,Careers,Primary,https://infopark.in/companies-profile/global-surf-it-pvt-ltd,Official Infopark Directory,Publicly published functional business email on this page.,High,Hiring Relevant,Email Found,Completed - Email Found,Could not access https://www.globalsurf.ae/ & https://www.gs-it.ae/: HTTP 404
GRAMPRO BUSINESS SERVICES PVT. LTD,+91 8714621795,www.gramproindia.com,,https://infopark.in/companies-profile/grampro-business-services-pvt-ltd,https://infopark.in/jobs/348,https://infopark.in/companies,,Low,Low,Unknown,Unknown,Low,"No domain information is available in the Infopark directory, so software-development relevance cannot be established.",Not a developer target,Stage 1.1 Classified,Domain field is blank; developer relevance is uncertain from available directory data.,Medium,The Infopark card has no domain information. It is retained as a lower-confidence target rather than excluded without evidence.,Stage 1.2 Reviewed,,,,,,,,,,,No Public Email Found,Completed - No Public Email,
Grapelime Innovations Private Limited.,+91 484 401 1758,www.grapelime.in,,https://infopark.in/companies-profile/grapelime-innovations-private-limited,https://infopark.in/jobs/296,https://infopark.in/companies,,Low,Low,Unknown,Unknown,Low,"No domain information is available in the Infopark directory, so software-development relevance cannot be established.",Not a developer target,Stage 1.1 Classified,Domain field is blank; developer relevance is uncertain from available directory data.,Medium,The Infopark card has no domain information. It is retained as a lower-confidence target rather than excluded without evidence.,Stage 1.2 Reviewed,,,hr@grapelime.in,HR,Primary,https://infopark.in/companies-profile/grapelime-innovations-private-limited,Official Infopark Directory,Publicly published functional business email on this page.,High,Hiring Relevant,Email Found,Completed - Email Found,
Gravity Business Process Private Limited,+91 480 2080797,gravity-bp.com,Finance & Accounting Services | IT Consulting & Managed Services | Digital Marketing & Content Services,https://infopark.in/companies-profile/gravity-business-process-private-limited,https://infopark.in/jobs/538,https://infopark.in/companies,,High,Medium,Technology Consulting / Digital Technology,Other Technical Role,Medium,"Available Infopark domain information indicates a technology-focused business, but does not clearly establish software-development work.",Technical role inquiry,Stage 1.1 Classified,Developer relevance uncertain from available directory data.,Medium,"The Infopark domain indicates technology-related work, but the saved evidence does not clearly establish central software-development work.",Stage 1.2 Reviewed,,,careers@gravity-bp.com,Careers,Primary,https://gravity-bp.com/,Official Website,Publicly published functional business email on this page.,High,Hiring Relevant,Multiple Public Emails Found,Completed - Email Found,
Gravity Business Process Private Limited,+91 480 2080797,gravity-bp.com,Finance & Accounting Services | IT Consulting & Managed Services | Digital Marketing & Content Services,https://infopark.in/companies-profile/gravity-business-process-private-limited,https://infopark.in/jobs/538,https://infopark.in/companies,,High,Medium,Technology Consulting / Digital Technology,Other Technical Role,Medium,"Available Infopark domain information indicates a technology-focused business, but does not clearly establish software-development work.",Technical role inquiry,Stage 1.1 Classified,Developer relevance uncertain from available directory data.,Medium,"The Infopark domain indicates technology-related work, but the saved evidence does not clearly establish central software-development work.",Stage 1.2 Reviewed,,,info@gravity-bp.com,General,General,https://gravity-bp.com/,Official Website,Publicly published functional business email on this page.,High,General Business,Multiple Public Emails Found,Completed - Email Found,
Greenworld International Enterprise Private Limited,+91 9947407002,www.greenworldin.in,,https://infopark.in/companies-profile/greenworld-international-enterprise-private-limited,https://infopark.in/jobs/451,https://infopark.in/companies,,Low,Low,Unknown,Unknown,Low,"No domain information is available in the Infopark directory, so software-development relevance cannot be established.",Not a developer target,Stage 1.1 Classified,Domain field is blank; developer relevance is uncertain from available directory data.,Medium,The Infopark card has no domain information. It is retained as a lower-confidence target rather than excluded without evidence.,Stage 1.2 Reviewed,,,hr@greenworldin.com,HR,Primary,https://greenworldin.in/careers/,Official Careers Page,Publicly published functional business email on this page.,High,Hiring Relevant,Email Found,Completed - Email Found,
Grehasoft,+91 8921540183,grehasoft.com,,https://infopark.in/companies-profile/grehasoft,https://infopark.in/jobs/487,https://infopark.in/companies,,Low,Low,Unknown,Unknown,Low,"No domain information is available in the Infopark directory, so software-development relevance cannot be established.",Not a developer target,Stage 1.1 Classified,Domain field is blank; developer relevance is uncertain from available directory data.,Medium,The Infopark card has no domain information. It is retained as a lower-confidence target rather than excluded without evidence.,Stage 1.2 Reviewed,,,info@grehasoft.com,General,General,https://grehasoft.com/,Official Website,Publicly published functional business email on this page.,High,General Business,Email Found,Completed - Email Found,
Griphin Graphics,09447576455,griphingraphics.com,UI/UX Design & Development | Brand Identity Design,https://infopark.in/companies-profile/griphin-graphics,https://infopark.in/jobs/553,https://infopark.in/companies,,Medium,Medium,Digital Technology,Other Technical Role,Medium,"Available Infopark domain information indicates digital or e-commerce work, but does not clearly establish software-development work.",General technology job inquiry,Stage 1.1 Classified,Developer relevance uncertain from available directory data.,Medium,"The Infopark domain indicates technology-related work, but the saved evidence does not clearly establish central software-development work.",Stage 1.2 Reviewed,,,,,,,,,,,No Public Email Found,Completed - No Public Email,
HashRoot Technologies Pvt Ltd,+91 484 404 1616,www.hashroot.com,,https://infopark.in/companies-profile/hashroot-technologies-pvt-ltd,https://infopark.in/jobs/61,https://infopark.in/companies,,Low,Low,Unknown,Unknown,Low,"No domain information is available in the Infopark directory, so software-development relevance cannot be established.",Not a developer target,Stage 1.1 Classified,Domain field is blank; developer relevance is uncertain from available directory data.,Medium,The Infopark card has no domain information. It is retained as a lower-confidence target rather than excluded without evidence.,Stage 1.2 Reviewed,,,enquiry@hashroot.com,General,General,https://www.hashroot.com/,Official Website,Publicly published functional business email on this page.,High,General Business,Email Found,Completed - Email Found,
Hatio Innovations Private Limited,+91 8606434912,hatio.in,,https://infopark.in/companies-profile/hatio-innovations-private-limited,https://infopark.in/jobs/264,https://infopark.in/companies,,Low,Low,Unknown,Unknown,Low,"No domain information is available in the Infopark directory, so software-development relevance cannot be established.",Not a developer target,Stage 1.1 Classified,Domain field is blank; developer relevance is uncertain from available directory data.,Medium,The Infopark card has no domain information. It is retained as a lower-confidence target rather than excluded without evidence.,Stage 1.2 Reviewed,,,,,,,,,,,No Public Email Found,Completed - No Public Email,
Heidelsoft Technologies Private Limited,0484-2971190,www.heidelsoft.com,,https://infopark.in/companies-profile/heidelsoft-technologies-private-limited,https://infopark.in/jobs/146,https://infopark.in/companies,,Low,Low,Unknown,Unknown,Low,"No domain information is available in the Infopark directory, so software-development relevance cannot be established.",Not a developer target,Stage 1.1 Classified,Domain field is blank; developer relevance is uncertain from available directory data.,Medium,The Infopark card has no domain information. It is retained as a lower-confidence target rather than excluded without evidence.,Stage 1.2 Reviewed,,,careers@heidelsoft.de,Careers,Primary,https://www.heidelsoft.com/,Official Website,Publicly published functional business email on this page.,High,Hiring Relevant,Multiple Public Emails Found,Completed - Email Found,
Heidelsoft Technologies Private Limited,0484-2971190,www.heidelsoft.com,,https://infopark.in/companies-profile/heidelsoft-technologies-private-limited,https://infopark.in/jobs/146,https://infopark.in/companies,,Low,Low,Unknown,Unknown,Low,"No domain information is available in the Infopark directory, so software-development relevance cannot be established.",Not a developer target,Stage 1.1 Classified,Domain field is blank; developer relevance is uncertain from available directory data.,Medium,The Infopark card has no domain information. It is retained as a lower-confidence target rather than excluded without evidence.,Stage 1.2 Reviewed,,,sales@heidelsoft.de,Other,Secondary,https://www.heidelsoft.com/,Official Website,Publicly published functional business email on this page.,High,Other Business,Multiple Public Emails Found,Completed - Email Found,
HH Back Office Services Pvt Ltd,0484-6715400,www.hhbos.com,,https://infopark.in/companies-profile/hh-back-office-services-pvt-ltd,https://infopark.in/jobs/344,https://infopark.in/companies,,Low,Low,Unknown,Unknown,Low,"No domain information is available in the Infopark directory, so software-development relevance cannot be established.",Not a developer target,Stage 1.1 Classified,Domain field is blank; developer relevance is uncertain from available directory data.,Medium,The Infopark card has no domain information. It is retained as a lower-confidence target rather than excluded without evidence.,Stage 1.2 Reviewed,,,admin@hhbos.com,General,General,https://infopark.in/companies-profile/hh-back-office-services-pvt-ltd,Official Infopark Directory,Publicly published functional business email on this page.,High,General Business,Email Found,Completed - Email Found,
Hotpack Global,9895677424,www.hotpackglobal.com,,https://infopark.in/companies-profile/hotpack-global,https://infopark.in/jobs/349,https://infopark.in/companies,,Low,Low,Unknown,Unknown,Low,"No domain information is available in the Infopark directory, so software-development relevance cannot be established.",Not a developer target,Stage 1.1 Classified,Domain field is blank; developer relevance is uncertain from available directory data.,Medium,The Infopark card has no domain information. It is retained as a lower-confidence target rather than excluded without evidence.,Stage 1.2 Reviewed,,,contact@hotpackglobal.com,General,General,https://www.hotpackglobal.com/,Official Website,Publicly published functional business email on this page.,High,General Business,Email Found,Completed - Email Found,
HTIC Global,0484 4042400,www.hticglobal.com,,https://infopark.in/companies-profile/htic-global,https://infopark.in/jobs/194,https://infopark.in/companies,,Low,Low,Unknown,Unknown,Low,"No domain information is available in the Infopark directory, so software-development relevance cannot be established.",Not a developer target,Stage 1.1 Classified,Domain field is blank; developer relevance is uncertain from available directory data.,Medium,The Infopark card has no domain information. It is retained as a lower-confidence target rather than excluded without evidence.,Stage 1.2 Reviewed,,,hr@hticglobal.com,HR,Primary,https://infopark.in/companies-profile/htic-global,Official Infopark Directory,Publicly published functional business email on this page.,High,Hiring Relevant,Email Found,Completed - Email Found,
Hubbell Burndy India,,,,https://infopark.in/companies-profile/hubbell-burndy-india,https://infopark.in/jobs/67,https://infopark.in/companies,,Low,Low,Unknown,Unknown,Low,"No domain information is available in the Infopark directory, so software-development relevance cannot be established.",Not a developer target,Stage 1.1 Classified,Domain field is blank; developer relevance is uncertain from available directory data.,Medium,The Infopark card has no domain information. It is retained as a lower-confidence target rather than excluded without evidence.,Stage 1.2 Reviewed,,,,,,,,,,,No Public Email Found,Completed - No Public Email,No usable website URL in frozen target data.
IBS Software,04847193700,www.ibsplc.com,,https://infopark.in/companies-profile/ibs-software,https://infopark.in/jobs/429,https://infopark.in/companies,,Low,Low,Unknown,Unknown,Low,"No domain information is available in the Infopark directory, so software-development relevance cannot be established.",Not a developer target,Stage 1.1 Classified,Domain field is blank; developer relevance is uncertain from available directory data.,Medium,The Infopark card has no domain information. It is retained as a lower-confidence target rather than excluded without evidence.,Stage 1.2 Reviewed,,,,,,,,,,,No Public Email Found,Completed - No Public Email,Could not access https://www.ibsplc.com/: HTTP 403 At least one permitted public source was unavailable; no eligible public business email was found on accessible sources.
iCodeBees Private Limited,ph. - 98477 32355,www.icodebees.com,Software Development | IT Consulting & Managed Services,https://infopark.in/companies-profile/icodebees-private-limited,https://infopark.in/jobs/450,https://infopark.in/companies,,High,High,Software Development / Technology Consulting,"Software Developer, Software Engineer, Application Developer",High,Available Infopark domain information explicitly includes software or application development.,Developer / Software Engineer application,Stage 1.1 Classified,,High,"Stage 1.1 identifies explicit software, web, mobile, or application-development evidence in the Infopark domain field.",Stage 1.2 Reviewed,,,info@icodebees.com,General,General,https://infopark.in/companies-profile/icodebees-private-limited,Official Infopark Directory,Publicly published functional business email on this page.,High,General Business,Email Found,Completed - Email Found,
iDatalytics Pvt. Ltd.,9447034712,www.idatalytics.com,,https://infopark.in/companies-profile/idatalytics-pvt-ltd,https://infopark.in/jobs/91,https://infopark.in/companies,,Low,Low,Unknown,Unknown,Low,"No domain information is available in the Infopark directory, so software-development relevance cannot be established.",Not a developer target,Stage 1.1 Classified,Domain field is blank; developer relevance is uncertain from available directory data.,Medium,The Infopark card has no domain information. It is retained as a lower-confidence target rather than excluded without evidence.,Stage 1.2 Reviewed,,,careers@idatalytics.com,Careers,Primary,https://www.idatalytics.com/career/,Official Careers Page,Publicly published functional business email on this page.,High,Hiring Relevant,Multiple Public Emails Found,Completed - Email Found,
iDatalytics Pvt. Ltd.,9447034712,www.idatalytics.com,,https://infopark.in/companies-profile/idatalytics-pvt-ltd,https://infopark.in/jobs/91,https://infopark.in/companies,,Low,Low,Unknown,Unknown,Low,"No domain information is available in the Infopark directory, so software-development relevance cannot be established.",Not a developer target,Stage 1.1 Classified,Domain field is blank; developer relevance is uncertain from available directory data.,Medium,The Infopark card has no domain information. It is retained as a lower-confidence target rather than excluded without evidence.,Stage 1.2 Reviewed,,,info@idatalytics.com,General,General,https://www.idatalytics.com/,Official Website,Publicly published functional business email on this page.,High,General Business,Multiple Public Emails Found,Completed - Email Found,
Idea Soft Solutions,+91 9946675005,ideasoftsolutions.com,UI/UX Design & Development | Software Development,https://infopark.in/companies-profile/idea-soft-solutions,https://infopark.in/jobs/548,https://infopark.in/companies,,High,High,Software Development / Digital Technology,"Software Developer, Software Engineer, Application Developer",High,Available Infopark domain information explicitly includes software or application development.,Developer / Software Engineer application,Stage 1.1 Classified,,High,"Stage 1.1 identifies explicit software, web, mobile, or application-development evidence in the Infopark domain field.",Stage 1.2 Reviewed,,,contact@ideasoftsolutions.com,General,General,https://ideasoftsolutions.com/,Official Website,Publicly published functional business email on this page.,High,General Business,Email Found,Completed - Email Found,
IdeaGCS Private Limited,+91 9746126217,ideagcs.com,IT Consulting & Managed Services,https://infopark.in/companies-profile/ideagcs-private-limited,https://infopark.in/jobs/488,https://infopark.in/companies,,High,Medium,Technology Consulting,Other Technical Role,Medium,"Available Infopark domain information indicates a technology-focused business, but does not clearly establish software-development work.",Technical role inquiry,Stage 1.1 Classified,Developer relevance uncertain from available directory data.,Medium,"The Infopark domain indicates technology-related work, but the saved evidence does not clearly establish central software-development work.",Stage 1.2 Reviewed,,,hello@ideagcs.com,General,General,https://ideagcs.com/,Official Website,Publicly published functional business email on this page.,High,General Business,Email Found,Completed - Email Found,
IdealMG Educare LLP,8086469111,mgtuition.com,EdTech,https://infopark.in/companies-profile/idealmg-educare-llp,https://infopark.in/jobs/543,https://infopark.in/companies,,Low,Low,Unknown,Unknown,Low,Available Infopark domain information does not clearly indicate a software-development focus.,Not a developer target,Stage 1.1 Classified,Developer relevance uncertain from available directory data.,Medium,"The stated Infopark domain is technology-adjacent or digital, but direct software-development work is not clearly established.",Stage 1.2 Reviewed,,,info@mgtuition.com,General,General,https://infopark.in/companies-profile/idealmg-educare-llp,Official Infopark Directory,Publicly published functional business email on this page.,High,General Business,Email Found,Completed - Email Found,
iLeaf Solutions Pvt Ltd.,+91-9746226403,www.ileafsolutions.com,,https://infopark.in/companies-profile/ileaf-solutions-pvt-ltd,https://infopark.in/jobs/59,https://infopark.in/companies,,Low,Low,Unknown,Unknown,Low,"No domain information is available in the Infopark directory, so software-development relevance cannot be established.",Not a developer target,Stage 1.1 Classified,Domain field is blank; developer relevance is uncertain from available directory data.,Medium,The Infopark card has no domain information. It is retained as a lower-confidence target rather than excluded without evidence.,Stage 1.2 Reviewed,,,careers@ileafsolutions.com,Careers,Primary,https://www.ileafsolutions.com/careers,Official Careers Page,Publicly published functional business email on this page.,High,Hiring Relevant,Email Found,Completed - Email Found,
Impaqtive Technologies India Pvt Ltd,+91-9895633744,www.impaqtive.com,,https://infopark.in/companies-profile/impaqtive-technologies-india-pvt-ltd,https://infopark.in/jobs/392,https://infopark.in/companies,,Low,Low,Unknown,Unknown,Low,"No domain information is available in the Infopark directory, so software-development relevance cannot be established.",Not a developer target,Stage 1.1 Classified,Domain field is blank; developer relevance is uncertain from available directory data.,Medium,The Infopark card has no domain information. It is retained as a lower-confidence target rather than excluded without evidence.,Stage 1.2 Reviewed,,,careers@impaqtive.com,Careers,Primary,https://infopark.in/companies-profile/impaqtive-technologies-india-pvt-ltd,Official Infopark Directory,Publicly published functional business email on this page.,High,Hiring Relevant,Email Found,Completed - Email Found,
In-Tech Group India Private Limited,+91 7907673191,www.in-tech.com,,https://infopark.in/companies-profile/in-tech-group-india-private-limited,https://infopark.in/jobs/397,https://infopark.in/companies,,Low,Low,Unknown,Unknown,Low,"No domain information is available in the Infopark directory, so software-development relevance cannot be established.",Not a developer target,Stage 1.1 Classified,Domain field is blank; developer relevance is uncertain from available directory data.,Medium,The Infopark card has no domain information. It is retained as a lower-confidence target rather than excluded without evidence.,Stage 1.2 Reviewed,,,,,,,,,,,No Public Email Found,Completed - No Public Email,
InApp Information Technologies India Pvt Ltd,+91 471 277 1800,www.inapp.com,,https://infopark.in/companies-profile/inapp-information-technologies-india-pvt-ltd,https://infopark.in/jobs/329,https://infopark.in/companies,,Low,Low,Unknown,Unknown,Low,"No domain information is available in the Infopark directory, so software-development relevance cannot be established.",Not a developer target,Stage 1.1 Classified,Domain field is blank; developer relevance is uncertain from available directory data.,Medium,The Infopark card has no domain information. It is retained as a lower-confidence target rather than excluded without evidence.,Stage 1.2 Reviewed,,,hr@inapp.com,HR,Primary,https://infopark.in/companies-profile/inapp-information-technologies-india-pvt-ltd,Official Infopark Directory,Publicly published functional business email on this page.,High,Hiring Relevant,Email Found,Completed - Email Found,
Incede Technologies Pvt Ltd,0484 2981 655,www.incedetech.ai,,https://infopark.in/companies-profile/incede-technologies-pvt-ltd,https://infopark.in/jobs/459,https://infopark.in/companies,,Low,Low,Unknown,Unknown,Low,"No domain information is available in the Infopark directory, so software-development relevance cannot be established.",Not a developer target,Stage 1.1 Classified,Domain field is blank; developer relevance is uncertain from available directory data.,Medium,The Infopark card has no domain information. It is retained as a lower-confidence target rather than excluded without evidence.,Stage 1.2 Reviewed,,,info@incedetech.ai,General,General,https://incedetech.ai/,Official Website,Publicly published functional business email on this page.,High,General Business,Email Found,Completed - Email Found,
Indian Institute of Management - Kozhikode,,www.iimk.ac.in,,https://infopark.in/companies-profile/indian-institute-of-management-kozhikode,https://infopark.in/jobs/72,https://infopark.in/companies,,Low,Low,Unknown,Unknown,Low,"No domain information is available in the Infopark directory, so software-development relevance cannot be established.",Not a developer target,Stage 1.1 Classified,Domain field is blank; developer relevance is uncertain from available directory data.,Medium,The Infopark card has no domain information. It is retained as a lower-confidence target rather than excluded without evidence.,Stage 1.2 Reviewed,,,,,,,,,,,No Public Email Found,Completed - No Public Email,
IndustryApps Technologies Pvt Ltd,+91 99462 60111,www.industryapps.net,,https://infopark.in/companies-profile/industryapps-technologies-pvt-ltd,https://infopark.in/jobs/474,https://infopark.in/companies,,Low,Low,Unknown,Unknown,Low,"No domain information is available in the Infopark directory, so software-development relevance cannot be established.",Not a developer target,Stage 1.1 Classified,Domain field is blank; developer relevance is uncertain from available directory data.,Medium,The Infopark card has no domain information. It is retained as a lower-confidence target rather than excluded without evidence.,Stage 1.2 Reviewed,,,contact@industryapps.net,General,General,https://www.industryapps.net/contact-us.html,Official Contact Page,Publicly published functional business email on this page.,High,General Business,Email Found,Completed - Email Found,
InerG Software Innovations Pvt.Ltd.,,www.inerg.com,,https://infopark.in/companies-profile/inerg-software-innovations-pvt-ltd,https://infopark.in/jobs/181,https://infopark.in/companies,,Low,Low,Unknown,Unknown,Low,"No domain information is available in the Infopark directory, so software-development relevance cannot be established.",Not a developer target,Stage 1.1 Classified,Domain field is blank; developer relevance is uncertain from available directory data.,Medium,The Infopark card has no domain information. It is retained as a lower-confidence target rather than excluded without evidence.,Stage 1.2 Reviewed,,,hr@inerg.com,HR,Primary,https://inerg.com/careers/,Official Careers Page,Publicly published functional business email on this page.,High,Hiring Relevant,Multiple Public Emails Found,Completed - Email Found,
InerG Software Innovations Pvt.Ltd.,,www.inerg.com,,https://infopark.in/companies-profile/inerg-software-innovations-pvt-ltd,https://infopark.in/jobs/181,https://infopark.in/companies,,Low,Low,Unknown,Unknown,Low,"No domain information is available in the Infopark directory, so software-development relevance cannot be established.",Not a developer target,Stage 1.1 Classified,Domain field is blank; developer relevance is uncertain from available directory data.,Medium,The Infopark card has no domain information. It is retained as a lower-confidence target rather than excluded without evidence.,Stage 1.2 Reviewed,,,info@inerg.com,General,General,https://inerg.com/,Official Website,Publicly published functional business email on this page.,High,General Business,Multiple Public Emails Found,Completed - Email Found,
Infintor Solutions LLP,+919422799989,www.infintor.com,ERP | Enterprise Solutions | Artificial Intelligence (AI) / Machine Learning (ML) | Data Science & Analytics | Digital Trasformation Consulting,https://infopark.in/companies-profile/infintor-solutions-llp,https://infopark.in/jobs/380,https://infopark.in/companies,,High,Medium,AI / Machine Learning / Data / Analytics / Technology Consulting,Data / AI Engineer,Medium,"Available Infopark domain information indicates a technology-focused business, but does not clearly establish software-development work.",Technical role inquiry,Stage 1.1 Classified,Developer relevance uncertain from available directory data.,Medium,"The Infopark domain indicates technology-related work, but the saved evidence does not clearly establish central software-development work.",Stage 1.2 Reviewed,,,info@infintor.com,General,General,https://www.infintor.com/,Official Website,Publicly published functional business email on this page.,High,General Business,Email Found,Completed - Email Found,
INFOCYLANZ PVT. LTD.,8921032682,www.infocylanz.com,,https://infopark.in/companies-profile/infocylanz-pvt-ltd,https://infopark.in/jobs/316,https://infopark.in/companies,,Low,Low,Unknown,Unknown,Low,"No domain information is available in the Infopark directory, so software-development relevance cannot be established.",Not a developer target,Stage 1.1 Classified,Domain field is blank; developer relevance is uncertain from available directory data.,Medium,The Infopark card has no domain information. It is retained as a lower-confidence target rather than excluded without evidence.,Stage 1.2 Reviewed,,,careers@infocylanz.com,Careers,Primary,https://infocylanz.com/,Official Website,Publicly published functional business email on this page.,High,Hiring Relevant,Multiple Public Emails Found,Completed - Email Found,
INFOCYLANZ PVT. LTD.,8921032682,www.infocylanz.com,,https://infopark.in/companies-profile/infocylanz-pvt-ltd,https://infopark.in/jobs/316,https://infopark.in/companies,,Low,Low,Unknown,Unknown,Low,"No domain information is available in the Infopark directory, so software-development relevance cannot be established.",Not a developer target,Stage 1.1 Classified,Domain field is blank; developer relevance is uncertain from available directory data.,Medium,The Infopark card has no domain information. It is retained as a lower-confidence target rather than excluded without evidence.,Stage 1.2 Reviewed,,,info@infocylanz.com,General,General,https://infocylanz.com/,Official Website,Publicly published functional business email on this page.,High,General Business,Multiple Public Emails Found,Completed - Email Found,
INFOCYLANZ PVT. LTD.,8921032682,www.infocylanz.com,,https://infopark.in/companies-profile/infocylanz-pvt-ltd,https://infopark.in/jobs/316,https://infopark.in/companies,,Low,Low,Unknown,Unknown,Low,"No domain information is available in the Infopark directory, so software-development relevance cannot be established.",Not a developer target,Stage 1.1 Classified,Domain field is blank; developer relevance is uncertain from available directory data.,Medium,The Infopark card has no domain information. It is retained as a lower-confidence target rather than excluded without evidence.,Stage 1.2 Reviewed,,,jobs@infocylanz.com,Careers,Primary,https://infocylanz.com/,Official Website,Publicly published functional business email on this page.,High,Hiring Relevant,Multiple Public Emails Found,Completed - Email Found,
Infosmart Technologies Private Limited,+91 99468 05010,www.infosmart-technologies.com,,https://infopark.in/companies-profile/infosmart-technologies-private-limited,https://infopark.in/jobs/379,https://infopark.in/companies,,Low,Low,Unknown,Unknown,Low,"No domain information is available in the Infopark directory, so software-development relevance cannot be established.",Not a developer target,Stage 1.1 Classified,Domain field is blank; developer relevance is uncertain from available directory data.,Medium,The Infopark card has no domain information. It is retained as a lower-confidence target rather than excluded without evidence.,Stage 1.2 Reviewed,,,,,,,,,,,No Public Email Found,Completed - No Public Email,
Innovature Software Labs (P) Ltd,0484 - 4038120,innovature.ai,,https://infopark.in/companies-profile/innovature-software-labs-p-ltd,https://infopark.in/jobs/190,https://infopark.in/companies,,Low,Low,Unknown,Unknown,Low,"No domain information is available in the Infopark directory, so software-development relevance cannot be established.",Not a developer target,Stage 1.1 Classified,Domain field is blank; developer relevance is uncertain from available directory data.,Medium,The Infopark card has no domain information. It is retained as a lower-confidence target rather than excluded without evidence.,Stage 1.2 Reviewed,,,sales@innovature.ai,Other,Secondary,https://innovature.ai/,Official Website,Publicly published functional business email on this page.,High,Other Business,Email Found,Completed - Email Found,
Inntot Technologies Private Limited,+91- 484 298 5898,www.inntot.com,,https://infopark.in/companies-profile/inntot-technologies-private-limited,https://infopark.in/jobs/126,https://infopark.in/companies,,Low,Low,Unknown,Unknown,Low,"No domain information is available in the Infopark directory, so software-development relevance cannot be established.",Not a developer target,Stage 1.1 Classified,Domain field is blank; developer relevance is uncertain from available directory data.,Medium,The Infopark card has no domain information. It is retained as a lower-confidence target rather than excluded without evidence.,Stage 1.2 Reviewed,,,info@inntot.com,General,General,https://www.inntot.com/,Official Website,Publicly published functional business email on this page.,High,General Business,Email Found,Completed - Email Found,
Inspired Software Development (India) LLP,+91-9995229371,www.inseinc.com,,https://infopark.in/companies-profile/inspired-software-development-india-llp,https://infopark.in/jobs/350,https://infopark.in/companies,,Low,Low,Unknown,Unknown,Low,"No domain information is available in the Infopark directory, so software-development relevance cannot be established.",Not a developer target,Stage 1.1 Classified,Domain field is blank; developer relevance is uncertain from available directory data.,Medium,The Infopark card has no domain information. It is retained as a lower-confidence target rather than excluded without evidence.,Stage 1.2 Reviewed,,,,,,,,,,,No Public Email Found,Completed - No Public Email,
Inspirisys Solutions Limited,0484 - 3343403/3343404,www.inspirisys.com,,https://infopark.in/companies-profile/inspirisys-solutions-limited,https://infopark.in/jobs/163,https://infopark.in/companies,,Low,Low,Unknown,Unknown,Low,"No domain information is available in the Infopark directory, so software-development relevance cannot be established.",Not a developer target,Stage 1.1 Classified,Domain field is blank; developer relevance is uncertain from available directory data.,Medium,The Infopark card has no domain information. It is retained as a lower-confidence target rather than excluded without evidence.,Stage 1.2 Reviewed,,,,,,,,,,,No Public Email Found,Completed - No Public Email,
Inspite Technologies Pvt.Ltd,8714153735,www.inspitetech.com,,https://infopark.in/companies-profile/inspite-technologies-pvt-ltd,https://infopark.in/jobs/442,https://infopark.in/companies,,Low,Low,Unknown,Unknown,Low,"No domain information is available in the Infopark directory, so software-development relevance cannot be established.",Not a developer target,Stage 1.1 Classified,Domain field is blank; developer relevance is uncertain from available directory data.,Medium,The Infopark card has no domain information. It is retained as a lower-confidence target rather than excluded without evidence.,Stage 1.2 Reviewed,,,hr@inspitetech.com,HR,Primary,https://inspitetech.com/,Official Website,Publicly published functional business email on this page.,High,Hiring Relevant,Multiple Public Emails Found,Completed - Email Found,Could not access https://inspitetech.com/career/: HTTP 404
Inspite Technologies Pvt.Ltd,8714153735,www.inspitetech.com,,https://infopark.in/companies-profile/inspite-technologies-pvt-ltd,https://infopark.in/jobs/442,https://infopark.in/companies,,Low,Low,Unknown,Unknown,Low,"No domain information is available in the Infopark directory, so software-development relevance cannot be established.",Not a developer target,Stage 1.1 Classified,Domain field is blank; developer relevance is uncertain from available directory data.,Medium,The Infopark card has no domain information. It is retained as a lower-confidence target rather than excluded without evidence.,Stage 1.2 Reviewed,,,info@inspitetech.com,General,General,https://inspitetech.com/,Official Website,Publicly published functional business email on this page.,High,General Business,Multiple Public Emails Found,Completed - Email Found,Could not access https://inspitetech.com/career/: HTTP 404
Intbrains Private Limited,,www.intbrains.com,,https://infopark.in/companies-profile/intbrains-private-limited,https://infopark.in/jobs/373,https://infopark.in/companies,,Low,Low,Unknown,Unknown,Low,"No domain information is available in the Infopark directory, so software-development relevance cannot be established.",Not a developer target,Stage 1.1 Classified,Domain field is blank; developer relevance is uncertain from available directory data.,Medium,The Infopark card has no domain information. It is retained as a lower-confidence target rather than excluded without evidence.,Stage 1.2 Reviewed,,,info@intbrains.com,General,General,https://www.intbrains.com/,Official Website,Publicly published functional business email on this page.,High,General Business,Email Found,Completed - Email Found,
Internland Technology Services Private Limited,7012460522,www.interlandtech.com,,https://infopark.in/companies-profile/internland-technology-services-private-limited,https://infopark.in/jobs/331,https://infopark.in/companies,,Low,Low,Unknown,Unknown,Low,"No domain information is available in the Infopark directory, so software-development relevance cannot be established.",Not a developer target,Stage 1.1 Classified,Domain field is blank; developer relevance is uncertain from available directory data.,Medium,The Infopark card has no domain information. It is retained as a lower-confidence target rather than excluded without evidence.,Stage 1.2 Reviewed,,,hr@interlandtech.com,HR,Primary,https://infopark.in/companies-profile/internland-technology-services-private-limited,Official Infopark Directory,Publicly published functional business email on this page.,High,Hiring Relevant,Email Found,Completed - Email Found,
IVBM Pvt Ltd,,www.ivbmcs.com,Back Office & Administrative Services | Finance & Accounting Services | Digital Marketing & Content Services | Data Science & Analytics | Software Development,https://infopark.in/companies-profile/ivbm-pvt-ltd,https://infopark.in/jobs/551,https://infopark.in/companies,,High,High,Software Development / Data / Analytics / Digital Technology,"Software Developer, Software Engineer, Application Developer, Data / AI Engineer",High,Available Infopark domain information explicitly includes software or application development.,Developer / Software Engineer application,Stage 1.1 Classified,,High,"Stage 1.1 identifies explicit software, web, mobile, or application-development evidence in the Infopark domain field.",Stage 1.2 Reviewed,,,,,,,,,,,No Public Email Found,Completed - No Public Email,
iWEX Infomatics,+919744783338,iwex.in,Robotics & Automation | IT Consulting & Managed Services | Enterprise Solutions | Software Development | Artificial Intelligence (AI) / Machine Learning (ML),https://infopark.in/companies-profile/iwex-infomatics,https://infopark.in/jobs/521,https://infopark.in/companies,,High,High,Software Development / AI / Machine Learning / Technology Consulting,"Software Developer, Software Engineer, Application Developer, Data / AI Engineer",High,Available Infopark domain information explicitly includes software or application development.,Developer / Software Engineer application,Stage 1.1 Classified,,High,"Stage 1.1 identifies explicit software, web, mobile, or application-development evidence in the Infopark domain field.",Stage 1.2 Reviewed,,,,,,,,,,,No Public Email Found,Completed - No Public Email,
Jachoos Technologies Private Limited,+9181290 05574,www.jachoos.com,,https://infopark.in/companies-profile/jachoos-technologies-private-limited,https://infopark.in/jobs/363,https://infopark.in/companies,,Low,Low,Unknown,Unknown,Low,"No domain information is available in the Infopark directory, so software-development relevance cannot be established.",Not a developer target,Stage 1.1 Classified,Domain field is blank; developer relevance is uncertain from available directory data.,Medium,The Infopark card has no domain information. It is retained as a lower-confidence target rather than excluded without evidence.,Stage 1.2 Reviewed,,,career@jachoos.com,Careers,Primary,https://www.jachoos.com/,Official Website,Publicly published functional business email on this page.,High,Hiring Relevant,Multiple Public Emails Found,Completed - Email Found,
Jachoos Technologies Private Limited,+9181290 05574,www.jachoos.com,,https://infopark.in/companies-profile/jachoos-technologies-private-limited,https://infopark.in/jobs/363,https://infopark.in/companies,,Low,Low,Unknown,Unknown,Low,"No domain information is available in the Infopark directory, so software-development relevance cannot be established.",Not a developer target,Stage 1.1 Classified,Domain field is blank; developer relevance is uncertain from available directory data.,Medium,The Infopark card has no domain information. It is retained as a lower-confidence target rather than excluded without evidence.,Stage 1.2 Reviewed,,,info@jachoos.com,General,General,https://www.jachoos.com/,Official Website,Publicly published functional business email on this page.,High,General Business,Multiple Public Emails Found,Completed - Email Found,
Jachoos Technologies Private Limited,+9181290 05574,www.jachoos.com,,https://infopark.in/companies-profile/jachoos-technologies-private-limited,https://infopark.in/jobs/363,https://infopark.in/companies,,Low,Low,Unknown,Unknown,Low,"No domain information is available in the Infopark directory, so software-development relevance cannot be established.",Not a developer target,Stage 1.1 Classified,Domain field is blank; developer relevance is uncertain from available directory data.,Medium,The Infopark card has no domain information. It is retained as a lower-confidence target rather than excluded without evidence.,Stage 1.2 Reviewed,,,info@jachoos.uk,General,General,https://www.jachoos.com/,Official Website,Publicly published functional business email on this page.,High,General Business,Multiple Public Emails Found,Completed - Email Found,
Jachoos Technologies Private Limited,+9181290 05574,www.jachoos.com,,https://infopark.in/companies-profile/jachoos-technologies-private-limited,https://infopark.in/jobs/363,https://infopark.in/companies,,Low,Low,Unknown,Unknown,Low,"No domain information is available in the Infopark directory, so software-development relevance cannot be established.",Not a developer target,Stage 1.1 Classified,Domain field is blank; developer relevance is uncertain from available directory data.,Medium,The Infopark card has no domain information. It is retained as a lower-confidence target rather than excluded without evidence.,Stage 1.2 Reviewed,,,sales@jachoos.com,Other,Secondary,https://www.jachoos.com/,Official Website,Publicly published functional business email on this page.,High,Other Business,Multiple Public Emails Found,Completed - Email Found,
JK Lucent Pvt Ltd,+91 480 208 1883,www.jklucent.com.au,,https://infopark.in/companies-profile/jk-lucent-pvt-ltd,https://infopark.in/jobs/415,https://infopark.in/companies,,Low,Low,Unknown,Unknown,Low,"No domain information is available in the Infopark directory, so software-development relevance cannot be established.",Not a developer target,Stage 1.1 Classified,Domain field is blank; developer relevance is uncertain from available directory data.,Medium,The Infopark card has no domain information. It is retained as a lower-confidence target rather than excluded without evidence.,Stage 1.2 Reviewed,,,careers@jklucent.com.au,Careers,Primary,https://infopark.in/companies-profile/jk-lucent-pvt-ltd,Official Infopark Directory,Publicly published functional business email on this page.,High,Hiring Relevant,Email Found,Completed - Email Found,Could not access https://www.jklucent.com.au/: HTTP 403
Jobin & Jismi Pvt. Ltd.,7034499822,www.jobinandjismi.com,,https://infopark.in/companies-profile/jobin-jismi-pvt-ltd,https://infopark.in/jobs/404,https://infopark.in/companies,,Low,Low,Unknown,Unknown,Low,"No domain information is available in the Infopark directory, so software-development relevance cannot be established.",Not a developer target,Stage 1.1 Classified,Domain field is blank; developer relevance is uncertain from available directory data.,Medium,The Infopark card has no domain information. It is retained as a lower-confidence target rather than excluded without evidence.,Stage 1.2 Reviewed,,,hr@jobinandjismi.com,HR,Primary,https://www.jobinandjismi.com/,Official Website,Publicly published functional business email on this page.,High,Hiring Relevant,Email Found,Completed - Email Found,
Johnkart Online Trade and Services Pvt Ltd,+91 98470 41060,jotsdigital.com,Digital Marketing & Content Services,https://infopark.in/companies-profile/johnkart-online-trade-and-services-pvt-ltd,https://infopark.in/jobs/549,https://infopark.in/companies,,Low,Low,Digital Technology / Other,Unknown,Low,Available Infopark domain information indicates non-software business activity.,Not a developer target,Stage 1.1 Classified,Clearly non-software business based on available directory data.,Medium,"The stated Infopark domain is technology-adjacent or digital, but direct software-development work is not clearly established.",Stage 1.2 Reviewed,,,admin@johnkart.com,General,General,https://jotsdigital.com/,Official Website,Publicly published functional business email on this page.,High,General Business,Email Found,Completed - Email Found,
JohnTuringWatson Software Solutions Pvt Ltd,9188933408,johnturingwatson.ai,IT Consulting & Managed Services | UI/UX Design & Development | Cybersecurity | Software Development | Artificial Intelligence (AI) / Machine Learning (ML),https://infopark.in/companies-profile/johnturingwatson-software-solutions-pvt-ltd,https://infopark.in/jobs/503,https://infopark.in/companies,,High,High,Software Development / AI / Machine Learning / Cybersecurity / Technology Consulting / Digital Technology,"Software Developer, Software Engineer, Application Developer, Data / AI Engineer",High,Available Infopark domain information explicitly includes software or application development.,Developer / Software Engineer application,Stage 1.1 Classified,,High,"Stage 1.1 identifies explicit software, web, mobile, or application-development evidence in the Infopark domain field.",Stage 1.2 Reviewed,,,,,,,,,,,No Public Email Found,Completed - No Public Email,
JTSi Technologies India Private Limited,0484 - 4070368,www.jtsiindia.com,,https://infopark.in/companies-profile/jtsi-technologies-india-private-limited,https://infopark.in/jobs/55,https://infopark.in/companies,,Low,Low,Unknown,Unknown,Low,"No domain information is available in the Infopark directory, so software-development relevance cannot be established.",Not a developer target,Stage 1.1 Classified,Domain field is blank; developer relevance is uncertain from available directory data.,Medium,The Infopark card has no domain information. It is retained as a lower-confidence target rather than excluded without evidence.,Stage 1.2 Reviewed,,,info@jtsiindia.com,General,General,https://jtsiindia.com/,Official Website,Publicly published functional business email on this page.,High,General Business,Multiple Public Emails Found,Completed - Email Found,
JTSi Technologies India Private Limited,0484 - 4070368,www.jtsiindia.com,,https://infopark.in/companies-profile/jtsi-technologies-india-private-limited,https://infopark.in/jobs/55,https://infopark.in/companies,,Low,Low,Unknown,Unknown,Low,"No domain information is available in the Infopark directory, so software-development relevance cannot be established.",Not a developer target,Stage 1.1 Classified,Domain field is blank; developer relevance is uncertain from available directory data.,Medium,The Infopark card has no domain information. It is retained as a lower-confidence target rather than excluded without evidence.,Stage 1.2 Reviewed,,,marketing@jtsiindia.com,Other,Secondary,https://jtsiindia.com/,Official Website,Publicly published functional business email on this page.,High,Other Business,Multiple Public Emails Found,Completed - Email Found,
Kakapo Systems India Private Limited,+91 9946864488,www.kakaposystems.com/contact-us,,https://infopark.in/companies-profile/kakapo-systems-india-private-limited,https://infopark.in/jobs/365,https://infopark.in/companies,,Low,Low,Unknown,Unknown,Low,"No domain information is available in the Infopark directory, so software-development relevance cannot be established.",Not a developer target,Stage 1.1 Classified,Domain field is blank; developer relevance is uncertain from available directory data.,Medium,The Infopark card has no domain information. It is retained as a lower-confidence target rather than excluded without evidence.,Stage 1.2 Reviewed,,,,,,,,,,,No Public Email Found,Completed - No Public Email,
Katzion Technology Solutions LLP,0484 4858680,www.katzion.com,,https://infopark.in/companies-profile/katzion-technology-solutions-llp,https://infopark.in/jobs/180,https://infopark.in/companies,,Low,Low,Unknown,Unknown,Low,"No domain information is available in the Infopark directory, so software-development relevance cannot be established.",Not a developer target,Stage 1.1 Classified,Domain field is blank; developer relevance is uncertain from available directory data.,Medium,The Infopark card has no domain information. It is retained as a lower-confidence target rather than excluded without evidence.,Stage 1.2 Reviewed,,,hr@katzion.com,HR,Primary,https://infopark.in/companies-profile/katzion-technology-solutions-llp,Official Infopark Directory,Publicly published functional business email on this page.,High,Hiring Relevant,Email Found,Completed - Email Found,
KL Koncepts Lab Media and IT Park,8606119333,www.konceptslab.com,,https://infopark.in/companies-profile/kl-koncepts-lab-media-and-it-park,https://infopark.in/jobs/332,https://infopark.in/companies,,Low,Low,Unknown,Unknown,Low,"No domain information is available in the Infopark directory, so software-development relevance cannot be established.",Not a developer target,Stage 1.1 Classified,Domain field is blank; developer relevance is uncertain from available directory data.,Medium,The Infopark card has no domain information. It is retained as a lower-confidence target rather than excluded without evidence.,Stage 1.2 Reviewed,,,hello@konceptslab.com,General,General,https://www.konceptslab.com/contact,Official Contact Page,Publicly published functional business email on this page.,High,General Business,Multiple Public Emails Found,Completed - Email Found,
KL Koncepts Lab Media and IT Park,8606119333,www.konceptslab.com,,https://infopark.in/companies-profile/kl-koncepts-lab-media-and-it-park,https://infopark.in/jobs/332,https://infopark.in/companies,,Low,Low,Unknown,Unknown,Low,"No domain information is available in the Infopark directory, so software-development relevance cannot be established.",Not a developer target,Stage 1.1 Classified,Domain field is blank; developer relevance is uncertain from available directory data.,Medium,The Infopark card has no domain information. It is retained as a lower-confidence target rather than excluded without evidence.,Stage 1.2 Reviewed,,,hr@konceptslab.com,HR,Primary,https://www.konceptslab.com/contact,Official Contact Page,Publicly published functional business email on this page.,High,Hiring Relevant,Multiple Public Emails Found,Completed - Email Found,
KnowBe4 India Private Limited,+1-727-748-4221,www.knowbe4.com,,https://infopark.in/companies-profile/knowbe4-india-private-limited,https://infopark.in/jobs/375,https://infopark.in/companies,,Low,Low,Unknown,Unknown,Low,"No domain information is available in the Infopark directory, so software-development relevance cannot be established.",Not a developer target,Stage 1.1 Classified,Domain field is blank; developer relevance is uncertain from available directory data.,Medium,The Infopark card has no domain information. It is retained as a lower-confidence target rather than excluded without evidence.,Stage 1.2 Reviewed,,,info@knowbe4.com,General,General,https://infopark.in/companies-profile/knowbe4-india-private-limited,Official Infopark Directory,Publicly published functional business email on this page.,High,General Business,Email Found,Completed - Email Found,
KOTT SOFTWARE PRIVATE LIMITED,0484- 2362860 / 2979898 / 2371741,https://www.kottsoftware.com,,https://infopark.in/companies-profile/kott-software-private-limited,https://infopark.in/jobs/143,https://infopark.in/companies,,Low,Low,Unknown,Unknown,Low,"No domain information is available in the Infopark directory, so software-development relevance cannot be established.",Not a developer target,Stage 1.1 Classified,Domain field is blank; developer relevance is uncertain from available directory data.,Medium,The Infopark card has no domain information. It is retained as a lower-confidence target rather than excluded without evidence.,Stage 1.2 Reviewed,,,info@kottsoftware.com,General,General,https://infopark.in/companies-profile/kott-software-private-limited,Official Infopark Directory,Publicly published functional business email on this page.,High,General Business,Email Found,Completed - Email Found,
Krythium Solutions Private Limited,91 7511101166,www.krythium.com,,https://infopark.in/companies-profile/krythium-solutions-private-limited,https://infopark.in/jobs/271,https://infopark.in/companies,,Low,Low,Unknown,Unknown,Low,"No domain information is available in the Infopark directory, so software-development relevance cannot be established.",Not a developer target,Stage 1.1 Classified,Domain field is blank; developer relevance is uncertain from available directory data.,Medium,The Infopark card has no domain information. It is retained as a lower-confidence target rather than excluded without evidence.,Stage 1.2 Reviewed,,,info@krythium.com,General,General,https://infopark.in/companies-profile/krythium-solutions-private-limited,Official Infopark Directory,Publicly published functional business email on this page.,High,General Business,Email Found,Completed - Email Found,
Lanware Solutions,+91- 9778423737,www.lanwaresolutions.com,,https://infopark.in/companies-profile/lanware-solutions,https://infopark.in/jobs/211,https://infopark.in/companies,,Low,Low,Unknown,Unknown,Low,"No domain information is available in the Infopark directory, so software-development relevance cannot be established.",Not a developer target,Stage 1.1 Classified,Domain field is blank; developer relevance is uncertain from available directory data.,Medium,The Infopark card has no domain information. It is retained as a lower-confidence target rather than excluded without evidence.,Stage 1.2 Reviewed,,,contact@lanwaresolutions.com,General,General,https://infopark.in/companies-profile/lanware-solutions,Official Infopark Directory,Publicly published functional business email on this page.,High,General Business,Multiple Public Emails Found,Completed - Email Found,
Lanware Solutions,+91- 9778423737,www.lanwaresolutions.com,,https://infopark.in/companies-profile/lanware-solutions,https://infopark.in/jobs/211,https://infopark.in/companies,,Low,Low,Unknown,Unknown,Low,"No domain information is available in the Infopark directory, so software-development relevance cannot be established.",Not a developer target,Stage 1.1 Classified,Domain field is blank; developer relevance is uncertain from available directory data.,Medium,The Infopark card has no domain information. It is retained as a lower-confidence target rather than excluded without evidence.,Stage 1.2 Reviewed,,,hr@lanwaresolutions.com,HR,Primary,https://infopark.in/companies-profile/lanware-solutions,Official Infopark Directory,Publicly published functional business email on this page.,High,Hiring Relevant,Multiple Public Emails Found,Completed - Email Found,
Linnk Outsource Solutions India Pvt Ltd,+91 9778418989,www.linnk.com,IT Consulting & Managed Services | Data Science & Analytics | Enterprise Solutions | Software Development | Artificial Intelligence (AI) / Machine Learning (ML),https://infopark.in/companies-profile/linnk-outsource-solutions-india-pvt-ltd,https://infopark.in/jobs/484,https://infopark.in/companies,,High,High,Software Development / AI / Machine Learning / Data / Analytics / Technology Consulting,"Software Developer, Software Engineer, Application Developer, Data / AI Engineer",High,Available Infopark domain information explicitly includes software or application development.,Developer / Software Engineer application,Stage 1.1 Classified,,High,"Stage 1.1 identifies explicit software, web, mobile, or application-development evidence in the Infopark domain field.",Stage 1.2 Reviewed,,,,,,,,,,,No Public Email Found,Completed - No Public Email,
LINXAS IT CONSULTING PRIVATE LIMITED,+91-8301076022,www.linxas.com,,https://infopark.in/companies-profile/linxas-it-consulting-private-limited,https://infopark.in/jobs/356,https://infopark.in/companies,,Low,Low,Unknown,Unknown,Low,"No domain information is available in the Infopark directory, so software-development relevance cannot be established.",Not a developer target,Stage 1.1 Classified,Domain field is blank; developer relevance is uncertain from available directory data.,Medium,The Infopark card has no domain information. It is retained as a lower-confidence target rather than excluded without evidence.,Stage 1.2 Reviewed,,,info@linxas.com,General,General,https://linxas.com/,Official Website,Publicly published functional business email on this page.,High,General Business,Email Found,Completed - Email Found,Could not access https://linxas.com/careers/: HTTP 403
Lisbell Technologies Pvt Ltd,9207700229,Lisbell.com,Data Science & Analytics | Cloud Computing | Cybersecurity | Software Development | Artificial Intelligence (AI) / Machine Learning (ML),https://infopark.in/companies-profile/lisbell-technologies-pvt-ltd,https://infopark.in/jobs/542,https://infopark.in/companies,,High,High,Software Development / AI / Machine Learning / Data / Analytics / Cloud / Infrastructure / Cybersecurity,"Software Developer, Software Engineer, Application Developer, Data / AI Engineer, DevOps / Cloud Engineer",High,Available Infopark domain information explicitly includes software or application development.,Developer / Software Engineer application,Stage 1.1 Classified,,High,"Stage 1.1 identifies explicit software, web, mobile, or application-development evidence in the Infopark domain field.",Stage 1.2 Reviewed,,,info@lisbell.com,General,General,https://infopark.in/companies-profile/lisbell-technologies-pvt-ltd,Official Infopark Directory,Publicly published functional business email on this page.,High,General Business,Email Found,Completed - Email Found,
LucidPlus Infotech Pvt Ltd,0480 2731677,www.lucidplus.com,,https://infopark.in/companies-profile/lucidplus,https://infopark.in/jobs/41,https://infopark.in/companies,,Low,Low,Unknown,Unknown,Low,"No domain information is available in the Infopark directory, so software-development relevance cannot be established.",Not a developer target,Stage 1.1 Classified,Domain field is blank; developer relevance is uncertain from available directory data.,Medium,The Infopark card has no domain information. It is retained as a lower-confidence target rather than excluded without evidence.,Stage 1.2 Reviewed,,,career@lucidplus.com,Careers,Primary,https://infopark.in/companies-profile/lucidplus,Official Infopark Directory,Publicly published functional business email on this page.,High,Hiring Relevant,Email Found,Completed - Email Found,
Luure.ai LLP,0484-4867768,www.luure.ai,,https://infopark.in/companies-profile/luure-ai-llp,https://infopark.in/jobs/206,https://infopark.in/companies,,Low,Low,Unknown,Unknown,Low,"No domain information is available in the Infopark directory, so software-development relevance cannot be established.",Not a developer target,Stage 1.1 Classified,Domain field is blank; developer relevance is uncertain from available directory data.,Medium,The Infopark card has no domain information. It is retained as a lower-confidence target rather than excluded without evidence.,Stage 1.2 Reviewed,,,info@luure.ai,General,General,https://infopark.in/companies-profile/luure-ai-llp,Official Infopark Directory,Publicly published functional business email on this page.,High,General Business,Email Found,Completed - Email Found,
Mantle Solutions Private Limited,0484-6633333,https://mantlesolutions.in,,https://infopark.in/companies-profile/mantle-solutions-private-limited,https://infopark.in/jobs/170,https://infopark.in/companies,,Low,Low,Unknown,Unknown,Low,"No domain information is available in the Infopark directory, so software-development relevance cannot be established.",Not a developer target,Stage 1.1 Classified,Domain field is blank; developer relevance is uncertain from available directory data.,Medium,The Infopark card has no domain information. It is retained as a lower-confidence target rather than excluded without evidence.,Stage 1.2 Reviewed,,,careers@mantlesolutions.in,Careers,Primary,https://infopark.in/companies-profile/mantle-solutions-private-limited,Official Infopark Directory,Publicly published functional business email on this page.,High,Hiring Relevant,Email Found,Completed - Email Found,
Mantra IT Solutions,9249087484,https://mantraitsolutions.in/,,https://infopark.in/companies-profile/mantra-it-solutions,https://infopark.in/jobs/383,https://infopark.in/companies,,Low,Low,Unknown,Unknown,Low,"No domain information is available in the Infopark directory, so software-development relevance cannot be established.",Not a developer target,Stage 1.1 Classified,Domain field is blank; developer relevance is uncertain from available directory data.,Medium,The Infopark card has no domain information. It is retained as a lower-confidence target rather than excluded without evidence.,Stage 1.2 Reviewed,,,info@mantraitsolutions.in,General,General,https://mantraitsolutions.in/,Official Website,Publicly published functional business email on this page.,High,General Business,Email Found,Completed - Email Found,
MapleTech Space Pvt Ltd,7559923436,mapletechspace.com,,https://infopark.in/companies-profile/mapletech-space-pvt-ltd,https://infopark.in/jobs/292,https://infopark.in/companies,,Low,Low,Unknown,Unknown,Low,"No domain information is available in the Infopark directory, so software-development relevance cannot be established.",Not a developer target,Stage 1.1 Classified,Domain field is blank; developer relevance is uncertain from available directory data.,Medium,The Infopark card has no domain information. It is retained as a lower-confidence target rather than excluded without evidence.,Stage 1.2 Reviewed,,,info@mapletechspace.com,General,General,https://infopark.in/companies-profile/mapletech-space-pvt-ltd,Official Infopark Directory,Publicly published functional business email on this page.,High,General Business,Email Found,Completed - Email Found,
MarketBytes WebWorks Private Limited,+91 88918 27272,www.marketbytes.in,,https://infopark.in/companies-profile/marketbytes-webworks-private-limited,https://infopark.in/jobs/460,https://infopark.in/companies,,Low,Low,Unknown,Unknown,Low,"No domain information is available in the Infopark directory, so software-development relevance cannot be established.",Not a developer target,Stage 1.1 Classified,Domain field is blank; developer relevance is uncertain from available directory data.,Medium,The Infopark card has no domain information. It is retained as a lower-confidence target rather than excluded without evidence.,Stage 1.2 Reviewed,,,info@marketbytes.in,General,General,https://www.marketbytes.in/careers/,Official Careers Page,Publicly published functional business email on this page.,High,General Business,Email Found,Completed - Email Found,
MARLABS SOFTWARE,"91 0484 6062885, 6062886",www.marlabs.com,,https://infopark.in/companies-profile/marlabs-software,https://infopark.in/jobs/80,https://infopark.in/companies,,Low,Low,Unknown,Unknown,Low,"No domain information is available in the Infopark directory, so software-development relevance cannot be established.",Not a developer target,Stage 1.1 Classified,Domain field is blank; developer relevance is uncertain from available directory data.,Medium,The Infopark card has no domain information. It is retained as a lower-confidence target rather than excluded without evidence.,Stage 1.2 Reviewed,,,contact@marlabs.com,General,General,https://www.marlabs.com/,Official Website,Publicly published functional business email on this page.,High,General Business,Email Found,Completed - Email Found,
Mashuptech,"+91 4843514093, +91 8089612448, +91 6282589058",mashuptech.in,IT Consulting & Managed Services | Software Development | Digital Marketing & Content Services,https://infopark.in/companies-profile/mashuptech,https://infopark.in/jobs/360,https://infopark.in/companies,,High,High,Software Development / Technology Consulting / Digital Technology,"Software Developer, Software Engineer, Application Developer",High,Available Infopark domain information explicitly includes software or application development.,Developer / Software Engineer application,Stage 1.1 Classified,,High,"Stage 1.1 identifies explicit software, web, mobile, or application-development evidence in the Infopark domain field.",Stage 1.2 Reviewed,,,info@mashuptech.in,General,General,https://infopark.in/companies-profile/mashuptech,Official Infopark Directory,Publicly published functional business email on this page.,High,General Business,Email Found,Completed - Email Found,
Maxxion Systems Private Limited,+918547906576,www.maxxion.com,,https://infopark.in/companies-profile/maxxion-systems-private-limited,https://infopark.in/jobs/432,https://infopark.in/companies,,Low,Low,Unknown,Unknown,Low,"No domain information is available in the Infopark directory, so software-development relevance cannot be established.",Not a developer target,Stage 1.1 Classified,Domain field is blank; developer relevance is uncertain from available directory data.,Medium,The Infopark card has no domain information. It is retained as a lower-confidence target rather than excluded without evidence.,Stage 1.2 Reviewed,,,,,,,,,,,No Public Email Found,Completed - No Public Email,
McFadyen Digital,9495662507,www.mcfadyen.com,,https://infopark.in/companies-profile/mcfadyen-digital,https://infopark.in/jobs/102,https://infopark.in/companies,,Low,Low,Unknown,Unknown,Low,"No domain information is available in the Infopark directory, so software-development relevance cannot be established.",Not a developer target,Stage 1.1 Classified,Domain field is blank; developer relevance is uncertain from available directory data.,Medium,The Infopark card has no domain information. It is retained as a lower-confidence target rather than excluded without evidence.,Stage 1.2 Reviewed,,,info@mcfadyen.com,General,General,https://mcfadyen.com/,Official Website,Publicly published functional business email on this page.,High,General Business,Email Found,Completed - Email Found,
Media Systems India,,www.msisoft.in,,https://infopark.in/companies-profile/media-systems-india,https://infopark.in/jobs/30,https://infopark.in/companies,,Low,Low,Unknown,Unknown,Low,"No domain information is available in the Infopark directory, so software-development relevance cannot be established.",Not a developer target,Stage 1.1 Classified,Domain field is blank; developer relevance is uncertain from available directory data.,Medium,The Infopark card has no domain information. It is retained as a lower-confidence target rather than excluded without evidence.,Stage 1.2 Reviewed,,,,,,,,,,,No Public Email Found,Completed - No Public Email,"Could not access https://www.msisoft.in/: ConnectionError: HTTPSConnectionPool(host='www.msisoft.in', port=443): Max retries exceeded with url: / (Caused by NameResolutionError(""HTTPSConnection(host='www.msisoft.in', port=443): Failed to resolve 'www.msisoft.in' ([Errno 11002] getaddrinfo failed)"")) At least one permitted public source was unavailable; no eligible public business email was found on accessible sources."
Merabt Technologies Private Limited,+91-7907092564,www.merabt.com,ERP | Mobile Application Development | Digital Marketing & Content Services,https://infopark.in/companies-profile/merabt-technologies-private-limited,https://infopark.in/jobs/396,https://infopark.in/companies,,High,High,Software Development / Mobile Development / Digital Technology,"Software Developer, Software Engineer, Application Developer, Mobile Developer",High,Available Infopark domain information explicitly includes software or application development.,Developer / Software Engineer application,Stage 1.1 Classified,,High,"Stage 1.1 identifies explicit software, web, mobile, or application-development evidence in the Infopark domain field.",Stage 1.2 Reviewed,,,hr@merabt.com,HR,Primary,https://infopark.in/companies-profile/merabt-technologies-private-limited,Official Infopark Directory,Publicly published functional business email on this page.,High,Hiring Relevant,Email Found,Completed - Email Found,
MERP Systems Private Limited,+918547117240,www.merpsystems.com,,https://infopark.in/companies-profile/merp-systems-private-limited,https://infopark.in/jobs/335,https://infopark.in/companies,,Low,Low,Unknown,Unknown,Low,"No domain information is available in the Infopark directory, so software-development relevance cannot be established.",Not a developer target,Stage 1.1 Classified,Domain field is blank; developer relevance is uncertain from available directory data.,Medium,The Infopark card has no domain information. It is retained as a lower-confidence target rather than excluded without evidence.,Stage 1.2 Reviewed,,,info@merpsystems.com,General,General,https://www.merpsystems.com/,Official Website,Publicly published functional business email on this page.,High,General Business,Email Found,Completed - Email Found,
Metclouds Technologies Pvt Ltd,0484-4030103,metclouds.com,IT Consulting & Managed Services | Cloud Computing | Enterprise Solutions | Software Development,https://infopark.in/companies-profile/metclouds-technologies-pvt-ltd,https://infopark.in/jobs/449,https://infopark.in/companies,,High,High,Software Development / Cloud / Infrastructure / Technology Consulting,"Software Developer, Software Engineer, Application Developer, DevOps / Cloud Engineer",High,Available Infopark domain information explicitly includes software or application development.,Developer / Software Engineer application,Stage 1.1 Classified,,High,"Stage 1.1 identifies explicit software, web, mobile, or application-development evidence in the Infopark domain field.",Stage 1.2 Reviewed,,,info@metclouds.com,General,General,https://metclouds.com/,Official Website,Publicly published functional business email on this page.,High,General Business,Email Found,Completed - Email Found,
Milestone Technologies,91-484-4060800,milestone.tech,,https://infopark.in/companies-profile/milestone-technologies,https://infopark.in/jobs/25,https://infopark.in/companies,,Low,Low,Unknown,Unknown,Low,"No domain information is available in the Infopark directory, so software-development relevance cannot be established.",Not a developer target,Stage 1.1 Classified,Domain field is blank; developer relevance is uncertain from available directory data.,Medium,The Infopark card has no domain information. It is retained as a lower-confidence target rather than excluded without evidence.,Stage 1.2 Reviewed,,,,,,,,,,,No Public Email Found,Completed - No Public Email,
Millennium InfoLogic,+91 484 4856688,www.millinfo.net,,https://infopark.in/companies-profile/millennium-infologic,https://infopark.in/jobs/263,https://infopark.in/companies,,Low,Low,Unknown,Unknown,Low,"No domain information is available in the Infopark directory, so software-development relevance cannot be established.",Not a developer target,Stage 1.1 Classified,Domain field is blank; developer relevance is uncertain from available directory data.,Medium,The Infopark card has no domain information. It is retained as a lower-confidence target rather than excluded without evidence.,Stage 1.2 Reviewed,,,hr@millinfo.net,HR,Primary,https://infopark.in/companies-profile/millennium-infologic,Official Infopark Directory,Publicly published functional business email on this page.,High,Hiring Relevant,Email Found,Completed - Email Found,
Mindcurv Technology Solutions Pvt. Ltd.,0484 2100164,www.mindcurv.com,,https://infopark.in/companies-profile/mindcurv-technology-solutions-pvt-ltd,https://infopark.in/jobs/114,https://infopark.in/companies,,Low,Low,Unknown,Unknown,Low,"No domain information is available in the Infopark directory, so software-development relevance cannot be established.",Not a developer target,Stage 1.1 Classified,Domain field is blank; developer relevance is uncertain from available directory data.,Medium,The Infopark card has no domain information. It is retained as a lower-confidence target rather than excluded without evidence.,Stage 1.2 Reviewed,,,hr@mindcurv.com,HR,Primary,https://infopark.in/companies-profile/mindcurv-technology-solutions-pvt-ltd,Official Infopark Directory,Publicly published functional business email on this page.,High,Hiring Relevant,Email Found,Completed - Email Found,
MindLabs Consultancy Services LLP,0484 4046900,www.mindlabssolutions.com,,https://infopark.in/companies-profile/mindlabs-consultancy-services-llp,https://infopark.in/jobs/166,https://infopark.in/companies,,Low,Low,Unknown,Unknown,Low,"No domain information is available in the Infopark directory, so software-development relevance cannot be established.",Not a developer target,Stage 1.1 Classified,Domain field is blank; developer relevance is uncertain from available directory data.,Medium,The Infopark card has no domain information. It is retained as a lower-confidence target rather than excluded without evidence.,Stage 1.2 Reviewed,,,business@mindlabssolutions.com,General,General,https://www.mindlabssolutions.com/,Official Website,Publicly published functional business email on this page.,High,General Business,Multiple Public Emails Found,Completed - Email Found,
MindLabs Consultancy Services LLP,0484 4046900,www.mindlabssolutions.com,,https://infopark.in/companies-profile/mindlabs-consultancy-services-llp,https://infopark.in/jobs/166,https://infopark.in/companies,,Low,Low,Unknown,Unknown,Low,"No domain information is available in the Infopark directory, so software-development relevance cannot be established.",Not a developer target,Stage 1.1 Classified,Domain field is blank; developer relevance is uncertain from available directory data.,Medium,The Infopark card has no domain information. It is retained as a lower-confidence target rather than excluded without evidence.,Stage 1.2 Reviewed,,,careers@mindlabssolutions.com,Careers,Primary,https://www.mindlabssolutions.com/careers.html,Official Careers Page,Publicly published functional business email on this page.,High,Hiring Relevant,Multiple Public Emails Found,Completed - Email Found,
MindLabs Systems Pvt Ltd,9656056789,mindlabssys.com,Networking & IT Infrastructure | IT Consulting & Managed Services | Software Development | Digital Marketing & Content Services | UI/UX Design & Development,https://infopark.in/companies-profile/mindlabs-systems-pvt-ltd,https://infopark.in/jobs/501,https://infopark.in/companies,,High,High,Software Development / Cloud / Infrastructure / Technology Consulting / Digital Technology,"Software Developer, Software Engineer, Application Developer, DevOps / Cloud Engineer",High,Available Infopark domain information explicitly includes software or application development.,Developer / Software Engineer application,Stage 1.1 Classified,,High,"Stage 1.1 identifies explicit software, web, mobile, or application-development evidence in the Infopark domain field.",Stage 1.2 Reviewed,,,,,,,,,,,No Public Email Found,Completed - No Public Email,
Mitsogo,8921244876,www.mitsogo.com,,https://infopark.in/companies-profile/mitsogo,https://infopark.in/jobs/150,https://infopark.in/companies,,Low,Low,Unknown,Unknown,Low,"No domain information is available in the Infopark directory, so software-development relevance cannot be established.",Not a developer target,Stage 1.1 Classified,Domain field is blank; developer relevance is uncertain from available directory data.,Medium,The Infopark card has no domain information. It is retained as a lower-confidence target rather than excluded without evidence.,Stage 1.2 Reviewed,,,careers@mitsogo.com,Careers,Primary,https://infopark.in/companies-profile/mitsogo,Official Infopark Directory,Publicly published functional business email on this page.,High,Hiring Relevant,Multiple Public Emails Found,Completed - Email Found,
Mitsogo,8921244876,www.mitsogo.com,,https://infopark.in/companies-profile/mitsogo,https://infopark.in/jobs/150,https://infopark.in/companies,,Low,Low,Unknown,Unknown,Low,"No domain information is available in the Infopark directory, so software-development relevance cannot be established.",Not a developer target,Stage 1.1 Classified,Domain field is blank; developer relevance is uncertain from available directory data.,Medium,The Infopark card has no domain information. It is retained as a lower-confidence target rather than excluded without evidence.,Stage 1.2 Reviewed,,,hr@mitsogo.com,HR,Primary,https://infopark.in/companies-profile/mitsogo,Official Infopark Directory,Publicly published functional business email on this page.,High,Hiring Relevant,Multiple Public Emails Found,Completed - Email Found,
mitz AI Minds Pvt Ltd,9656730556,www.mitz.ai,,https://infopark.in/companies-profile/mitz-ai-minds-pvt-ltd,https://infopark.in/jobs/393,https://infopark.in/companies,,Low,Low,Unknown,Unknown,Low,"No domain information is available in the Infopark directory, so software-development relevance cannot be established.",Not a developer target,Stage 1.1 Classified,Domain field is blank; developer relevance is uncertain from available directory data.,Medium,The Infopark card has no domain information. It is retained as a lower-confidence target rather than excluded without evidence.,Stage 1.2 Reviewed,,,,,,,,,,,No Public Email Found,Completed - No Public Email,
Mozilor Technologies Pvt. Ltd.,,www.mozilor.com,,https://infopark.in/companies-profile/mozilor-technologies-pvt-ltd,https://infopark.in/jobs/333,https://infopark.in/companies,,Low,Low,Unknown,Unknown,Low,"No domain information is available in the Infopark directory, so software-development relevance cannot be established.",Not a developer target,Stage 1.1 Classified,Domain field is blank; developer relevance is uncertain from available directory data.,Medium,The Infopark card has no domain information. It is retained as a lower-confidence target rather than excluded without evidence.,Stage 1.2 Reviewed,,,careers@mozilor.com,Careers,Primary,https://infopark.in/companies-profile/mozilor-technologies-pvt-ltd,Official Infopark Directory,Publicly published functional business email on this page.,High,Hiring Relevant,Email Found,Completed - Email Found,
NAS Infosolutions Pvt Ltd,04802998676,www.nasinfosolutions.com,,https://infopark.in/companies-profile/nas-infosolutions-pvt-ltd,https://infopark.in/jobs/278,https://infopark.in/companies,,Low,Low,Unknown,Unknown,Low,"No domain information is available in the Infopark directory, so software-development relevance cannot be established.",Not a developer target,Stage 1.1 Classified,Domain field is blank; developer relevance is uncertain from available directory data.,Medium,The Infopark card has no domain information. It is retained as a lower-confidence target rather than excluded without evidence.,Stage 1.2 Reviewed,,,operations@nasinfosolutions.com,Business Contact,Secondary,https://infopark.in/companies-profile/nas-infosolutions-pvt-ltd,Official Infopark Directory,Publicly published functional business email on this page.,High,Other Business,Email Found,Completed - Email Found,Could not access https://www.nasinfosolutions.com/: HTTP 403
Navicater Solutions India Pvt Ltd,"+91 9446 88 33 77, +91 8289 88 33 77",www.navicater.com,,https://infopark.in/companies-profile/navicater-solutions-india-pvt-ltd,https://infopark.in/jobs/470,https://infopark.in/companies,,Low,Low,Unknown,Unknown,Low,"No domain information is available in the Infopark directory, so software-development relevance cannot be established.",Not a developer target,Stage 1.1 Classified,Domain field is blank; developer relevance is uncertain from available directory data.,Medium,The Infopark card has no domain information. It is retained as a lower-confidence target rather than excluded without evidence.,Stage 1.2 Reviewed,,,admin@navicater.com,General,General,https://infopark.in/companies-profile/navicater-solutions-india-pvt-ltd,Official Infopark Directory,Publicly published functional business email on this page.,High,General Business,Email Found,Completed - Email Found,
NDimensionZ Solutions Pvt.Ltd.,0484 - 6689999,www.ndimensionz.com,,https://infopark.in/companies-profile/ndimensionz-solutions-pvt-ltd,https://infopark.in/jobs/209,https://infopark.in/companies,,Low,Low,Unknown,Unknown,Low,"No domain information is available in the Infopark directory, so software-development relevance cannot be established.",Not a developer target,Stage 1.1 Classified,Domain field is blank; developer relevance is uncertain from available directory data.,Medium,The Infopark card has no domain information. It is retained as a lower-confidence target rather than excluded without evidence.,Stage 1.2 Reviewed,,,info@techmindz.com,General,General,https://www.ndimensionz.com/,Official Website,Publicly published functional business email on this page.,High,General Business,Multiple Public Emails Found,Completed - Email Found,
NDimensionZ Solutions Pvt.Ltd.,0484 - 6689999,www.ndimensionz.com,,https://infopark.in/companies-profile/ndimensionz-solutions-pvt-ltd,https://infopark.in/jobs/209,https://infopark.in/companies,,Low,Low,Unknown,Unknown,Low,"No domain information is available in the Infopark directory, so software-development relevance cannot be established.",Not a developer target,Stage 1.1 Classified,Domain field is blank; developer relevance is uncertain from available directory data.,Medium,The Infopark card has no domain information. It is retained as a lower-confidence target rather than excluded without evidence.,Stage 1.2 Reviewed,,,sales@ndz.co,Other,Secondary,https://www.ndimensionz.com/,Official Website,Publicly published functional business email on this page.,High,Other Business,Multiple Public Emails Found,Completed - Email Found,
Neem Info Solutions Pvt. Ltd.,8281155932,www.neemsoftware.com,,https://infopark.in/companies-profile/neem-info-solutions-pvt-ltd,https://infopark.in/jobs/225,https://infopark.in/companies,,Low,Low,Unknown,Unknown,Low,"No domain information is available in the Infopark directory, so software-development relevance cannot be established.",Not a developer target,Stage 1.1 Classified,Domain field is blank; developer relevance is uncertain from available directory data.,Medium,The Infopark card has no domain information. It is retained as a lower-confidence target rather than excluded without evidence.,Stage 1.2 Reviewed,,,admin@neemsoftware.com,General,General,https://infopark.in/companies-profile/neem-info-solutions-pvt-ltd,Official Infopark Directory,Publicly published functional business email on this page.,High,General Business,Email Found,Completed - Email Found,"Could not access https://www.neemsoftware.com/: SSLError: HTTPSConnectionPool(host='www.neemsoftware.com', port=443): Max retries exceeded with url: / (Caused by SSLError(SSLCertVerificationError(1, '[SSL: CERTIFICATE_VERIFY_FAILED] certificate verify failed: self-signed certificate (_ssl.c:1006)')))"
Neork Technologies,8547919763,www.neork.com,Robotics & Automation | Internet of Things (IoT) | Enterprise Solutions | Software Development | Artificial Intelligence (AI) / Machine Learning (ML),https://infopark.in/companies-profile/neork-technologies,https://infopark.in/jobs/494,https://infopark.in/companies,,High,High,Software Development / AI / Machine Learning,"Software Developer, Software Engineer, Application Developer, Data / AI Engineer",High,Available Infopark domain information explicitly includes software or application development.,Developer / Software Engineer application,Stage 1.1 Classified,,High,"Stage 1.1 identifies explicit software, web, mobile, or application-development evidence in the Infopark domain field.",Stage 1.2 Reviewed,,,hr@neork.com,HR,Primary,https://www.neork.com/,Official Website,Publicly published functional business email on this page.,High,Hiring Relevant,Multiple Public Emails Found,Completed - Email Found,
Neork Technologies,8547919763,www.neork.com,Robotics & Automation | Internet of Things (IoT) | Enterprise Solutions | Software Development | Artificial Intelligence (AI) / Machine Learning (ML),https://infopark.in/companies-profile/neork-technologies,https://infopark.in/jobs/494,https://infopark.in/companies,,High,High,Software Development / AI / Machine Learning,"Software Developer, Software Engineer, Application Developer, Data / AI Engineer",High,Available Infopark domain information explicitly includes software or application development.,Developer / Software Engineer application,Stage 1.1 Classified,,High,"Stage 1.1 identifies explicit software, web, mobile, or application-development evidence in the Infopark domain field.",Stage 1.2 Reviewed,,,info@neork.com,General,General,https://www.neork.com/,Official Website,Publicly published functional business email on this page.,High,General Business,Multiple Public Emails Found,Completed - Email Found,
Nesa Software Pvt Ltd,+91 75938 33663,www.nesasoftware.com,IT Consulting & Managed Services | Internet of Things (IoT) | Data Science & Analytics | Software Development | Artificial Intelligence (AI) / Machine Learning (ML),https://infopark.in/companies-profile/nesa-software-pvt-ltd,https://infopark.in/jobs/530,https://infopark.in/companies,,High,High,Software Development / AI / Machine Learning / Data / Analytics / Technology Consulting,"Software Developer, Software Engineer, Application Developer, Data / AI Engineer",High,Available Infopark domain information explicitly includes software or application development.,Developer / Software Engineer application,Stage 1.1 Classified,,High,"Stage 1.1 identifies explicit software, web, mobile, or application-development evidence in the Infopark domain field.",Stage 1.2 Reviewed,,,info@nesasoftware.com,General,General,https://www.nesasoftware.com/,Official Website,Publicly published functional business email on this page.,High,General Business,Multiple Public Emails Found,Completed - Email Found,
Nesa Software Pvt Ltd,+91 75938 33663,www.nesasoftware.com,IT Consulting & Managed Services | Internet of Things (IoT) | Data Science & Analytics | Software Development | Artificial Intelligence (AI) / Machine Learning (ML),https://infopark.in/companies-profile/nesa-software-pvt-ltd,https://infopark.in/jobs/530,https://infopark.in/companies,,High,High,Software Development / AI / Machine Learning / Data / Analytics / Technology Consulting,"Software Developer, Software Engineer, Application Developer, Data / AI Engineer",High,Available Infopark domain information explicitly includes software or application development.,Developer / Software Engineer application,Stage 1.1 Classified,,High,"Stage 1.1 identifies explicit software, web, mobile, or application-development evidence in the Infopark domain field.",Stage 1.2 Reviewed,,,sales@nesasoftware.com,Other,Secondary,https://www.nesasoftware.com/,Official Website,Publicly published functional business email on this page.,High,Other Business,Multiple Public Emails Found,Completed - Email Found,
Nesote Technologies Pvt Ltd,04842987111,www.nesote.com,,https://infopark.in/companies-profile/nesote-technologies-pvt-ltd,https://infopark.in/jobs/89,https://infopark.in/companies,,Low,Low,Unknown,Unknown,Low,"No domain information is available in the Infopark directory, so software-development relevance cannot be established.",Not a developer target,Stage 1.1 Classified,Domain field is blank; developer relevance is uncertain from available directory data.,Medium,The Infopark card has no domain information. It is retained as a lower-confidence target rather than excluded without evidence.,Stage 1.2 Reviewed,,,hr@nesote.com,HR,Primary,https://infopark.in/companies-profile/nesote-technologies-pvt-ltd,Official Infopark Directory,Publicly published functional business email on this page.,High,Hiring Relevant,Email Found,Completed - Email Found,
Nestsoft TechnoMaster PVT LTD,+91 9895490866,www.nestsoft.com,Data Science & Analytics | Artificial Intelligence (AI) / Machine Learning (ML) | Digital Marketing & Content Services | UI/UX Design & Development | Internet of Things (IoT),https://infopark.in/companies-profile/nestsoft-technomaster-pvt-ltd,https://infopark.in/jobs/439,https://infopark.in/companies,,High,Medium,AI / Machine Learning / Data / Analytics / Digital Technology,Data / AI Engineer,Medium,"Available Infopark domain information indicates a technology-focused business, but does not clearly establish software-development work.",Technical role inquiry,Stage 1.1 Classified,Developer relevance uncertain from available directory data.,Medium,"The Infopark domain indicates technology-related work, but the saved evidence does not clearly establish central software-development work.",Stage 1.2 Reviewed,,,,,,,,,,,No Public Email Found,Completed - No Public Email,
Netlyft Technologies Pvt Ltd,+91 9207325275,www.netlyft.com,Digital Marketing & Content Services | IT Consulting & Managed Services | UI/UX Design & Development | Internet of Things (IoT) | Software Development,https://infopark.in/companies-profile/netlyft-technologies-pvt-ltd,https://infopark.in/jobs/518,https://infopark.in/companies,,High,High,Software Development / Technology Consulting / Digital Technology,"Software Developer, Software Engineer, Application Developer",High,Available Infopark domain information explicitly includes software or application development.,Developer / Software Engineer application,Stage 1.1 Classified,,High,"Stage 1.1 identifies explicit software, web, mobile, or application-development evidence in the Infopark domain field.",Stage 1.2 Reviewed,,,contact@netlyft.com,General,General,https://infopark.in/companies-profile/netlyft-technologies-pvt-ltd,Official Infopark Directory,Publicly published functional business email on this page.,High,General Business,Email Found,Completed - Email Found,
Netsentries Infosec Solutions Pvt.Ltd.,+91-484-4148299,www.netsentries.com,,https://infopark.in/companies-profile/netsentries-infosec-solutions-pvt-ltd,https://infopark.in/jobs/156,https://infopark.in/companies,,Low,Low,Unknown,Unknown,Low,"No domain information is available in the Infopark directory, so software-development relevance cannot be established.",Not a developer target,Stage 1.1 Classified,Domain field is blank; developer relevance is uncertain from available directory data.,Medium,The Infopark card has no domain information. It is retained as a lower-confidence target rather than excluded without evidence.,Stage 1.2 Reviewed,,,info@netsentries.com,General,General,https://www.netsentries.com/,Official Website,Publicly published functional business email on this page.,High,General Business,Email Found,Completed - Email Found,
NewAgeSys Solutions (P) Ltd.,0484-2983032 / 2983033,www.newagesysindia.com,Mobile Application Development | IT Consulting & Managed Services | Software Development | Artificial Intelligence (AI) / Machine Learning (ML) | Enterprise Solutions,https://infopark.in/companies-profile/newagesys-solutions-p-ltd,https://infopark.in/jobs/109,https://infopark.in/companies,,High,High,Software Development / Mobile Development / AI / Machine Learning / Technology Consulting,"Software Developer, Software Engineer, Application Developer, Mobile Developer, Data / AI Engineer",High,Available Infopark domain information explicitly includes software or application development.,Developer / Software Engineer application,Stage 1.1 Classified,,High,"Stage 1.1 identifies explicit software, web, mobile, or application-development evidence in the Infopark domain field.",Stage 1.2 Reviewed,,,career@newagesysindia.com,Careers,Primary,https://infopark.in/companies-profile/newagesys-solutions-p-ltd,Official Infopark Directory,Publicly published functional business email on this page.,High,Hiring Relevant,Email Found,Completed - Email Found,
Next Apps,9916940449,www.nextapps.in,,https://infopark.in/companies-profile/next-apps,https://infopark.in/jobs/226,https://infopark.in/companies,,Low,Low,Unknown,Unknown,Low,"No domain information is available in the Infopark directory, so software-development relevance cannot be established.",Not a developer target,Stage 1.1 Classified,Domain field is blank; developer relevance is uncertain from available directory data.,Medium,The Infopark card has no domain information. It is retained as a lower-confidence target rather than excluded without evidence.,Stage 1.2 Reviewed,,,hello@nextapps.in,General,General,https://www.nextapps.in/,Official Website,Publicly published functional business email on this page.,High,General Business,Email Found,Completed - Email Found,
Niaway Technologies Pvt Ltd,+91 6238833983,www.niaway.com,,https://infopark.in/companies-profile/niaway-technologies-pvt-ltd,https://infopark.in/jobs/408,https://infopark.in/companies,,Low,Low,Unknown,Unknown,Low,"No domain information is available in the Infopark directory, so software-development relevance cannot be established.",Not a developer target,Stage 1.1 Classified,Domain field is blank; developer relevance is uncertain from available directory data.,Medium,The Infopark card has no domain information. It is retained as a lower-confidence target rather than excluded without evidence.,Stage 1.2 Reviewed,,,info@niaway.com,General,General,https://infopark.in/companies-profile/niaway-technologies-pvt-ltd,Official Infopark Directory,Publicly published functional business email on this page.,High,General Business,Email Found,Completed - Email Found,
Niche Techies,9995333078,www.nichetechies.com,IT Consulting & Managed Services | Internet of Things (IoT) | Software Development | Artificial Intelligence (AI) / Machine Learning (ML),https://infopark.in/companies-profile/niche-techies,https://infopark.in/jobs/527,https://infopark.in/companies,,High,High,Software Development / AI / Machine Learning / Technology Consulting,"Software Developer, Software Engineer, Application Developer, Data / AI Engineer",High,Available Infopark domain information explicitly includes software or application development.,Developer / Software Engineer application,Stage 1.1 Classified,,High,"Stage 1.1 identifies explicit software, web, mobile, or application-development evidence in the Infopark domain field.",Stage 1.2 Reviewed,,,hr@nichetechies.com,HR,Primary,https://www.nichetechies.com/,Official Website,Publicly published functional business email on this page.,High,Hiring Relevant,Email Found,Completed - Email Found,
Noa Infosolutions LLP,9846002792,www.noainfosolutions.com,,https://infopark.in/companies-profile/noa-infosolutions-llp,https://infopark.in/jobs/176,https://infopark.in/companies,,Low,Low,Unknown,Unknown,Low,"No domain information is available in the Infopark directory, so software-development relevance cannot be established.",Not a developer target,Stage 1.1 Classified,Domain field is blank; developer relevance is uncertain from available directory data.,Medium,The Infopark card has no domain information. It is retained as a lower-confidence target rather than excluded without evidence.,Stage 1.2 Reviewed,,,hr@noainfosolutions.com,HR,Primary,https://infopark.in/companies-profile/noa-infosolutions-llp,Official Infopark Directory,Publicly published functional business email on this page.,High,Hiring Relevant,Email Found,Completed - Email Found,"Could not access https://www.noainfosolutions.com/: ConnectTimeout: HTTPSConnectionPool(host='www.noainfosolutions.com', port=443): Max retries exceeded with url: / (Caused by ConnectTimeoutError(<HTTPSConnection(host='www.noainfosolutions.com', port=443) at 0x18e55009fd0>, 'Connection to www.noainfosolutions.com timed out. (connect timeout=10)'))"
NOMD Technologies,85907 17735,www.nomdindia.com,,https://infopark.in/companies-profile/nomd-technologies,https://infopark.in/jobs/310,https://infopark.in/companies,,Low,Low,Unknown,Unknown,Low,"No domain information is available in the Infopark directory, so software-development relevance cannot be established.",Not a developer target,Stage 1.1 Classified,Domain field is blank; developer relevance is uncertain from available directory data.,Medium,The Infopark card has no domain information. It is retained as a lower-confidence target rather than excluded without evidence.,Stage 1.2 Reviewed,,,info@nomdindia.com,General,General,https://infopark.in/companies-profile/nomd-technologies,Official Infopark Directory,Publicly published functional business email on this page.,High,General Business,Email Found,Completed - Email Found,"Could not access https://www.nomdindia.com/: ConnectionError: HTTPSConnectionPool(host='www.nomdindia.com', port=443): Max retries exceeded with url: / (Caused by NameResolutionError(""HTTPSConnection(host='www.nomdindia.com', port=443): Failed to resolve 'www.nomdindia.com' ([Errno 11001] getaddrinfo failed)""))"
Nuvento Systems Private Limited,0484 4066070,www.nuvento.com,,https://infopark.in/companies-profile/nuvento-systems-private-limited,https://infopark.in/jobs/58,https://infopark.in/companies,,Low,Low,Unknown,Unknown,Low,"No domain information is available in the Infopark directory, so software-development relevance cannot be established.",Not a developer target,Stage 1.1 Classified,Domain field is blank; developer relevance is uncertain from available directory data.,Medium,The Infopark card has no domain information. It is retained as a lower-confidence target rather than excluded without evidence.,Stage 1.2 Reviewed,,,,,,,,,,,No Public Email Found,Completed - No Public Email,
Nymbl,91 77366 98555,www.benymbl.co,,https://infopark.in/companies-profile/nymbl,https://infopark.in/jobs/323,https://infopark.in/companies,,Low,Low,Unknown,Unknown,Low,"No domain information is available in the Infopark directory, so software-development relevance cannot be established.",Not a developer target,Stage 1.1 Classified,Domain field is blank; developer relevance is uncertain from available directory data.,Medium,The Infopark card has no domain information. It is retained as a lower-confidence target rather than excluded without evidence.,Stage 1.2 Reviewed,,,support@benymbl.co,Other,Secondary,https://www.benymbl.co/,Official Website,Publicly published functional business email on this page.,High,Other Business,Email Found,Completed - Email Found,
Obidos Technologies (P) Ltd,0478 2553300,www.obidostech.com,,https://infopark.in/companies-profile/obidos-technologies-p-ltd,https://infopark.in/jobs/318,https://infopark.in/companies,,Low,Low,Unknown,Unknown,Low,"No domain information is available in the Infopark directory, so software-development relevance cannot be established.",Not a developer target,Stage 1.1 Classified,Domain field is blank; developer relevance is uncertain from available directory data.,Medium,The Infopark card has no domain information. It is retained as a lower-confidence target rather than excluded without evidence.,Stage 1.2 Reviewed,,,info@obidostech.com,General,General,https://www.obidostech.com/,Official Website,Publicly published functional business email on this page.,High,General Business,Email Found,Completed - Email Found,
Obvious AI Technology Pvt Ltd,,www.obvs.ai,,https://infopark.in/companies-profile/obvious-ai-technology-pvt-ltd,https://infopark.in/jobs/455,https://infopark.in/companies,,Low,Low,Unknown,Unknown,Low,"No domain information is available in the Infopark directory, so software-development relevance cannot be established.",Not a developer target,Stage 1.1 Classified,Domain field is blank; developer relevance is uncertain from available directory data.,Medium,The Infopark card has no domain information. It is retained as a lower-confidence target rather than excluded without evidence.,Stage 1.2 Reviewed,,,hello@obvs.ai,General,General,https://www.obvs.ai/contact,Official Contact Page,Publicly published functional business email on this page.,High,General Business,Email Found,Completed - Email Found,
Offline Human Studios,+91 9995479222,www.offlinehumanstudios.com,Game Development,https://infopark.in/companies-profile/offline-human-studios,https://infopark.in/jobs/461,https://infopark.in/companies,,High,High,Software Development,"Software Developer, Software Engineer, Application Developer",High,Available Infopark domain information explicitly includes software or application development.,Developer / Software Engineer application,Stage 1.1 Classified,,High,"Stage 1.1 identifies explicit software, web, mobile, or application-development evidence in the Infopark domain field.",Stage 1.2 Reviewed,,,contact@offlinehumanstudios.com,General,General,https://www.offlinehumanstudios.com/contact,Official Contact Page,Publicly published functional business email on this page.,High,General Business,Email Found,Completed - Email Found,
Onesoft Technologies LLP,+91-96567 07783,www.onesoftapps.com,,https://infopark.in/companies-profile/onesoft-technologies-llp,https://infopark.in/jobs/412,https://infopark.in/companies,,Low,Low,Unknown,Unknown,Low,"No domain information is available in the Infopark directory, so software-development relevance cannot be established.",Not a developer target,Stage 1.1 Classified,Domain field is blank; developer relevance is uncertain from available directory data.,Medium,The Infopark card has no domain information. It is retained as a lower-confidence target rather than excluded without evidence.,Stage 1.2 Reviewed,,,admin@onesoftapps.com,General,General,https://infopark.in/companies-profile/onesoft-technologies-llp,Official Infopark Directory,Publicly published functional business email on this page.,High,General Business,Email Found,Completed - Email Found,Could not access https://www.onesoftapps.com/: HTTP 503 server error
Opshore Talent Solutions Pvt.Ltd.,9995205566,www.opshoretalentsolutions.com,,https://infopark.in/companies-profile/opshore-talent-solutions-pvt-ltd,https://infopark.in/jobs/168,https://infopark.in/companies,,Low,Low,Unknown,Unknown,Low,"No domain information is available in the Infopark directory, so software-development relevance cannot be established.",Not a developer target,Stage 1.1 Classified,Domain field is blank; developer relevance is uncertain from available directory data.,Medium,The Infopark card has no domain information. It is retained as a lower-confidence target rather than excluded without evidence.,Stage 1.2 Reviewed,,,hr@opshoretalentsolutions.com,HR,Primary,https://infopark.in/companies-profile/opshore-talent-solutions-pvt-ltd,Official Infopark Directory,Publicly published functional business email on this page.,High,Hiring Relevant,Email Found,Completed - Email Found,Could not access https://www.opshoretalentsolutions.com/: HTTP 403
Orestes Technologies Pvt Ltd,+918078206146,www.orestestech.com,,https://infopark.in/companies-profile/orestes-technologies-pvt-ltd,https://infopark.in/jobs/390,https://infopark.in/companies,,Low,Low,Unknown,Unknown,Low,"No domain information is available in the Infopark directory, so software-development relevance cannot be established.",Not a developer target,Stage 1.1 Classified,Domain field is blank; developer relevance is uncertain from available directory data.,Medium,The Infopark card has no domain information. It is retained as a lower-confidence target rather than excluded without evidence.,Stage 1.2 Reviewed,,,info@orestestech.com,General,General,https://infopark.in/companies-profile/orestes-technologies-pvt-ltd,Official Infopark Directory,Publicly published functional business email on this page.,High,General Business,Email Found,Completed - Email Found,
Origent Technologies,08891113129,https://www.origent.in,Software Development,https://infopark.in/companies-profile/origent-technologies,https://infopark.in/jobs/506,https://infopark.in/companies,,High,High,Software Development,"Software Developer, Software Engineer, Application Developer",High,Available Infopark domain information explicitly includes software or application development.,Developer / Software Engineer application,Stage 1.1 Classified,,High,"Stage 1.1 identifies explicit software, web, mobile, or application-development evidence in the Infopark domain field.",Stage 1.2 Reviewed,,,careers@origent.in,Careers,Primary,https://infopark.in/companies-profile/origent-technologies,Official Infopark Directory,Publicly published functional business email on this page.,High,Hiring Relevant,Email Found,Completed - Email Found,
Orion India Systems Pvt. Ltd.,+91 484 6616100,www.orioninc.com,,https://infopark.in/companies-profile/orion-india-systems-pvt-ltd,https://infopark.in/jobs/27,https://infopark.in/companies,,Low,Low,Unknown,Unknown,Low,"No domain information is available in the Infopark directory, so software-development relevance cannot be established.",Not a developer target,Stage 1.1 Classified,Domain field is blank; developer relevance is uncertain from available directory data.,Medium,The Infopark card has no domain information. It is retained as a lower-confidence target rather than excluded without evidence.,Stage 1.2 Reviewed,,,,,,,,,,,No Public Email Found,Completed - No Public Email,
Ormeon IT Consulting Pvt Ltd,+91 94472 14688,ormeon.com,,https://infopark.in/companies-profile/ormeon-it-consulting-pvt-ltd,https://infopark.in/jobs/249,https://infopark.in/companies,,Low,Low,Unknown,Unknown,Low,"No domain information is available in the Infopark directory, so software-development relevance cannot be established.",Not a developer target,Stage 1.1 Classified,Domain field is blank; developer relevance is uncertain from available directory data.,Medium,The Infopark card has no domain information. It is retained as a lower-confidence target rather than excluded without evidence.,Stage 1.2 Reviewed,,,info@ormeon.com,General,General,https://ormeon.com/,Official Website,Publicly published functional business email on this page.,High,General Business,Multiple Public Emails Found,Completed - Email Found,
Ormeon IT Consulting Pvt Ltd,+91 94472 14688,ormeon.com,,https://infopark.in/companies-profile/ormeon-it-consulting-pvt-ltd,https://infopark.in/jobs/249,https://infopark.in/companies,,Low,Low,Unknown,Unknown,Low,"No domain information is available in the Infopark directory, so software-development relevance cannot be established.",Not a developer target,Stage 1.1 Classified,Domain field is blank; developer relevance is uncertain from available directory data.,Medium,The Infopark card has no domain information. It is retained as a lower-confidence target rather than excluded without evidence.,Stage 1.2 Reviewed,,,support@ormeon.com,Other,Secondary,https://ormeon.com/,Official Website,Publicly published functional business email on this page.,High,Other Business,Multiple Public Emails Found,Completed - Email Found,
ORTHOFX PRIVATE LIMITED,+91 8848317153,www.orthofx.com,,https://infopark.in/companies-profile/orthofx-private-limited,https://infopark.in/jobs/354,https://infopark.in/companies,,Low,Low,Unknown,Unknown,Low,"No domain information is available in the Infopark directory, so software-development relevance cannot be established.",Not a developer target,Stage 1.1 Classified,Domain field is blank; developer relevance is uncertain from available directory data.,Medium,The Infopark card has no domain information. It is retained as a lower-confidence target rather than excluded without evidence.,Stage 1.2 Reviewed,,,support@care.orthofx.com,Other,Secondary,https://www.orthofx.com/about,Official About/Team Page,Publicly published functional business email on this page.,High,Other Business,Email Found,Completed - Email Found,
Outsource Partners International,,www.opiglobal.com,,https://infopark.in/companies-profile/outsource-partners-international,https://infopark.in/jobs/12,https://infopark.in/companies,,Low,Low,Unknown,Unknown,Low,"No domain information is available in the Infopark directory, so software-development relevance cannot be established.",Not a developer target,Stage 1.1 Classified,Domain field is blank; developer relevance is uncertain from available directory data.,Medium,The Infopark card has no domain information. It is retained as a lower-confidence target rather than excluded without evidence.,Stage 1.2 Reviewed,,,info@opiglobal.com,General,General,https://infopark.in/companies-profile/outsource-partners-international,Official Infopark Directory,Publicly published functional business email on this page.,High,General Business,Email Found,Completed - Email Found,"Could not access https://www.opiglobal.com/: SSLError: HTTPSConnectionPool(host='www.opiglobal.com', port=443): Max retries exceeded with url: / (Caused by SSLError(SSLError(1, '[SSL: TLSV1_UNRECOGNIZED_NAME] tlsv1 unrecognized name (_ssl.c:1006)')))"
Overbrook Technology Services (P) Ltd,0484-2883801,www.ots.work,,https://infopark.in/companies-profile/overbrook-technology-services-p-ltd,https://infopark.in/jobs/116,https://infopark.in/companies,,Low,Low,Unknown,Unknown,Low,"No domain information is available in the Infopark directory, so software-development relevance cannot be established.",Not a developer target,Stage 1.1 Classified,Domain field is blank; developer relevance is uncertain from available directory data.,Medium,The Infopark card has no domain information. It is retained as a lower-confidence target rather than excluded without evidence.,Stage 1.2 Reviewed,,,info@ots.work,General,General,https://infopark.in/companies-profile/overbrook-technology-services-p-ltd,Official Infopark Directory,Publicly published functional business email on this page.,High,General Business,Email Found,Completed - Email Found,
Pagematics India Pvt. Ltd.,+91 8848178114,https://www.pagematics.com,,https://infopark.in/companies-profile/pagematics-india-pvt-ltd,https://infopark.in/jobs/467,https://infopark.in/companies,,Low,Low,Unknown,Unknown,Low,"No domain information is available in the Infopark directory, so software-development relevance cannot be established.",Not a developer target,Stage 1.1 Classified,Domain field is blank; developer relevance is uncertain from available directory data.,Medium,The Infopark card has no domain information. It is retained as a lower-confidence target rather than excluded without evidence.,Stage 1.2 Reviewed,,,contact@pagematics.com,General,General,https://www.pagematics.com/,Official Website,Publicly published functional business email on this page.,High,General Business,Email Found,Completed - Email Found,
PanashiFZCO Technology Solution Private Limited,04842915045,panashi.ae,Robotics & Automation | IT Consulting & Managed Services | UI/UX Design & Development | Artificial Intelligence (AI) / Machine Learning (ML) | Software Development,https://infopark.in/companies-profile/panashifzco-technology-solution-private-limited,https://infopark.in/jobs/528,https://infopark.in/companies,,High,High,Software Development / AI / Machine Learning / Technology Consulting / Digital Technology,"Software Developer, Software Engineer, Application Developer, Data / AI Engineer",High,Available Infopark domain information explicitly includes software or application development.,Developer / Software Engineer application,Stage 1.1 Classified,,High,"Stage 1.1 identifies explicit software, web, mobile, or application-development evidence in the Infopark domain field.",Stage 1.2 Reviewed,,,info@panashi.ae,General,General,https://panashi.ae/,Official Website,Publicly published functional business email on this page.,High,General Business,Email Found,Completed - Email Found,
Paoyaila Animation Studios LLP,+919400197544,www.paoyaila.com,,https://infopark.in/companies-profile/paoyaila-animation-studios-llp,https://infopark.in/jobs/476,https://infopark.in/companies,,Low,Low,Unknown,Unknown,Low,"No domain information is available in the Infopark directory, so software-development relevance cannot be established.",Not a developer target,Stage 1.1 Classified,Domain field is blank; developer relevance is uncertain from available directory data.,Medium,The Infopark card has no domain information. It is retained as a lower-confidence target rather than excluded without evidence.,Stage 1.2 Reviewed,,,,,,,,,,,No Public Email Found,Completed - No Public Email,
PaulCart E Commerce Pvt. Ltd.,9995434111,www.wibserp.com,,https://infopark.in/companies-profile/paulcart-e-commerce-pvt-ltd,https://infopark.in/jobs/302,https://infopark.in/companies,,Low,Low,Unknown,Unknown,Low,"No domain information is available in the Infopark directory, so software-development relevance cannot be established.",Not a developer target,Stage 1.1 Classified,Domain field is blank; developer relevance is uncertain from available directory data.,Medium,The Infopark card has no domain information. It is retained as a lower-confidence target rather than excluded without evidence.,Stage 1.2 Reviewed,,,,,,,,,,,No Public Email Found,Completed - No Public Email,"Could not access https://www.wibserp.com/: ConnectTimeout: HTTPSConnectionPool(host='www.wibserp.com', port=443): Max retries exceeded with url: / (Caused by ConnectTimeoutError(<HTTPSConnection(host='www.wibserp.com', port=443) at 0x18e5557ac50>, 'Connection to www.wibserp.com timed out. (connect timeout=10)')) At least one permitted public source was unavailable; no eligible public business email was found on accessible sources."
PCS India Private Limited,+91 474-2970074,pcsindia.online,Back Office & Administrative Services | Enterprise Solutions | Software Development,https://infopark.in/companies-profile/pcs-india-private-limited,https://infopark.in/jobs/524,https://infopark.in/companies,,High,High,Software Development,"Software Developer, Software Engineer, Application Developer",High,Available Infopark domain information explicitly includes software or application development.,Developer / Software Engineer application,Stage 1.1 Classified,,High,"Stage 1.1 identifies explicit software, web, mobile, or application-development evidence in the Infopark domain field.",Stage 1.2 Reviewed,,,contact@pcsindia.email,General,General,https://pcsindia.online/,Official Website,Publicly published functional business email on this page.,High,General Business,Email Found,Completed - Email Found,
Pearlsoft Technologies LLP,,pearlsofttechnologies.com,,https://infopark.in/companies-profile/pearlsoft-technologies-llp,https://infopark.in/jobs/401,https://infopark.in/companies,,Low,Low,Unknown,Unknown,Low,"No domain information is available in the Infopark directory, so software-development relevance cannot be established.",Not a developer target,Stage 1.1 Classified,Domain field is blank; developer relevance is uncertain from available directory data.,Medium,The Infopark card has no domain information. It is retained as a lower-confidence target rather than excluded without evidence.,Stage 1.2 Reviewed,,,,,,,,,,,No Public Email Found,Completed - No Public Email,
Penguin Data Centre Pvt.Ltd.,+91-6238309752,www.penguininc.com,,https://infopark.in/companies-profile/penguin-data-centre-pvt-ltd,https://infopark.in/jobs/171,https://infopark.in/companies,,Low,Low,Unknown,Unknown,Low,"No domain information is available in the Infopark directory, so software-development relevance cannot be established.",Not a developer target,Stage 1.1 Classified,Domain field is blank; developer relevance is uncertain from available directory data.,Medium,The Infopark card has no domain information. It is retained as a lower-confidence target rather than excluded without evidence.,Stage 1.2 Reviewed,,,sales@penguininc.com,Other,Secondary,https://www.penguininc.com/,Official Website,Publicly published functional business email on this page.,High,Other Business,Email Found,Completed - Email Found,
Phases India Technology Solutions Pvt Ltd.,,www.phases.io,,https://infopark.in/companies-profile/phases-india-technology-solutions-pvt-ltd,https://infopark.in/jobs/381,https://infopark.in/companies,,Low,Low,Unknown,Unknown,Low,"No domain information is available in the Infopark directory, so software-development relevance cannot be established.",Not a developer target,Stage 1.1 Classified,Domain field is blank; developer relevance is uncertain from available directory data.,Medium,The Infopark card has no domain information. It is retained as a lower-confidence target rather than excluded without evidence.,Stage 1.2 Reviewed,,,support@phases.io,Other,Secondary,https://www.phases.io/,Official Website,Publicly published functional business email on this page.,High,Other Business,Email Found,Completed - Email Found,
Pinetech IT Solutions P Ltd,8547426732,www.pinetech.in,,https://infopark.in/companies-profile/pinetech-it-solutions-p-ltd,https://infopark.in/jobs/210,https://infopark.in/companies,,Low,Low,Unknown,Unknown,Low,"No domain information is available in the Infopark directory, so software-development relevance cannot be established.",Not a developer target,Stage 1.1 Classified,Domain field is blank; developer relevance is uncertain from available directory data.,Medium,The Infopark card has no domain information. It is retained as a lower-confidence target rather than excluded without evidence.,Stage 1.2 Reviewed,,,contact@pinetech.in,General,General,https://www.pinetech.in/,Official Website,Publicly published functional business email on this page.,High,General Business,Multiple Public Emails Found,Completed - Email Found,
Pinetech IT Solutions P Ltd,8547426732,www.pinetech.in,,https://infopark.in/companies-profile/pinetech-it-solutions-p-ltd,https://infopark.in/jobs/210,https://infopark.in/companies,,Low,Low,Unknown,Unknown,Low,"No domain information is available in the Infopark directory, so software-development relevance cannot be established.",Not a developer target,Stage 1.1 Classified,Domain field is blank; developer relevance is uncertain from available directory data.,Medium,The Infopark card has no domain information. It is retained as a lower-confidence target rather than excluded without evidence.,Stage 1.2 Reviewed,,,hr@pinetech.in,HR,Primary,https://www.pinetech.in/career,Official Careers Page,Publicly published functional business email on this page.,High,Hiring Relevant,Multiple Public Emails Found,Completed - Email Found,
Pinmicro India Pvt.Ltd.,+91 4844055675,pinmicro.com,,https://infopark.in/companies-profile/pinmicro-india-pvt-ltd,https://infopark.in/jobs/248,https://infopark.in/companies,,Low,Low,Unknown,Unknown,Low,"No domain information is available in the Infopark directory, so software-development relevance cannot be established.",Not a developer target,Stage 1.1 Classified,Domain field is blank; developer relevance is uncertain from available directory data.,Medium,The Infopark card has no domain information. It is retained as a lower-confidence target rather than excluded without evidence.,Stage 1.2 Reviewed,,,careers@pinmicro.com,Careers,Primary,https://pinmicro.com/career/,Official Careers Page,Publicly published functional business email on this page.,High,Hiring Relevant,Multiple Public Emails Found,Completed - Email Found,
Pinmicro India Pvt.Ltd.,+91 4844055675,pinmicro.com,,https://infopark.in/companies-profile/pinmicro-india-pvt-ltd,https://infopark.in/jobs/248,https://infopark.in/companies,,Low,Low,Unknown,Unknown,Low,"No domain information is available in the Infopark directory, so software-development relevance cannot be established.",Not a developer target,Stage 1.1 Classified,Domain field is blank; developer relevance is uncertain from available directory data.,Medium,The Infopark card has no domain information. It is retained as a lower-confidence target rather than excluded without evidence.,Stage 1.2 Reviewed,,,sales@pinmicro.com,Other,Secondary,https://pinmicro.com/,Official Website,Publicly published functional business email on this page.,High,Other Business,Multiple Public Emails Found,Completed - Email Found,
PiServe Solutions Pvt Ltd,+91-9895229562,www.piserve.com,,https://infopark.in/companies-profile/piserve-solutions-pvt-ltd,https://infopark.in/jobs/400,https://infopark.in/companies,,Low,Low,Unknown,Unknown,Low,"No domain information is available in the Infopark directory, so software-development relevance cannot be established.",Not a developer target,Stage 1.1 Classified,Domain field is blank; developer relevance is uncertain from available directory data.,Medium,The Infopark card has no domain information. It is retained as a lower-confidence target rather than excluded without evidence.,Stage 1.2 Reviewed,,,info@piserve.com,General,General,https://infopark.in/companies-profile/piserve-solutions-pvt-ltd,Official Infopark Directory,Publicly published functional business email on this page.,High,General Business,Email Found,Completed - Email Found,
PIT Solutions Private Limited,04712700915,www.pitsolutions.com/de-ch,,https://infopark.in/companies-profile/pit-solutions-private-limited,https://infopark.in/jobs/416,https://infopark.in/companies,,Low,Low,Unknown,Unknown,Low,"No domain information is available in the Infopark directory, so software-development relevance cannot be established.",Not a developer target,Stage 1.1 Classified,Domain field is blank; developer relevance is uncertain from available directory data.,Medium,The Infopark card has no domain information. It is retained as a lower-confidence target rather than excluded without evidence.,Stage 1.2 Reviewed,,,contact@pitsolutions.com,General,General,https://www.pitsolutions.com/,Official Website,Publicly published functional business email on this page.,High,General Business,Email Found,Completed - Email Found,
Pixdynamics,+91 79944 31750,www.pixdynamics.com,,https://infopark.in/companies-profile/pixdynamics,https://infopark.in/jobs/430,https://infopark.in/companies,,Low,Low,Unknown,Unknown,Low,"No domain information is available in the Infopark directory, so software-development relevance cannot be established.",Not a developer target,Stage 1.1 Classified,Domain field is blank; developer relevance is uncertain from available directory data.,Medium,The Infopark card has no domain information. It is retained as a lower-confidence target rather than excluded without evidence.,Stage 1.2 Reviewed,,,hr@pixdynamics.com,HR,Primary,https://infopark.in/companies-profile/pixdynamics,Official Infopark Directory,Publicly published functional business email on this page.,High,Hiring Relevant,Email Found,Completed - Email Found,
Planet Media India ( PMIN Agency Pvt.Ltd.),9778149518,www.planetmedia.in,IT Consulting & Managed Services | Digital Marketing & Content Services | UI/UX Design & Development,https://infopark.in/companies-profile/planet-media-india-pmin-agency-pvt-ltd,https://infopark.in/jobs/266,https://infopark.in/companies,,High,Medium,Technology Consulting / Digital Technology,Other Technical Role,Medium,"Available Infopark domain information indicates a technology-focused business, but does not clearly establish software-development work.",Technical role inquiry,Stage 1.1 Classified,Developer relevance uncertain from available directory data.,Medium,"The Infopark domain indicates technology-related work, but the saved evidence does not clearly establish central software-development work.",Stage 1.2 Reviewed,,,info@planetmedia.in,General,General,https://www.planetmedia.in/,Official Website,Publicly published functional business email on this page.,High,General Business,Multiple Public Emails Found,Completed - Email Found,
Planet Media India ( PMIN Agency Pvt.Ltd.),9778149518,www.planetmedia.in,IT Consulting & Managed Services | Digital Marketing & Content Services | UI/UX Design & Development,https://infopark.in/companies-profile/planet-media-india-pmin-agency-pvt-ltd,https://infopark.in/jobs/266,https://infopark.in/companies,,High,Medium,Technology Consulting / Digital Technology,Other Technical Role,Medium,"Available Infopark domain information indicates a technology-focused business, but does not clearly establish software-development work.",Technical role inquiry,Stage 1.1 Classified,Developer relevance uncertain from available directory data.,Medium,"The Infopark domain indicates technology-related work, but the saved evidence does not clearly establish central software-development work.",Stage 1.2 Reviewed,,,sales@planetmedia.in,Other,Secondary,https://www.planetmedia.in/,Official Website,Publicly published functional business email on this page.,High,Other Business,Multiple Public Emails Found,Completed - Email Found,
Portrave Solutions Pvt Ltd,+91484 4070667,www.portrave.com,,https://infopark.in/companies-profile/portrave-solutions-pvt-ltd,https://infopark.in/jobs/384,https://infopark.in/companies,,Low,Low,Unknown,Unknown,Low,"No domain information is available in the Infopark directory, so software-development relevance cannot be established.",Not a developer target,Stage 1.1 Classified,Domain field is blank; developer relevance is uncertain from available directory data.,Medium,The Infopark card has no domain information. It is retained as a lower-confidence target rather than excluded without evidence.,Stage 1.2 Reviewed,,,info@portrave.com,General,General,https://www.portrave.com/,Official Website,Publicly published functional business email on this page.,High,General Business,Email Found,Completed - Email Found,
Prevalent AI,0484-4361111,prevalent.ai,,https://infopark.in/companies-profile/prevalent-ai,https://infopark.in/jobs/207,https://infopark.in/companies,,Low,Low,Unknown,Unknown,Low,"No domain information is available in the Infopark directory, so software-development relevance cannot be established.",Not a developer target,Stage 1.1 Classified,Domain field is blank; developer relevance is uncertain from available directory data.,Medium,The Infopark card has no domain information. It is retained as a lower-confidence target rather than excluded without evidence.,Stage 1.2 Reviewed,,,hr@prevalent.ai,HR,Primary,https://infopark.in/companies-profile/prevalent-ai,Official Infopark Directory,Publicly published functional business email on this page.,High,Hiring Relevant,Email Found,Completed - Email Found,
PrimeCrown Technologies (P) Limited,+91-8547859999,www.primecrown.com,,https://infopark.in/companies-profile/primecrown-technologies-p-limited,https://infopark.in/jobs/334,https://infopark.in/companies,,Low,Low,Unknown,Unknown,Low,"No domain information is available in the Infopark directory, so software-development relevance cannot be established.",Not a developer target,Stage 1.1 Classified,Domain field is blank; developer relevance is uncertain from available directory data.,Medium,The Infopark card has no domain information. It is retained as a lower-confidence target rather than excluded without evidence.,Stage 1.2 Reviewed,,,info@primecrown.com,General,General,https://infopark.in/companies-profile/primecrown-technologies-p-limited,Official Infopark Directory,Publicly published functional business email on this page.,High,General Business,Email Found,Completed - Email Found,
Privo TechCorp Private Limited,,privocorp.com,,https://infopark.in/companies-profile/privo-techcorp-private-limited,https://infopark.in/jobs/464,https://infopark.in/companies,,Low,Low,Unknown,Unknown,Low,"No domain information is available in the Infopark directory, so software-development relevance cannot be established.",Not a developer target,Stage 1.1 Classified,Domain field is blank; developer relevance is uncertain from available directory data.,Medium,The Infopark card has no domain information. It is retained as a lower-confidence target rather than excluded without evidence.,Stage 1.2 Reviewed,,,hr@privocorp.com,HR,Primary,https://infopark.in/companies-profile/privo-techcorp-private-limited,Official Infopark Directory,Publicly published functional business email on this page.,High,Hiring Relevant,Email Found,Completed - Email Found,
Pueblo Shades Pvt.Ltd,80752 45591,www.puebloshades.com,UI/UX Design & Development | Software Development | IT Consulting & Managed Services,https://infopark.in/companies-profile/pueblo-shades-pvt-ltd,https://infopark.in/jobs/409,https://infopark.in/companies,,High,High,Software Development / Technology Consulting / Digital Technology,"Software Developer, Software Engineer, Application Developer",High,Available Infopark domain information explicitly includes software or application development.,Developer / Software Engineer application,Stage 1.1 Classified,,High,"Stage 1.1 identifies explicit software, web, mobile, or application-development evidence in the Infopark domain field.",Stage 1.2 Reviewed,,,info@puebloshades.com,General,General,https://www.puebloshades.com/,Official Website,Publicly published functional business email on this page.,High,General Business,Email Found,Completed - Email Found,
Pumex InfoTech Pvt Ltd,0484-4016369,www.pumexinfotech.com,Software Development,https://infopark.in/companies-profile/pumex-infotech-pvt-ltd,https://infopark.in/jobs/26,https://infopark.in/companies,,High,High,Software Development,"Software Developer, Software Engineer, Application Developer",High,Available Infopark domain information explicitly includes software or application development.,Developer / Software Engineer application,Stage 1.1 Classified,,High,"Stage 1.1 identifies explicit software, web, mobile, or application-development evidence in the Infopark domain field.",Stage 1.2 Reviewed,,,hr@pumexinfotech.com,HR,Primary,https://infopark.in/companies-profile/pumex-infotech-pvt-ltd,Official Infopark Directory,Publicly published functional business email on this page.,High,Hiring Relevant,Email Found,Completed - Email Found,
QBurst Technologies,,www.qburst.com,,https://infopark.in/companies-profile/qburst-technologies,https://infopark.in/jobs/35,https://infopark.in/companies,,Low,Low,Unknown,Unknown,Low,"No domain information is available in the Infopark directory, so software-development relevance cannot be established.",Not a developer target,Stage 1.1 Classified,Domain field is blank; developer relevance is uncertain from available directory data.,Medium,The Infopark card has no domain information. It is retained as a lower-confidence target rather than excluded without evidence.,Stage 1.2 Reviewed,,,hr@qburst.com,HR,Primary,https://infopark.in/companies-profile/qburst-technologies,Official Infopark Directory,Publicly published functional business email on this page.,High,Hiring Relevant,Email Found,Completed - Email Found,
QC Verify Private Limited,0484 4020024,www.qcverify.com,,https://infopark.in/companies-profile/qc-verify-private-limited,https://infopark.in/jobs/257,https://infopark.in/companies,,Low,Low,Unknown,Unknown,Low,"No domain information is available in the Infopark directory, so software-development relevance cannot be established.",Not a developer target,Stage 1.1 Classified,Domain field is blank; developer relevance is uncertain from available directory data.,Medium,The Infopark card has no domain information. It is retained as a lower-confidence target rather than excluded without evidence.,Stage 1.2 Reviewed,,,hr@qcverify.com,HR,Primary,https://infopark.in/companies-profile/qc-verify-private-limited,Official Infopark Directory,Publicly published functional business email on this page.,High,Hiring Relevant,Email Found,Completed - Email Found,
Quantum Acumen (QuAnHack Solutions),8089427555,www.quanhack.com,Cloud Computing | Enterprise Solutions | Cybersecurity | Software Development | Artificial Intelligence (AI) / Machine Learning (ML),https://infopark.in/companies-profile/quantum-acumen-quanhack-solutions,https://infopark.in/jobs/531,https://infopark.in/companies,,High,High,Software Development / AI / Machine Learning / Cloud / Infrastructure / Cybersecurity,"Software Developer, Software Engineer, Application Developer, Data / AI Engineer, DevOps / Cloud Engineer",High,Available Infopark domain information explicitly includes software or application development.,Developer / Software Engineer application,Stage 1.1 Classified,,High,"Stage 1.1 identifies explicit software, web, mobile, or application-development evidence in the Infopark domain field.",Stage 1.2 Reviewed,,,careers@quantumacumen.com,Careers,Primary,https://infopark.in/companies-profile/quantum-acumen-quanhack-solutions,Official Infopark Directory,Publicly published functional business email on this page.,High,Hiring Relevant,Email Found,Completed - Email Found,
Qubeslab Technologies Private Limited,9383401029,qubeslab.com,,https://infopark.in/companies-profile/qubeslab-technologies-private-limited,https://infopark.in/jobs/367,https://infopark.in/companies,,Low,Low,Unknown,Unknown,Low,"No domain information is available in the Infopark directory, so software-development relevance cannot be established.",Not a developer target,Stage 1.1 Classified,Domain field is blank; developer relevance is uncertain from available directory data.,Medium,The Infopark card has no domain information. It is retained as a lower-confidence target rather than excluded without evidence.,Stage 1.2 Reviewed,,,info@qubeslab.com,General,General,https://qubeslab.com/,Official Website,Publicly published functional business email on this page.,High,General Business,Email Found,Completed - Email Found,
Qubiqon Consulting India Private Limited,91 9995222141,www.qubiqon.io,IT Consulting & Managed Services | Data Science & Analytics | Cloud Computing | Enterprise Solutions | Artificial Intelligence (AI) / Machine Learning (ML),https://infopark.in/companies-profile/qubiqon-consulting-india-private-limited,https://infopark.in/jobs/493,https://infopark.in/companies,,High,Medium,AI / Machine Learning / Data / Analytics / Cloud / Infrastructure / Technology Consulting,"Data / AI Engineer, DevOps / Cloud Engineer",Medium,"Available Infopark domain information indicates a technology-focused business, but does not clearly establish software-development work.",Technical role inquiry,Stage 1.1 Classified,Developer relevance uncertain from available directory data.,Medium,"The Infopark domain indicates technology-related work, but the saved evidence does not clearly establish central software-development work.",Stage 1.2 Reviewed,,,,,,,,,,,No Public Email Found,Completed - No Public Email,
Quest Global Engineering Services Pvt Ltd,7593823160,www.quest-global.com,,https://infopark.in/companies-profile/quest-global-engineering-services-pvt-ltd,https://infopark.in/jobs/337,https://infopark.in/companies,,Low,Low,Unknown,Unknown,Low,"No domain information is available in the Infopark directory, so software-development relevance cannot be established.",Not a developer target,Stage 1.1 Classified,Domain field is blank; developer relevance is uncertain from available directory data.,Medium,The Infopark card has no domain information. It is retained as a lower-confidence target rather than excluded without evidence.,Stage 1.2 Reviewed,,,info@quest-global.com,General,General,https://infopark.in/companies-profile/quest-global-engineering-services-pvt-ltd,Official Infopark Directory,Publicly published functional business email on this page.,High,General Business,Email Found,Completed - Email Found,
Quper Technologies Pvt. Ltd.,+91-8891295315,qupertech.com,Data Science & Analytics | Cloud Computing | Enterprise Solutions | Software Development | Artificial Intelligence (AI) / Machine Learning (ML),https://infopark.in/companies-profile/quper-technologies-pvt-ltd,https://infopark.in/jobs/550,https://infopark.in/companies,,High,High,Software Development / AI / Machine Learning / Data / Analytics / Cloud / Infrastructure,"Software Developer, Software Engineer, Application Developer, Data / AI Engineer, DevOps / Cloud Engineer",High,Available Infopark domain information explicitly includes software or application development.,Developer / Software Engineer application,Stage 1.1 Classified,,High,"Stage 1.1 identifies explicit software, web, mobile, or application-development evidence in the Infopark domain field.",Stage 1.2 Reviewed,,,contact@qupertech.com,General,General,https://qupertech.com/,Official Website,Publicly published functional business email on this page.,High,General Business,Email Found,Completed - Email Found,
Raintech Software Ltd,"+918078311945, +91 8606093110",raintechsoftware.com,Networking & IT Infrastructure | Data Science & Analytics | Cybersecurity | Software Development | Artificial Intelligence (AI) / Machine Learning (ML),https://infopark.in/companies-profile/raintech-software-ltd,https://infopark.in/jobs/526,https://infopark.in/companies,,High,High,Software Development / AI / Machine Learning / Data / Analytics / Cloud / Infrastructure / Cybersecurity,"Software Developer, Software Engineer, Application Developer, Data / AI Engineer, DevOps / Cloud Engineer",High,Available Infopark domain information explicitly includes software or application development.,Developer / Software Engineer application,Stage 1.1 Classified,,High,"Stage 1.1 identifies explicit software, web, mobile, or application-development evidence in the Infopark domain field.",Stage 1.2 Reviewed,,,info@raintechpos.com,General,General,https://infopark.in/companies-profile/raintech-software-ltd,Official Infopark Directory,Publicly published functional business email on this page.,High,General Business,Email Found,Completed - Email Found,
Rainybits Technology Pvt Ltd,0484-4047033,www.rainybits.com,,https://infopark.in/companies-profile/rainybits-technology-pvt-ltd,https://infopark.in/jobs/174,https://infopark.in/companies,,Low,Low,Unknown,Unknown,Low,"No domain information is available in the Infopark directory, so software-development relevance cannot be established.",Not a developer target,Stage 1.1 Classified,Domain field is blank; developer relevance is uncertain from available directory data.,Medium,The Infopark card has no domain information. It is retained as a lower-confidence target rather than excluded without evidence.,Stage 1.2 Reviewed,,,info@rainybits.com,General,General,https://rainybits.com/,Official Website,Publicly published functional business email on this page.,High,General Business,Email Found,Completed - Email Found,
RedBlack Technologies Private Limited,+919605623900,www.redblacksoftware.com,,https://infopark.in/companies-profile/redblack-technologies-private-limited,https://infopark.in/jobs/456,https://infopark.in/companies,,Low,Low,Unknown,Unknown,Low,"No domain information is available in the Infopark directory, so software-development relevance cannot be established.",Not a developer target,Stage 1.1 Classified,Domain field is blank; developer relevance is uncertain from available directory data.,Medium,The Infopark card has no domain information. It is retained as a lower-confidence target rather than excluded without evidence.,Stage 1.2 Reviewed,,,,,,,,,,,No Public Email Found,Completed - No Public Email,
Redux (Network Redux),0484 2972794,www.redux.co,,https://infopark.in/companies-profile/redux-network-redux,https://infopark.in/jobs/216,https://infopark.in/companies,,Low,Low,Unknown,Unknown,Low,"No domain information is available in the Infopark directory, so software-development relevance cannot be established.",Not a developer target,Stage 1.1 Classified,Domain field is blank; developer relevance is uncertain from available directory data.,Medium,The Infopark card has no domain information. It is retained as a lower-confidence target rather than excluded without evidence.,Stage 1.2 Reviewed,,,sales@redux.co,Other,Secondary,https://redux.co/,Official Website,Publicly published functional business email on this page.,High,Other Business,Email Found,Completed - Email Found,
Regent Global Services (India) Pvt.Ltd.,0484 2982150,www.rgsin.com,Digital Marketing & Content Services | IT Consulting & Managed Services | UI/UX Design & Development | Networking & IT Infrastructure | Data Science & Analytics,https://infopark.in/companies-profile/regent-global-services-india-pvt-ltd,https://infopark.in/jobs/130,https://infopark.in/companies,,High,Medium,Data / Analytics / Cloud / Infrastructure / Technology Consulting / Digital Technology,"Data / AI Engineer, DevOps / Cloud Engineer",Medium,"Available Infopark domain information indicates a technology-focused business, but does not clearly establish software-development work.",Technical role inquiry,Stage 1.1 Classified,Developer relevance uncertain from available directory data.,Medium,"The Infopark domain indicates technology-related work, but the saved evidence does not clearly establish central software-development work.",Stage 1.2 Reviewed,,,hello@rgsin.com,General,General,https://infopark.in/companies-profile/regent-global-services-india-pvt-ltd,Official Infopark Directory,Publicly published functional business email on this page.,High,General Business,Email Found,Completed - Email Found,
Retyn Business Solution Pvt. Ltd.,+91 9037964001,www.retyn.ai,,https://infopark.in/companies-profile/retyn-business-solution-pvt-ltd,https://infopark.in/jobs/473,https://infopark.in/companies,,Low,Low,Unknown,Unknown,Low,"No domain information is available in the Infopark directory, so software-development relevance cannot be established.",Not a developer target,Stage 1.1 Classified,Domain field is blank; developer relevance is uncertain from available directory data.,Medium,The Infopark card has no domain information. It is retained as a lower-confidence target rather than excluded without evidence.,Stage 1.2 Reviewed,,,info@retyn.ai,General,General,https://infopark.in/companies-profile/retyn-business-solution-pvt-ltd,Official Infopark Directory,Publicly published functional business email on this page.,High,General Business,Email Found,Completed - Email Found,
REXAV LLP,+91 7994480220,www.rexavllp.com,,https://infopark.in/companies-profile/rexav-llp,https://infopark.in/jobs/402,https://infopark.in/companies,,Low,Low,Unknown,Unknown,Low,"No domain information is available in the Infopark directory, so software-development relevance cannot be established.",Not a developer target,Stage 1.1 Classified,Domain field is blank; developer relevance is uncertain from available directory data.,Medium,The Infopark card has no domain information. It is retained as a lower-confidence target rather than excluded without evidence.,Stage 1.2 Reviewed,,,hello@rexavtech.com,General,General,https://rexavtech.com,Official Website,Publicly published functional business email on this page.,High,General Business,Email Found,Completed - Email Found,
Rextech Studios,9562965493,www.rextechstudios.com,Mobile Application Development | AR/VR Solutions & Immersive Technology | Metaverse Development & Virtual Experiences | Game Development,https://infopark.in/companies-profile/rextech-studios,https://infopark.in/jobs/522,https://infopark.in/companies,,High,High,Software Development / Mobile Development,"Software Developer, Software Engineer, Application Developer, Mobile Developer",High,Available Infopark domain information explicitly includes software or application development.,Developer / Software Engineer application,Stage 1.1 Classified,,High,"Stage 1.1 identifies explicit software, web, mobile, or application-development evidence in the Infopark domain field.",Stage 1.2 Reviewed,,,info@rextechstudios.com,General,General,https://rextechstudios.com/,Official Website,Publicly published functional business email on this page.,High,General Business,Email Found,Completed - Email Found,
RIOD LOGIC PRIVATE LIMITED,+91 8589874131,www.riod.in,Internet of Things (IoT) | Cloud Computing | Software Development | Artificial Intelligence (AI) / Machine Learning (ML),https://infopark.in/companies-profile/riod-logic-private-limited,https://infopark.in/jobs/491,https://infopark.in/companies,,High,High,Software Development / AI / Machine Learning / Cloud / Infrastructure,"Software Developer, Software Engineer, Application Developer, Data / AI Engineer, DevOps / Cloud Engineer",High,Available Infopark domain information explicitly includes software or application development.,Developer / Software Engineer application,Stage 1.1 Classified,,High,"Stage 1.1 identifies explicit software, web, mobile, or application-development evidence in the Infopark domain field.",Stage 1.2 Reviewed,,,,,,,,,,,No Public Email Found,Completed - No Public Email,
ROGERSOFT,9995207676,rogersoft.com,UI/UX Design & Development | IT Consulting & Managed Services | Data Science & Analytics | Software Testing | Digital Marketing & Content Services,https://infopark.in/companies-profile/rogersoft,https://infopark.in/jobs/309,https://infopark.in/companies,,High,Medium,Data / Analytics / Technology Consulting / Digital Technology,"Data / AI Engineer, QA / Software Tester",Medium,"Available Infopark domain information indicates a technology-focused business, but does not clearly establish software-development work.",Technical role inquiry,Stage 1.1 Classified,Developer relevance uncertain from available directory data.,Medium,"The Infopark domain indicates technology-related work, but the saved evidence does not clearly establish central software-development work.",Stage 1.2 Reviewed,,,contact@rogersoft.com,General,General,https://rogersoft.com/,Official Website,Publicly published functional business email on this page.,High,General Business,Email Found,Completed - Email Found,
RUBY SEVEN STUDIOS,04844059440,www.rubyseven.in,,https://infopark.in/companies-profile/ruby-seven-studios,https://infopark.in/jobs/79,https://infopark.in/companies,,Low,Low,Unknown,Unknown,Low,"No domain information is available in the Infopark directory, so software-development relevance cannot be established.",Not a developer target,Stage 1.1 Classified,Domain field is blank; developer relevance is uncertain from available directory data.,Medium,The Infopark card has no domain information. It is retained as a lower-confidence target rather than excluded without evidence.,Stage 1.2 Reviewed,,,,,,,,,,,No Public Email Found,Completed - No Public Email,
SaNDS Lab,+91 9895765626,www.sandslab.com,,https://infopark.in/companies-profile/sands-lab,https://infopark.in/jobs/39,https://infopark.in/companies,,Low,Low,Unknown,Unknown,Low,"No domain information is available in the Infopark directory, so software-development relevance cannot be established.",Not a developer target,Stage 1.1 Classified,Domain field is blank; developer relevance is uncertain from available directory data.,Medium,The Infopark card has no domain information. It is retained as a lower-confidence target rather than excluded without evidence.,Stage 1.2 Reviewed,,,hr@sandslab.com,HR,Primary,https://infopark.in/companies-profile/sands-lab,Official Infopark Directory,Publicly published functional business email on this page.,High,Hiring Relevant,Email Found,Completed - Email Found,
SayOne Technologies Pvt.Ltd.,,www.sayonetech.com,,https://infopark.in/companies-profile/sayone-technologies-pvt-ltd,https://infopark.in/jobs/129,https://infopark.in/companies,,Low,Low,Unknown,Unknown,Low,"No domain information is available in the Infopark directory, so software-development relevance cannot be established.",Not a developer target,Stage 1.1 Classified,Domain field is blank; developer relevance is uncertain from available directory data.,Medium,The Infopark card has no domain information. It is retained as a lower-confidence target rather than excluded without evidence.,Stage 1.2 Reviewed,,,careers@sayonetech.com,Careers,Primary,https://www.sayonetech.com/,Official Website,Publicly published functional business email on this page.,High,Hiring Relevant,Multiple Public Emails Found,Completed - Email Found,
SayOne Technologies Pvt.Ltd.,,www.sayonetech.com,,https://infopark.in/companies-profile/sayone-technologies-pvt-ltd,https://infopark.in/jobs/129,https://infopark.in/companies,,Low,Low,Unknown,Unknown,Low,"No domain information is available in the Infopark directory, so software-development relevance cannot be established.",Not a developer target,Stage 1.1 Classified,Domain field is blank; developer relevance is uncertain from available directory data.,Medium,The Infopark card has no domain information. It is retained as a lower-confidence target rather than excluded without evidence.,Stage 1.2 Reviewed,,,hello@sayonetech.com,General,General,https://www.sayonetech.com/,Official Website,Publicly published functional business email on this page.,High,General Business,Multiple Public Emails Found,Completed - Email Found,
SBL Knowledge Services Pvt Ltd,98957 64867,www.sblcorp.com,,https://infopark.in/companies-profile/sbl-knowledge-services-pvt-ltd,https://infopark.in/jobs/33,https://infopark.in/companies,,Low,Low,Unknown,Unknown,Low,"No domain information is available in the Infopark directory, so software-development relevance cannot be established.",Not a developer target,Stage 1.1 Classified,Domain field is blank; developer relevance is uncertain from available directory data.,Medium,The Infopark card has no domain information. It is retained as a lower-confidence target rather than excluded without evidence.,Stage 1.2 Reviewed,,,hr@sblcorp.com,HR,Primary,https://infopark.in/companies-profile/sbl-knowledge-services-pvt-ltd,Official Infopark Directory,Publicly published functional business email on this page.,High,Hiring Relevant,Email Found,Completed - Email Found,
SE-Mentor Solutions,7306021783,www.sementor.com,IT Consulting & Managed Services | UI/UX Design & Development | Data Science & Analytics | Software Development | Software Testing,https://infopark.in/companies-profile/se-mentor-solutions,https://infopark.in/jobs/483,https://infopark.in/companies,,High,High,Software Development / Data / Analytics / Technology Consulting / Digital Technology,"Software Developer, Software Engineer, Application Developer, Data / AI Engineer, QA / Software Tester",High,Available Infopark domain information explicitly includes software or application development.,Developer / Software Engineer application,Stage 1.1 Classified,,High,"Stage 1.1 identifies explicit software, web, mobile, or application-development evidence in the Infopark domain field.",Stage 1.2 Reviewed,,,info@se-mentor.com,General,General,https://sementor.com/,Official Website,Publicly published functional business email on this page.,High,General Business,Email Found,Completed - Email Found,
Seeroo IT Solutions,+91 484 298 5660,www.seeroo.com,,https://infopark.in/companies-profile/seeroo-it-solutions,https://infopark.in/jobs/357,https://infopark.in/companies,,Low,Low,Unknown,Unknown,Low,"No domain information is available in the Infopark directory, so software-development relevance cannot be established.",Not a developer target,Stage 1.1 Classified,Domain field is blank; developer relevance is uncertain from available directory data.,Medium,The Infopark card has no domain information. It is retained as a lower-confidence target rather than excluded without evidence.,Stage 1.2 Reviewed,,,info@seeroo.com,General,General,https://infopark.in/companies-profile/seeroo-it-solutions,Official Infopark Directory,Publicly published functional business email on this page.,High,General Business,Email Found,Completed - Email Found,
Seguro Technologies,8078791340,www.segurotechnologies.com,,https://infopark.in/companies-profile/seguro-technologies,https://infopark.in/jobs/234,https://infopark.in/companies,,Low,Low,Unknown,Unknown,Low,"No domain information is available in the Infopark directory, so software-development relevance cannot be established.",Not a developer target,Stage 1.1 Classified,Domain field is blank; developer relevance is uncertain from available directory data.,Medium,The Infopark card has no domain information. It is retained as a lower-confidence target rather than excluded without evidence.,Stage 1.2 Reviewed,,,enquiries@segurotechnologies.com,General,General,https://www.segurotechnologies.com/,Official Website,Publicly published functional business email on this page.,High,General Business,Email Found,Completed - Email Found,
SEIDOR Opentrends,+91 480 2735022,www.opentrends.net,,https://infopark.in/companies-profile/seidor-opentrends,https://infopark.in/jobs/53,https://infopark.in/companies,,Low,Low,Unknown,Unknown,Low,"No domain information is available in the Infopark directory, so software-development relevance cannot be established.",Not a developer target,Stage 1.1 Classified,Domain field is blank; developer relevance is uncertain from available directory data.,Medium,The Infopark card has no domain information. It is retained as a lower-confidence target rather than excluded without evidence.,Stage 1.2 Reviewed,,,careers@opentrends.net,Careers,Primary,https://infopark.in/companies-profile/seidor-opentrends,Official Infopark Directory,Publicly published functional business email on this page.,High,Hiring Relevant,Email Found,Completed - Email Found,Could not access https://www.opentrends.net/: HTTP 403
Senscript Technologies Pvt Ltd,+91-9037122872,www.senscript.ai,IT Consulting & Managed Services,https://infopark.in/companies-profile/senscript-technologies-pvt-ltd,https://infopark.in/jobs/347,https://infopark.in/companies,,High,Medium,Technology Consulting,Other Technical Role,Medium,"Available Infopark domain information indicates a technology-focused business, but does not clearly establish software-development work.",Technical role inquiry,Stage 1.1 Classified,Developer relevance uncertain from available directory data.,Medium,"The Infopark domain indicates technology-related work, but the saved evidence does not clearly establish central software-development work.",Stage 1.2 Reviewed,,,careers@senscript.ai,Careers,Primary,https://infopark.in/companies-profile/senscript-technologies-pvt-ltd,Official Infopark Directory,Publicly published functional business email on this page.,High,Hiring Relevant,Email Found,Completed - Email Found,
Servsys Technology Services India Pvt Ltd,+91 80 8638 8637,www.servsys.com,Software Development | IT Consulting & Managed Services,https://infopark.in/companies-profile/servsys-technology-services-india-pvt-ltd,https://infopark.in/jobs/134,https://infopark.in/companies,,High,High,Software Development / Technology Consulting,"Software Developer, Software Engineer, Application Developer",High,Available Infopark domain information explicitly includes software or application development.,Developer / Software Engineer application,Stage 1.1 Classified,,High,"Stage 1.1 identifies explicit software, web, mobile, or application-development evidence in the Infopark domain field.",Stage 1.2 Reviewed,,,,,,,,,,,No Public Email Found,Completed - No Public Email,
Silverbloom Technologies,,www.silverbloom.com,,https://infopark.in/companies-profile/silverbloom-technologies,https://infopark.in/jobs/40,https://infopark.in/companies,,Low,Low,Unknown,Unknown,Low,"No domain information is available in the Infopark directory, so software-development relevance cannot be established.",Not a developer target,Stage 1.1 Classified,Domain field is blank; developer relevance is uncertain from available directory data.,Medium,The Infopark card has no domain information. It is retained as a lower-confidence target rather than excluded without evidence.,Stage 1.2 Reviewed,,,info@silverbloom.com,General,General,https://www.silverbloom.com/,Official Website,Publicly published functional business email on this page.,High,General Business,Email Found,Completed - Email Found,
Simelabs - An Astek Company,8590718392,www.simelabs.com,,https://infopark.in/companies-profile/simelabs-an-astek-company,https://infopark.in/jobs/378,https://infopark.in/companies,,Low,Low,Unknown,Unknown,Low,"No domain information is available in the Infopark directory, so software-development relevance cannot be established.",Not a developer target,Stage 1.1 Classified,Domain field is blank; developer relevance is uncertain from available directory data.,Medium,The Infopark card has no domain information. It is retained as a lower-confidence target rather than excluded without evidence.,Stage 1.2 Reviewed,,,hr@simelabs.com,HR,Primary,https://infopark.in/companies-profile/simelabs-an-astek-company,Official Infopark Directory,Publicly published functional business email on this page.,High,Hiring Relevant,Email Found,Completed - Email Found,
Skybertech IT Innovation Pvt Ltd,+91 7592 888 111,www.skybertech.com,,https://infopark.in/companies-profile/skybertech-it-innovation-pvt-ltd,https://infopark.in/jobs/437,https://infopark.in/companies,,Low,Low,Unknown,Unknown,Low,"No domain information is available in the Infopark directory, so software-development relevance cannot be established.",Not a developer target,Stage 1.1 Classified,Domain field is blank; developer relevance is uncertain from available directory data.,Medium,The Infopark card has no domain information. It is retained as a lower-confidence target rather than excluded without evidence.,Stage 1.2 Reviewed,,,,,,,,,,,No Public Email Found,Completed - No Public Email,
SMEC Automation Pvt Ltd,9656227714,www.smeclabs.com,,https://infopark.in/companies-profile/smec-automation-pvt-ltd,https://infopark.in/jobs/304,https://infopark.in/companies,,Low,Low,Unknown,Unknown,Low,"No domain information is available in the Infopark directory, so software-development relevance cannot be established.",Not a developer target,Stage 1.1 Classified,Domain field is blank; developer relevance is uncertain from available directory data.,Medium,The Infopark card has no domain information. It is retained as a lower-confidence target rather than excluded without evidence.,Stage 1.2 Reviewed,,,,,,,,,,,No Public Email Found,Completed - No Public Email,
SnippetCommerce360 Pvt Ltd,+91 9061234445,snippetcommerce360.com,IT Consulting & Managed Services | UI/UX Design & Development | Enterprise Solutions | Software Development | Artificial Intelligence (AI) / Machine Learning (ML),https://infopark.in/companies-profile/snippetcommerce360-pvt-ltd,https://infopark.in/jobs/490,https://infopark.in/companies,,High,High,Software Development / AI / Machine Learning / Technology Consulting / Digital Technology,"Software Developer, Software Engineer, Application Developer, Data / AI Engineer",High,Available Infopark domain information explicitly includes software or application development.,Developer / Software Engineer application,Stage 1.1 Classified,,High,"Stage 1.1 identifies explicit software, web, mobile, or application-development evidence in the Infopark domain field.",Stage 1.2 Reviewed,,,,,,,,,,,No Public Email Found,Completed - No Public Email,
Sofdia Technologies Pvt Ltd,+91 9037021110,sofdia.in,UI/UX Design & Development | Internet of Things (IoT) | Data Science & Analytics | Software Development | Artificial Intelligence (AI) / Machine Learning (ML),https://infopark.in/companies-profile/sofdia-technologies-pvt-ltd,https://infopark.in/jobs/546,https://infopark.in/companies,,High,High,Software Development / AI / Machine Learning / Data / Analytics / Digital Technology,"Software Developer, Software Engineer, Application Developer, Data / AI Engineer",High,Available Infopark domain information explicitly includes software or application development.,Developer / Software Engineer application,Stage 1.1 Classified,,High,"Stage 1.1 identifies explicit software, web, mobile, or application-development evidence in the Infopark domain field.",Stage 1.2 Reviewed,,,info@sofdia.in,General,General,https://sofdia.in/,Official Website,Publicly published functional business email on this page.,High,General Business,Email Found,Completed - Email Found,
Softop Solutions Pvt Ltd,+971 529822133,www.softopsolutions.com,,https://infopark.in/companies-profile/softop-solutions-pvt-ltd,https://infopark.in/jobs/462,https://infopark.in/companies,,Low,Low,Unknown,Unknown,Low,"No domain information is available in the Infopark directory, so software-development relevance cannot be established.",Not a developer target,Stage 1.1 Classified,Domain field is blank; developer relevance is uncertain from available directory data.,Medium,The Infopark card has no domain information. It is retained as a lower-confidence target rather than excluded without evidence.,Stage 1.2 Reviewed,,,careers@softopsolutions.com,Careers,Primary,https://www.softopsolutions.com/careers,Official Careers Page,Publicly published functional business email on this page.,High,Hiring Relevant,Multiple Public Emails Found,Completed - Email Found,
Softop Solutions Pvt Ltd,+971 529822133,www.softopsolutions.com,,https://infopark.in/companies-profile/softop-solutions-pvt-ltd,https://infopark.in/jobs/462,https://infopark.in/companies,,Low,Low,Unknown,Unknown,Low,"No domain information is available in the Infopark directory, so software-development relevance cannot be established.",Not a developer target,Stage 1.1 Classified,Domain field is blank; developer relevance is uncertain from available directory data.,Medium,The Infopark card has no domain information. It is retained as a lower-confidence target rather than excluded without evidence.,Stage 1.2 Reviewed,,,sales@softopsolutions.com,Other,Secondary,https://www.softopsolutions.com/,Official Website,Publicly published functional business email on this page.,High,Other Business,Multiple Public Emails Found,Completed - Email Found,
Softspace Infotech Pvt Ltd,+91 9847811647,www.softspace.ae,,https://infopark.in/companies-profile/softspace-infotech-pvt-ltd,https://infopark.in/jobs/361,https://infopark.in/companies,,Low,Low,Unknown,Unknown,Low,"No domain information is available in the Infopark directory, so software-development relevance cannot be established.",Not a developer target,Stage 1.1 Classified,Domain field is blank; developer relevance is uncertain from available directory data.,Medium,The Infopark card has no domain information. It is retained as a lower-confidence target rather than excluded without evidence.,Stage 1.2 Reviewed,,,info@softspace.ae,General,General,https://infopark.in/companies-profile/softspace-infotech-pvt-ltd,Official Infopark Directory,Publicly published functional business email on this page.,High,General Business,Email Found,Completed - Email Found,
Soulxes Technologies Pvt Ltd,+914842916448,www.soulxes.com,,https://infopark.in/companies-profile/soulxes-technologies-pvt-ltd,https://infopark.in/jobs/447,https://infopark.in/companies,,Low,Low,Unknown,Unknown,Low,"No domain information is available in the Infopark directory, so software-development relevance cannot be established.",Not a developer target,Stage 1.1 Classified,Domain field is blank; developer relevance is uncertain from available directory data.,Medium,The Infopark card has no domain information. It is retained as a lower-confidence target rather than excluded without evidence.,Stage 1.2 Reviewed,,,info@soulxes.com,General,General,https://www.soulxes.com/,Official Website,Publicly published functional business email on this page.,High,General Business,Email Found,Completed - Email Found,
SparkSupport Infotech Pvt Ltd,8129270421,www.sparksupport.com,,https://infopark.in/companies-profile/sparksupport-infotech-pvt-ltd,https://infopark.in/jobs/63,https://infopark.in/companies,,Low,Low,Unknown,Unknown,Low,"No domain information is available in the Infopark directory, so software-development relevance cannot be established.",Not a developer target,Stage 1.1 Classified,Domain field is blank; developer relevance is uncertain from available directory data.,Medium,The Infopark card has no domain information. It is retained as a lower-confidence target rather than excluded without evidence.,Stage 1.2 Reviewed,,,careers@sparksupport.com,Careers,Primary,https://sparksupport.com/,Official Website,Publicly published functional business email on this page.,High,Hiring Relevant,Multiple Public Emails Found,Completed - Email Found,
SparkSupport Infotech Pvt Ltd,8129270421,www.sparksupport.com,,https://infopark.in/companies-profile/sparksupport-infotech-pvt-ltd,https://infopark.in/jobs/63,https://infopark.in/companies,,Low,Low,Unknown,Unknown,Low,"No domain information is available in the Infopark directory, so software-development relevance cannot be established.",Not a developer target,Stage 1.1 Classified,Domain field is blank; developer relevance is uncertain from available directory data.,Medium,The Infopark card has no domain information. It is retained as a lower-confidence target rather than excluded without evidence.,Stage 1.2 Reviewed,,,contact@sparksupport.com,General,General,https://sparksupport.com/,Official Website,Publicly published functional business email on this page.,High,General Business,Multiple Public Emails Found,Completed - Email Found,
Spawoz Technologies Pvt. Ltd.,,www.spawoz.com,Software Testing | IT Consulting & Managed Services | UI/UX Design & Development | Software Development,https://infopark.in/companies-profile/spawoz-technologies-pvt-ltd,https://infopark.in/jobs/151,https://infopark.in/companies,,High,High,Software Development / Technology Consulting / Digital Technology,"Software Developer, Software Engineer, Application Developer, QA / Software Tester",High,Available Infopark domain information explicitly includes software or application development.,Developer / Software Engineer application,Stage 1.1 Classified,,High,"Stage 1.1 identifies explicit software, web, mobile, or application-development evidence in the Infopark domain field.",Stage 1.2 Reviewed,,,support@spawoz.com,Other,Secondary,https://www.spawoz.com/,Official Website,Publicly published functional business email on this page.,High,Other Business,Email Found,Completed - Email Found,
Speridian Technologies Pvt Ltd,+91 484 401 7951,www.speridian.com,,https://infopark.in/companies-profile/speridian-technologies-pvt-ltd,https://infopark.in/jobs/142,https://infopark.in/companies,,Low,Low,Unknown,Unknown,Low,"No domain information is available in the Infopark directory, so software-development relevance cannot be established.",Not a developer target,Stage 1.1 Classified,Domain field is blank; developer relevance is uncertain from available directory data.,Medium,The Infopark card has no domain information. It is retained as a lower-confidence target rather than excluded without evidence.,Stage 1.2 Reviewed,,,info@speridian.com,General,General,https://www.speridian.com/,Official Website,Publicly published functional business email on this page.,High,General Business,Email Found,Completed - Email Found,
Spiderline Technologies,+91 97453 66367,www.spiderline.in,,https://infopark.in/companies-profile/spiderline-technologies,https://infopark.in/jobs/343,https://infopark.in/companies,,Low,Low,Unknown,Unknown,Low,"No domain information is available in the Infopark directory, so software-development relevance cannot be established.",Not a developer target,Stage 1.1 Classified,Domain field is blank; developer relevance is uncertain from available directory data.,Medium,The Infopark card has no domain information. It is retained as a lower-confidence target rather than excluded without evidence.,Stage 1.2 Reviewed,,,info@spiderline.in,General,General,https://www.spiderline.in/,Official Website,Publicly published functional business email on this page.,High,General Business,Email Found,Completed - Email Found,
Spiralcode Innovates LLP,8590041414,www.spiralcode.in,IT Consulting & Managed Services | Enterprise Solutions | Software Development,https://infopark.in/companies-profile/spiralcode-innovates-llp,https://infopark.in/jobs/507,https://infopark.in/companies,,High,High,Software Development / Technology Consulting,"Software Developer, Software Engineer, Application Developer",High,Available Infopark domain information explicitly includes software or application development.,Developer / Software Engineer application,Stage 1.1 Classified,,High,"Stage 1.1 identifies explicit software, web, mobile, or application-development evidence in the Infopark domain field.",Stage 1.2 Reviewed,,,info@spiralcode.in,General,General,https://www.spiralcode.in/,Official Website,Publicly published functional business email on this page.,High,General Business,Email Found,Completed - Email Found,
SS Consulting,+91 8129688272,www.ssconsult.in,,https://infopark.in/companies-profile/ss-consulting,https://infopark.in/jobs/468,https://infopark.in/companies,,Low,Low,Unknown,Unknown,Low,"No domain information is available in the Infopark directory, so software-development relevance cannot be established.",Not a developer target,Stage 1.1 Classified,Domain field is blank; developer relevance is uncertain from available directory data.,Medium,The Infopark card has no domain information. It is retained as a lower-confidence target rather than excluded without evidence.,Stage 1.2 Reviewed,,,admin@ssconsult.in,General,General,https://www.ssconsult.in/,Official Website,Publicly published functional business email on this page.,High,General Business,Multiple Public Emails Found,Completed - Email Found,
SS Consulting,+91 8129688272,www.ssconsult.in,,https://infopark.in/companies-profile/ss-consulting,https://infopark.in/jobs/468,https://infopark.in/companies,,Low,Low,Unknown,Unknown,Low,"No domain information is available in the Infopark directory, so software-development relevance cannot be established.",Not a developer target,Stage 1.1 Classified,Domain field is blank; developer relevance is uncertain from available directory data.,Medium,The Infopark card has no domain information. It is retained as a lower-confidence target rather than excluded without evidence.,Stage 1.2 Reviewed,,,contact@example.com,General,General,https://www.ssconsult.in/,Official Website,Publicly published functional business email on this page.,High,General Business,Multiple Public Emails Found,Completed - Email Found,
Steigend IT Solutions,9946161106,steigendit.com,,https://infopark.in/companies-profile/steigend-it-solutions,https://infopark.in/jobs/238,https://infopark.in/companies,,Low,Low,Unknown,Unknown,Low,"No domain information is available in the Infopark directory, so software-development relevance cannot be established.",Not a developer target,Stage 1.1 Classified,Domain field is blank; developer relevance is uncertain from available directory data.,Medium,The Infopark card has no domain information. It is retained as a lower-confidence target rather than excluded without evidence.,Stage 1.2 Reviewed,,,info@steigendit.com,General,General,https://steigendit.com/,Official Website,Publicly published functional business email on this page.,High,General Business,Email Found,Completed - Email Found,Could not access https://steigendit.com/careers.html: HTTP 404
Stepping Stone Consultancy Services,+91- 0484 - 2989811,www.steppingstoneconsultancy.com,,https://infopark.in/companies-profile/stepping-stone-consultancy-services,https://infopark.in/jobs/351,https://infopark.in/companies,,Low,Low,Unknown,Unknown,Low,"No domain information is available in the Infopark directory, so software-development relevance cannot be established.",Not a developer target,Stage 1.1 Classified,Domain field is blank; developer relevance is uncertain from available directory data.,Medium,The Infopark card has no domain information. It is retained as a lower-confidence target rather than excluded without evidence.,Stage 1.2 Reviewed,,,jobs@steppingstoneconsultancy.com,Careers,Primary,https://www.steppingstoneconsultancy.com/,Official Website,Publicly published functional business email on this page.,High,Hiring Relevant,Email Found,Completed - Email Found,
Strands Energy Pvt. Ltd,+91 480 2731126,www.strandsenergy.com,,https://infopark.in/companies-profile/strands-energy-pvt-ltd,https://infopark.in/jobs/88,https://infopark.in/companies,,Low,Low,Unknown,Unknown,Low,"No domain information is available in the Infopark directory, so software-development relevance cannot be established.",Not a developer target,Stage 1.1 Classified,Domain field is blank; developer relevance is uncertain from available directory data.,Medium,The Infopark card has no domain information. It is retained as a lower-confidence target rather than excluded without evidence.,Stage 1.2 Reviewed,,,info@strandsenergy.com,General,General,https://strandsenergy.com/strandsenergy/,Official Website,Publicly published functional business email on this page.,High,General Business,Multiple Public Emails Found,Completed - Email Found,Could not access https://strandsenergy.com/strandsenergy/contact.php: HTTP 409
Strands Energy Pvt. Ltd,+91 480 2731126,www.strandsenergy.com,,https://infopark.in/companies-profile/strands-energy-pvt-ltd,https://infopark.in/jobs/88,https://infopark.in/companies,,Low,Low,Unknown,Unknown,Low,"No domain information is available in the Infopark directory, so software-development relevance cannot be established.",Not a developer target,Stage 1.1 Classified,Domain field is blank; developer relevance is uncertain from available directory data.,Medium,The Infopark card has no domain information. It is retained as a lower-confidence target rather than excluded without evidence.,Stage 1.2 Reviewed,,,jobs@strandsenergy.com,Careers,Primary,https://strandsenergy.com/strandsenergy/,Official Website,Publicly published functional business email on this page.,High,Hiring Relevant,Multiple Public Emails Found,Completed - Email Found,Could not access https://strandsenergy.com/strandsenergy/contact.php: HTTP 409
Stream Perfect Global Services (SPGS),0484-2972793,www.stream-perfect.com,,https://infopark.in/companies-profile/stream-perfect-global-services-spgs,https://infopark.in/jobs/191,https://infopark.in/companies,,Low,Low,Unknown,Unknown,Low,"No domain information is available in the Infopark directory, so software-development relevance cannot be established.",Not a developer target,Stage 1.1 Classified,Domain field is blank; developer relevance is uncertain from available directory data.,Medium,The Infopark card has no domain information. It is retained as a lower-confidence target rather than excluded without evidence.,Stage 1.2 Reviewed,,,info@stream-perfect.com,General,General,https://infopark.in/companies-profile/stream-perfect-global-services-spgs,Official Infopark Directory,Publicly published functional business email on this page.,High,General Business,Email Found,Completed - Email Found,"Could not access https://www.stream-perfect.com/: SSLError: HTTPSConnectionPool(host='www.stream-perfect.com', port=443): Max retries exceeded with url: / (Caused by SSLError(SSLCertVerificationError(1, '[SSL: CERTIFICATE_VERIFY_FAILED] certificate verify failed: unable to get local issuer certificate (_ssl.c:1006)')))"
SupportHub360,9633 024 360,www.supporthub360.com.au,,https://infopark.in/companies-profile/supporthub360,https://infopark.in/jobs/374,https://infopark.in/companies,,Low,Low,Unknown,Unknown,Low,"No domain information is available in the Infopark directory, so software-development relevance cannot be established.",Not a developer target,Stage 1.1 Classified,Domain field is blank; developer relevance is uncertain from available directory data.,Medium,The Infopark card has no domain information. It is retained as a lower-confidence target rather than excluded without evidence.,Stage 1.2 Reviewed,,,sales@supporthub360.com.au,Other,Secondary,https://www.supporthub360.com.au/,Official Website,Publicly published functional business email on this page.,High,Other Business,Email Found,Completed - Email Found,
SurveySparrow Pvt Ltd,,www.surveysparrow.com,,https://infopark.in/companies-profile/surveysparrow-pvt-ltd,https://infopark.in/jobs/159,https://infopark.in/companies,,Low,Low,Unknown,Unknown,Low,"No domain information is available in the Infopark directory, so software-development relevance cannot be established.",Not a developer target,Stage 1.1 Classified,Domain field is blank; developer relevance is uncertain from available directory data.,Medium,The Infopark card has no domain information. It is retained as a lower-confidence target rather than excluded without evidence.,Stage 1.2 Reviewed,,,support@surveysparrow.com,Other,Secondary,https://surveysparrow.com/,Official Website,Publicly published functional business email on this page.,High,Other Business,Email Found,Completed - Email Found,
Syriac Consultancy Services Private Limited,+91 8136923078,https://www.syriacconsultancy.com/,,https://infopark.in/companies-profile/syriac-consultancy-services-private-limited,https://infopark.in/jobs/433,https://infopark.in/companies,,Low,Low,Unknown,Unknown,Low,"No domain information is available in the Infopark directory, so software-development relevance cannot be established.",Not a developer target,Stage 1.1 Classified,Domain field is blank; developer relevance is uncertain from available directory data.,Medium,The Infopark card has no domain information. It is retained as a lower-confidence target rather than excluded without evidence.,Stage 1.2 Reviewed,,,info@syriacconsultancy.com,General,General,https://www.syriacconsultancy.com/,Official Website,Publicly published functional business email on this page.,High,General Business,Email Found,Completed - Email Found,
SysTalent Software Private Limited,+91 484 2415230,www.systalent.com,,https://infopark.in/companies-profile/systalent-software-private-limited,https://infopark.in/jobs/9,https://infopark.in/companies,,Low,Low,Unknown,Unknown,Low,"No domain information is available in the Infopark directory, so software-development relevance cannot be established.",Not a developer target,Stage 1.1 Classified,Domain field is blank; developer relevance is uncertain from available directory data.,Medium,The Infopark card has no domain information. It is retained as a lower-confidence target rather than excluded without evidence.,Stage 1.2 Reviewed,,,info@systalent.com,General,General,https://infopark.in/companies-profile/systalent-software-private-limited,Official Infopark Directory,Publicly published functional business email on this page.,High,General Business,Email Found,Completed - Email Found,
Talk Digital Pvt. Ltd.,9446581090,www.talkdigital.com.au,,https://infopark.in/companies-profile/talk-digital-pvt-ltd,https://infopark.in/jobs/321,https://infopark.in/companies,,Low,Low,Unknown,Unknown,Low,"No domain information is available in the Infopark directory, so software-development relevance cannot be established.",Not a developer target,Stage 1.1 Classified,Domain field is blank; developer relevance is uncertain from available directory data.,Medium,The Infopark card has no domain information. It is retained as a lower-confidence target rather than excluded without evidence.,Stage 1.2 Reviewed,,,hr@talkdigital.co.in,HR,Primary,https://infopark.in/companies-profile/talk-digital-pvt-ltd,Official Infopark Directory,Publicly published functional business email on this page.,High,Hiring Relevant,Email Found,Completed - Email Found,Could not access https://www.talkdigital.com.au/: HTTP 403
Tamcherry Technologies Private Limited,09633303943,www.tamcherry.com,,https://infopark.in/companies-profile/tamcherry-technologies-private-limited,https://infopark.in/jobs/391,https://infopark.in/companies,,Low,Low,Unknown,Unknown,Low,"No domain information is available in the Infopark directory, so software-development relevance cannot be established.",Not a developer target,Stage 1.1 Classified,Domain field is blank; developer relevance is uncertain from available directory data.,Medium,The Infopark card has no domain information. It is retained as a lower-confidence target rather than excluded without evidence.,Stage 1.2 Reviewed,,,info@tamcherry.com,General,General,https://www.tamcherry.com/,Official Website,Publicly published functional business email on this page.,High,General Business,Email Found,Completed - Email Found,
"Tata Consultancy Services,",0484 618 7000,www.tcs.com,,https://infopark.in/companies-profile/tata-consultancy-services,https://infopark.in/jobs/13,https://infopark.in/companies,,Low,Low,Unknown,Unknown,Low,"No domain information is available in the Infopark directory, so software-development relevance cannot be established.",Not a developer target,Stage 1.1 Classified,Domain field is blank; developer relevance is uncertain from available directory data.,Medium,The Infopark card has no domain information. It is retained as a lower-confidence target rather than excluded without evidence.,Stage 1.2 Reviewed,,,info@tcs.com,General,General,https://infopark.in/companies-profile/tata-consultancy-services,Official Infopark Directory,Publicly published functional business email on this page.,High,General Business,Email Found,Completed - Email Found,Could not access https://www.tcs.com/: HTTP 403
TECFORZ INNOVATIONS,0484 4632159,tecforz.com,,https://infopark.in/companies-profile/tecforz-innovations,https://infopark.in/jobs/426,https://infopark.in/companies,,Low,Low,Unknown,Unknown,Low,"No domain information is available in the Infopark directory, so software-development relevance cannot be established.",Not a developer target,Stage 1.1 Classified,Domain field is blank; developer relevance is uncertain from available directory data.,Medium,The Infopark card has no domain information. It is retained as a lower-confidence target rather than excluded without evidence.,Stage 1.2 Reviewed,,,info@tecforz.com,General,General,https://tecforz.com/,Official Website,Publicly published functional business email on this page.,High,General Business,Email Found,Completed - Email Found,
Tech Aventure,+91-478 2815657,www.techaventure.com,,https://infopark.in/companies-profile/tech-aventure,https://infopark.in/jobs/385,https://infopark.in/companies,,Low,Low,Unknown,Unknown,Low,"No domain information is available in the Infopark directory, so software-development relevance cannot be established.",Not a developer target,Stage 1.1 Classified,Domain field is blank; developer relevance is uncertain from available directory data.,Medium,The Infopark card has no domain information. It is retained as a lower-confidence target rather than excluded without evidence.,Stage 1.2 Reviewed,,,info@techaventure.com,General,General,https://www.techaventure.com/,Official Website,Publicly published functional business email on this page.,High,General Business,Email Found,Completed - Email Found,
Techfriar Technologies,+91-7356899156,www.techfriar.com,,https://infopark.in/companies-profile/techfriar-technologies,https://infopark.in/jobs/339,https://infopark.in/companies,,Low,Low,Unknown,Unknown,Low,"No domain information is available in the Infopark directory, so software-development relevance cannot be established.",Not a developer target,Stage 1.1 Classified,Domain field is blank; developer relevance is uncertain from available directory data.,Medium,The Infopark card has no domain information. It is retained as a lower-confidence target rather than excluded without evidence.,Stage 1.2 Reviewed,,,hr@techfriar.com,HR,Primary,https://infopark.in/companies-profile/techfriar-technologies,Official Infopark Directory,Publicly published functional business email on this page.,High,Hiring Relevant,Email Found,Completed - Email Found,
Techgentsia Software Technologies Private Limited,,,,https://infopark.in/companies-profile/techgentsia-software-technologies-private-limited,https://infopark.in/jobs/94,https://infopark.in/companies,,Low,Low,Unknown,Unknown,Low,"No domain information is available in the Infopark directory, so software-development relevance cannot be established.",Not a developer target,Stage 1.1 Classified,Domain field is blank; developer relevance is uncertain from available directory data.,Medium,The Infopark card has no domain information. It is retained as a lower-confidence target rather than excluded without evidence.,Stage 1.2 Reviewed,,,,,,,,,,,No Public Email Found,Completed - No Public Email,No usable website URL in frozen target data.
TechNeurons Consulting Solutions Private Limited,+91 7736001501,www.techneurons.com,,https://infopark.in/companies-profile/techneurons-consulting-solutions-private-limited,https://infopark.in/jobs/215,https://infopark.in/companies,,Low,Low,Unknown,Unknown,Low,"No domain information is available in the Infopark directory, so software-development relevance cannot be established.",Not a developer target,Stage 1.1 Classified,Domain field is blank; developer relevance is uncertain from available directory data.,Medium,The Infopark card has no domain information. It is retained as a lower-confidence target rather than excluded without evidence.,Stage 1.2 Reviewed,,,hello@techneurons.com,General,General,https://techneurons.com/,Official Website,Publicly published functional business email on this page.,High,General Business,Email Found,Completed - Email Found,
Technowave ID Systems PVT.LTD.,8139021117,www.technowavegroup.com,,https://infopark.in/companies-profile/technowave-id-systems-pvt-ltd,https://infopark.in/jobs/160,https://infopark.in/companies,,Low,Low,Unknown,Unknown,Low,"No domain information is available in the Infopark directory, so software-development relevance cannot be established.",Not a developer target,Stage 1.1 Classified,Domain field is blank; developer relevance is uncertain from available directory data.,Medium,The Infopark card has no domain information. It is retained as a lower-confidence target rather than excluded without evidence.,Stage 1.2 Reviewed,,,sales@technowavegroup.com,Other,Secondary,https://technowavegroup.com/,Official Website,Publicly published functional business email on this page.,High,Other Business,Email Found,Completed - Email Found,
Techpullers Technology Solutions Pvt Ltd.,+919895156580,techpullers.com,,https://infopark.in/companies-profile/techpullers-technology-solutions-pvt-ltd,https://infopark.in/jobs/297,https://infopark.in/companies,,Low,Low,Unknown,Unknown,Low,"No domain information is available in the Infopark directory, so software-development relevance cannot be established.",Not a developer target,Stage 1.1 Classified,Domain field is blank; developer relevance is uncertain from available directory data.,Medium,The Infopark card has no domain information. It is retained as a lower-confidence target rather than excluded without evidence.,Stage 1.2 Reviewed,,,info@techpullers.com,General,General,https://techpullers.com/,Official Website,Publicly published functional business email on this page.,High,General Business,Email Found,Completed - Email Found,
TechTaliya Informatics Pvt. Ltd.,+91 484 403 6777,techtaliya.com,,https://infopark.in/companies-profile/techtaliya-informatics-pvt-ltd,https://infopark.in/jobs/282,https://infopark.in/companies,,Low,Low,Unknown,Unknown,Low,"No domain information is available in the Infopark directory, so software-development relevance cannot be established.",Not a developer target,Stage 1.1 Classified,Domain field is blank; developer relevance is uncertain from available directory data.,Medium,The Infopark card has no domain information. It is retained as a lower-confidence target rather than excluded without evidence.,Stage 1.2 Reviewed,,,info@techtaliya.com,General,General,https://www.techtaliya.com/,Official Website,Publicly published functional business email on this page.,High,General Business,Email Found,Completed - Email Found,
Techversant Infotech Pvt Ltd,0484 4014666,www.techversantinfotech.com,,https://infopark.in/companies-profile/techversant-infotech-pvt-ltd,https://infopark.in/jobs/85,https://infopark.in/companies,,Low,Low,Unknown,Unknown,Low,"No domain information is available in the Infopark directory, so software-development relevance cannot be established.",Not a developer target,Stage 1.1 Classified,Domain field is blank; developer relevance is uncertain from available directory data.,Medium,The Infopark card has no domain information. It is retained as a lower-confidence target rather than excluded without evidence.,Stage 1.2 Reviewed,,,careers@techversantinfotech.com,Careers,Primary,https://infopark.in/companies-profile/techversant-infotech-pvt-ltd,Official Infopark Directory,Publicly published functional business email on this page.,High,Hiring Relevant,Email Found,Completed - Email Found,
Techware Lab Pvt.Ltd.,+91 9567787002,www.techwarelab.com,,https://infopark.in/companies-profile/techware-lab-pvt-ltd,https://infopark.in/jobs/268,https://infopark.in/companies,,Low,Low,Unknown,Unknown,Low,"No domain information is available in the Infopark directory, so software-development relevance cannot be established.",Not a developer target,Stage 1.1 Classified,Domain field is blank; developer relevance is uncertain from available directory data.,Medium,The Infopark card has no domain information. It is retained as a lower-confidence target rather than excluded without evidence.,Stage 1.2 Reviewed,,,careers@techwarelab.com,Careers,Primary,https://infopark.in/companies-profile/techware-lab-pvt-ltd,Official Infopark Directory,Publicly published functional business email on this page.,High,Hiring Relevant,Email Found,Completed - Email Found,
Tecnostac Systems Private Limited,+91 95670 63871,www.tecnostac.com,,https://infopark.in/companies-profile/tecnostac-systems-private-limited,https://infopark.in/jobs/445,https://infopark.in/companies,,Low,Low,Unknown,Unknown,Low,"No domain information is available in the Infopark directory, so software-development relevance cannot be established.",Not a developer target,Stage 1.1 Classified,Domain field is blank; developer relevance is uncertain from available directory data.,Medium,The Infopark card has no domain information. It is retained as a lower-confidence target rather than excluded without evidence.,Stage 1.2 Reviewed,,,hr@tecnostac.com,HR,Primary,https://infopark.in/companies-profile/tecnostac-systems-private-limited,Official Infopark Directory,Publicly published functional business email on this page.,High,Hiring Relevant,Email Found,Completed - Email Found,
Telious Technologies Pvt Ltd,+91 94956 58233,www.telious.com,,https://infopark.in/companies-profile/telious-technologies-pvt-ltd,https://infopark.in/jobs/471,https://infopark.in/companies,,Low,Low,Unknown,Unknown,Low,"No domain information is available in the Infopark directory, so software-development relevance cannot be established.",Not a developer target,Stage 1.1 Classified,Domain field is blank; developer relevance is uncertain from available directory data.,Medium,The Infopark card has no domain information. It is retained as a lower-confidence target rather than excluded without evidence.,Stage 1.2 Reviewed,,,info@telious.com,General,General,https://www.telious.com/,Official Website,Publicly published functional business email on this page.,High,General Business,Multiple Public Emails Found,Completed - Email Found,
Telious Technologies Pvt Ltd,+91 94956 58233,www.telious.com,,https://infopark.in/companies-profile/telious-technologies-pvt-ltd,https://infopark.in/jobs/471,https://infopark.in/companies,,Low,Low,Unknown,Unknown,Low,"No domain information is available in the Infopark directory, so software-development relevance cannot be established.",Not a developer target,Stage 1.1 Classified,Domain field is blank; developer relevance is uncertain from available directory data.,Medium,The Infopark card has no domain information. It is retained as a lower-confidence target rather than excluded without evidence.,Stage 1.2 Reviewed,,,jobs@telious.com,Careers,Primary,https://www.telious.com/careers,Official Careers Page,Publicly published functional business email on this page.,High,Hiring Relevant,Multiple Public Emails Found,Completed - Email Found,
Terrific Minds Private Limited,+91 7559903555,www.terrificminds.com,,https://infopark.in/companies-profile/terrific-minds-private-limited,https://infopark.in/jobs/353,https://infopark.in/companies,,Low,Low,Unknown,Unknown,Low,"No domain information is available in the Infopark directory, so software-development relevance cannot be established.",Not a developer target,Stage 1.1 Classified,Domain field is blank; developer relevance is uncertain from available directory data.,Medium,The Infopark card has no domain information. It is retained as a lower-confidence target rather than excluded without evidence.,Stage 1.2 Reviewed,,,careers@terrificminds.com,Careers,Primary,https://www.terrificminds.com/,Official Website,Publicly published functional business email on this page.,High,Hiring Relevant,Multiple Public Emails Found,Completed - Email Found,
Terrific Minds Private Limited,+91 7559903555,www.terrificminds.com,,https://infopark.in/companies-profile/terrific-minds-private-limited,https://infopark.in/jobs/353,https://infopark.in/companies,,Low,Low,Unknown,Unknown,Low,"No domain information is available in the Infopark directory, so software-development relevance cannot be established.",Not a developer target,Stage 1.1 Classified,Domain field is blank; developer relevance is uncertain from available directory data.,Medium,The Infopark card has no domain information. It is retained as a lower-confidence target rather than excluded without evidence.,Stage 1.2 Reviewed,,,hello@terrificminds.com,General,General,https://www.terrificminds.com/,Official Website,Publicly published functional business email on this page.,High,General Business,Multiple Public Emails Found,Completed - Email Found,
Testing Mavens Software Pvt Ltd,+91 8138924300,www.testingmavens.com,,https://infopark.in/companies-profile/testing-mavens-software-pvt-ltd,https://infopark.in/jobs/200,https://infopark.in/companies,,Low,Low,Unknown,Unknown,Low,"No domain information is available in the Infopark directory, so software-development relevance cannot be established.",Not a developer target,Stage 1.1 Classified,Domain field is blank; developer relevance is uncertain from available directory data.,Medium,The Infopark card has no domain information. It is retained as a lower-confidence target rather than excluded without evidence.,Stage 1.2 Reviewed,,,contact@testingmavens.com,General,General,https://www.testingmavens.com/,Official Website,Publicly published functional business email on this page.,High,General Business,Email Found,Completed - Email Found,
Thinkpalm Technologies Pvt.Ltd,0484-4104100,www.thinkpalm.com,,https://infopark.in/companies-profile/thinkpalm-technologies-pvt-ltd,https://infopark.in/jobs/49,https://infopark.in/companies,,Low,Low,Unknown,Unknown,Low,"No domain information is available in the Infopark directory, so software-development relevance cannot be established.",Not a developer target,Stage 1.1 Classified,Domain field is blank; developer relevance is uncertain from available directory data.,Medium,The Infopark card has no domain information. It is retained as a lower-confidence target rather than excluded without evidence.,Stage 1.2 Reviewed,,,info@thinkpalm.com,General,General,https://infopark.in/companies-profile/thinkpalm-technologies-pvt-ltd,Official Infopark Directory,Publicly published functional business email on this page.,High,General Business,Email Found,Completed - Email Found,
Thomsun Infocare LLP,+919995868299,www.thomsuninfocare.com,,https://infopark.in/companies-profile/thomsun-infocare-llp,https://infopark.in/jobs/259,https://infopark.in/companies,,Low,Low,Unknown,Unknown,Low,"No domain information is available in the Infopark directory, so software-development relevance cannot be established.",Not a developer target,Stage 1.1 Classified,Domain field is blank; developer relevance is uncertain from available directory data.,Medium,The Infopark card has no domain information. It is retained as a lower-confidence target rather than excluded without evidence.,Stage 1.2 Reviewed,,,careers@thomsuninfocare.com,Careers,Primary,https://www.thomsuninfocare.com/careers/,Official Careers Page,Publicly published functional business email on this page.,High,Hiring Relevant,Email Found,Completed - Email Found,
ThoughtMinds System Pvt Ltd,+91 7510303111,https://thoughtminds.ai/,IT Consulting & Managed Services | Data Science & Analytics | Software Development | Artificial Intelligence (AI) / Machine Learning (ML) | Enterprise Solutions,https://infopark.in/companies-profile/thoughtminds-system-pvt-ltd,https://infopark.in/jobs/485,https://infopark.in/companies,,High,High,Software Development / AI / Machine Learning / Data / Analytics / Technology Consulting,"Software Developer, Software Engineer, Application Developer, Data / AI Engineer",High,Available Infopark domain information explicitly includes software or application development.,Developer / Software Engineer application,Stage 1.1 Classified,,High,"Stage 1.1 identifies explicit software, web, mobile, or application-development evidence in the Infopark domain field.",Stage 1.2 Reviewed,,,careers@thoughtminds.io,Careers,Primary,https://infopark.in/companies-profile/thoughtminds-system-pvt-ltd,Official Infopark Directory,Publicly published functional business email on this page.,High,Hiring Relevant,Email Found,Completed - Email Found,
Thriveminds Technologies Pvt. Ltd.,09074535476,www.thrivemindsinnovations.com,Software Development | Management Consulting | AR/VR Solutions & Immersive Technology | Metaverse Development & Virtual Experiences | Artificial Intelligence (AI) / Machine Learning (ML),https://infopark.in/companies-profile/thriveminds-technologies-pvt-ltd,https://infopark.in/jobs/541,https://infopark.in/companies,,High,High,Software Development / AI / Machine Learning,"Software Developer, Software Engineer, Application Developer, Data / AI Engineer",High,Available Infopark domain information explicitly includes software or application development.,Developer / Software Engineer application,Stage 1.1 Classified,,High,"Stage 1.1 identifies explicit software, web, mobile, or application-development evidence in the Infopark domain field.",Stage 1.2 Reviewed,,,hr@thrivemindstechno.com,HR,Primary,https://infopark.in/companies-profile/thriveminds-technologies-pvt-ltd,Official Infopark Directory,Publicly published functional business email on this page.,High,Hiring Relevant,Email Found,Completed - Email Found,"Could not access https://www.thrivemindsinnovations.com/: ConnectionError: HTTPSConnectionPool(host='www.thrivemindsinnovations.com', port=443): Max retries exceeded with url: / (Caused by NameResolutionError(""HTTPSConnection(host='www.thrivemindsinnovations.com', port=443): Failed to resolve 'www.thrivemindsinnovations.com' ([Errno 11001] getaddrinfo failed)""))"
Titan Tech Emirates Pvt Ltd,9591546465,titantechemirates.com,,https://infopark.in/companies-profile/titan-tech-emirates-pvt-ltd,https://infopark.in/jobs/313,https://infopark.in/companies,,Low,Low,Unknown,Unknown,Low,"No domain information is available in the Infopark directory, so software-development relevance cannot be established.",Not a developer target,Stage 1.1 Classified,Domain field is blank; developer relevance is uncertain from available directory data.,Medium,The Infopark card has no domain information. It is retained as a lower-confidence target rather than excluded without evidence.,Stage 1.2 Reviewed,,,hr@titantechemirates.com,HR,Primary,https://infopark.in/companies-profile/titan-tech-emirates-pvt-ltd,Official Infopark Directory,Publicly published functional business email on this page.,High,Hiring Relevant,Email Found,Completed - Email Found,Could not access https://titantechemirates.com/: HTTP 403
TNP Consultancy Private Limited,+91 8139894880,www.tnpconsultants.com/en/tnp-india,Data Science & Analytics | IT Consulting & Managed Services | Software Development,https://infopark.in/companies-profile/tnp-consultancy-private-limited,https://infopark.in/jobs/489,https://infopark.in/companies,,High,High,Software Development / Data / Analytics / Technology Consulting,"Software Developer, Software Engineer, Application Developer, Data / AI Engineer",High,Available Infopark domain information explicitly includes software or application development.,Developer / Software Engineer application,Stage 1.1 Classified,,High,"Stage 1.1 identifies explicit software, web, mobile, or application-development evidence in the Infopark domain field.",Stage 1.2 Reviewed,,,,,,,,,,,No Public Email Found,Completed - No Public Email,
Toobler Technologies Pvt. Ltd.,91-484 4034359,www.toobler.com,,https://infopark.in/companies-profile/toobler-technologies-pvt-ltd,https://infopark.in/jobs/57,https://infopark.in/companies,,Low,Low,Unknown,Unknown,Low,"No domain information is available in the Infopark directory, so software-development relevance cannot be established.",Not a developer target,Stage 1.1 Classified,Domain field is blank; developer relevance is uncertain from available directory data.,Medium,The Infopark card has no domain information. It is retained as a lower-confidence target rather than excluded without evidence.,Stage 1.2 Reviewed,,,info@toobler.com,General,General,https://infopark.in/companies-profile/toobler-technologies-pvt-ltd,Official Infopark Directory,Publicly published functional business email on this page.,High,General Business,Email Found,Completed - Email Found,
TouchWorld Technology,0474 2970 298,www.touchworldtech.com,,https://infopark.in/companies-profile/touchworld-technology,https://infopark.in/jobs/352,https://infopark.in/companies,,Low,Low,Unknown,Unknown,Low,"No domain information is available in the Infopark directory, so software-development relevance cannot be established.",Not a developer target,Stage 1.1 Classified,Domain field is blank; developer relevance is uncertain from available directory data.,Medium,The Infopark card has no domain information. It is retained as a lower-confidence target rather than excluded without evidence.,Stage 1.2 Reviewed,,,info@touchworldtech.com,General,General,https://www.touchworldtech.com/,Official Website,Publicly published functional business email on this page.,High,General Business,Email Found,Completed - Email Found,
Trafoss Pvt.Ltd,+91-9746993017,www.trafoss.com,,https://infopark.in/companies-profile/trafoss-pvt-ltd,https://infopark.in/jobs/441,https://infopark.in/companies,,Low,Low,Unknown,Unknown,Low,"No domain information is available in the Infopark directory, so software-development relevance cannot be established.",Not a developer target,Stage 1.1 Classified,Domain field is blank; developer relevance is uncertain from available directory data.,Medium,The Infopark card has no domain information. It is retained as a lower-confidence target rather than excluded without evidence.,Stage 1.2 Reviewed,,,info@trafoss.com,General,General,https://www.trafoss.com/,Official Website,Publicly published functional business email on this page.,High,General Business,Email Found,Completed - Email Found,
Tranzmeo,0484-4033744,www.tranzmeo.com,,https://infopark.in/companies-profile/tranzmeo,https://infopark.in/jobs/157,https://infopark.in/companies,,Low,Low,Unknown,Unknown,Low,"No domain information is available in the Infopark directory, so software-development relevance cannot be established.",Not a developer target,Stage 1.1 Classified,Domain field is blank; developer relevance is uncertain from available directory data.,Medium,The Infopark card has no domain information. It is retained as a lower-confidence target rather than excluded without evidence.,Stage 1.2 Reviewed,,,info@tranzmeo.com,General,General,https://www.tranzmeo.com/,Official Website,Publicly published functional business email on this page.,High,General Business,Multiple Public Emails Found,Completed - Email Found,
Tranzmeo,0484-4033744,www.tranzmeo.com,,https://infopark.in/companies-profile/tranzmeo,https://infopark.in/jobs/157,https://infopark.in/companies,,Low,Low,Unknown,Unknown,Low,"No domain information is available in the Infopark directory, so software-development relevance cannot be established.",Not a developer target,Stage 1.1 Classified,Domain field is blank; developer relevance is uncertain from available directory data.,Medium,The Infopark card has no domain information. It is retained as a lower-confidence target rather than excluded without evidence.,Stage 1.2 Reviewed,,,support@tranzmeo.com,Other,Secondary,https://www.tranzmeo.com/,Official Website,Publicly published functional business email on this page.,High,Other Business,Multiple Public Emails Found,Completed - Email Found,
Travancore Analytics Pvt.Ltd.,9188955501,www.travancoreanalytics.com,,https://infopark.in/companies-profile/travancore-analytics-pvt-ltd,https://infopark.in/jobs/144,https://infopark.in/companies,,Low,Low,Unknown,Unknown,Low,"No domain information is available in the Infopark directory, so software-development relevance cannot be established.",Not a developer target,Stage 1.1 Classified,Domain field is blank; developer relevance is uncertain from available directory data.,Medium,The Infopark card has no domain information. It is retained as a lower-confidence target rather than excluded without evidence.,Stage 1.2 Reviewed,,,careers@travancoreanalytics.com,Careers,Primary,https://infopark.in/companies-profile/travancore-analytics-pvt-ltd,Official Infopark Directory,Publicly published functional business email on this page.,High,Hiring Relevant,Email Found,Completed - Email Found,
Tukxi India Private Ltd,,www.tukxi.in,,https://infopark.in/companies-profile/tukxi-india-private-ltd,https://infopark.in/jobs/444,https://infopark.in/companies,,Low,Low,Unknown,Unknown,Low,"No domain information is available in the Infopark directory, so software-development relevance cannot be established.",Not a developer target,Stage 1.1 Classified,Domain field is blank; developer relevance is uncertain from available directory data.,Medium,The Infopark card has no domain information. It is retained as a lower-confidence target rather than excluded without evidence.,Stage 1.2 Reviewed,,,support@tukxi.in,Other,Secondary,https://infopark.in/companies-profile/tukxi-india-private-ltd,Official Infopark Directory,Publicly published functional business email on this page.,High,Other Business,Email Found,Completed - Email Found,"Could not access https://www.tukxi.in/: ReadTimeout: HTTPSConnectionPool(host='www.tukxi.in', port=443): Read timed out. (read timeout=10)"
Turqosoft Solutions Pvt. Ltd.,+91 98412 05845,www.turqosoft.com,ERP | Mobile Application Development,https://infopark.in/companies-profile/turqosoft-solutions-pvt-ltd,https://infopark.in/jobs/440,https://infopark.in/companies,,High,High,Software Development / Mobile Development,"Software Developer, Software Engineer, Application Developer, Mobile Developer",High,Available Infopark domain information explicitly includes software or application development.,Developer / Software Engineer application,Stage 1.1 Classified,,High,"Stage 1.1 identifies explicit software, web, mobile, or application-development evidence in the Infopark domain field.",Stage 1.2 Reviewed,,,info@turqosoft.com,General,General,https://www.turqosoft.com/,Official Website,Publicly published functional business email on this page.,High,General Business,Email Found,Completed - Email Found,
Tuttifrutti Games Pvt Ltd,9446435606,www.tuttifrutti.in,,https://infopark.in/companies-profile/tuttifrutti-games-pvt-ltd,https://infopark.in/jobs/203,https://infopark.in/companies,,Low,Low,Unknown,Unknown,Low,"No domain information is available in the Infopark directory, so software-development relevance cannot be established.",Not a developer target,Stage 1.1 Classified,Domain field is blank; developer relevance is uncertain from available directory data.,Medium,The Infopark card has no domain information. It is retained as a lower-confidence target rather than excluded without evidence.,Stage 1.2 Reviewed,,,,,,,,,,,No Public Email Found,Completed - No Public Email,
Unilaw Global Private Limited,+91 99950 45717,www.unilawtech.com,UI/UX Design & Development | Networking & IT Infrastructure | Cloud Computing | Enterprise Solutions | Software Development,https://infopark.in/companies-profile/unilaw-global-private-limited,https://infopark.in/jobs/496,https://infopark.in/companies,,High,High,Software Development / Cloud / Infrastructure / Digital Technology,"Software Developer, Software Engineer, Application Developer, DevOps / Cloud Engineer",High,Available Infopark domain information explicitly includes software or application development.,Developer / Software Engineer application,Stage 1.1 Classified,,High,"Stage 1.1 identifies explicit software, web, mobile, or application-development evidence in the Infopark domain field.",Stage 1.2 Reviewed,,,hr@unilawtech.com,HR,Primary,https://www.unilawtech.com/career,Official Careers Page,Publicly published functional business email on this page.,High,Hiring Relevant,Multiple Public Emails Found,Completed - Email Found,
Unilaw Global Private Limited,+91 99950 45717,www.unilawtech.com,UI/UX Design & Development | Networking & IT Infrastructure | Cloud Computing | Enterprise Solutions | Software Development,https://infopark.in/companies-profile/unilaw-global-private-limited,https://infopark.in/jobs/496,https://infopark.in/companies,,High,High,Software Development / Cloud / Infrastructure / Digital Technology,"Software Developer, Software Engineer, Application Developer, DevOps / Cloud Engineer",High,Available Infopark domain information explicitly includes software or application development.,Developer / Software Engineer application,Stage 1.1 Classified,,High,"Stage 1.1 identifies explicit software, web, mobile, or application-development evidence in the Infopark domain field.",Stage 1.2 Reviewed,,,info@unilawtech.com,General,General,https://www.unilawtech.com/,Official Website,Publicly published functional business email on this page.,High,General Business,Multiple Public Emails Found,Completed - Email Found,
UROLIME,0484-2984589,www.urolime.com,IT Consulting & Managed Services,https://infopark.in/companies-profile/urolime-technologies-private-limited,https://infopark.in/jobs/118,https://infopark.in/companies,,High,Medium,Technology Consulting,Other Technical Role,Medium,"Available Infopark domain information indicates a technology-focused business, but does not clearly establish software-development work.",Technical role inquiry,Stage 1.1 Classified,Developer relevance uncertain from available directory data.,Medium,"The Infopark domain indicates technology-related work, but the saved evidence does not clearly establish central software-development work.",Stage 1.2 Reviewed,,,hr@urolime.com,HR,Primary,https://infopark.in/companies-profile/urolime-technologies-private-limited,Official Infopark Directory,Publicly published functional business email on this page.,High,Hiring Relevant,Email Found,Completed - Email Found,
US Technology International Pvt Ltd,0484-4040000,www.ust.com,,https://infopark.in/companies-profile/us-technology-international-pvt-ltd,https://infopark.in/jobs/19,https://infopark.in/companies,,Low,Low,Unknown,Unknown,Low,"No domain information is available in the Infopark directory, so software-development relevance cannot be established.",Not a developer target,Stage 1.1 Classified,Domain field is blank; developer relevance is uncertain from available directory data.,Medium,The Infopark card has no domain information. It is retained as a lower-confidence target rather than excluded without evidence.,Stage 1.2 Reviewed,,,info@ust-global.com,General,General,https://infopark.in/companies-profile/us-technology-international-pvt-ltd,Official Infopark Directory,Publicly published functional business email on this page.,High,General Business,Email Found,Completed - Email Found,
Vaisesika Consulting Private Limited,8547432502,vaisesikaconsulting.com,,https://infopark.in/companies-profile/vaisesika-consulting-private-limited,https://infopark.in/jobs/198,https://infopark.in/companies,,Low,Low,Unknown,Unknown,Low,"No domain information is available in the Infopark directory, so software-development relevance cannot be established.",Not a developer target,Stage 1.1 Classified,Domain field is blank; developer relevance is uncertain from available directory data.,Medium,The Infopark card has no domain information. It is retained as a lower-confidence target rather than excluded without evidence.,Stage 1.2 Reviewed,,,careers@vaisesika.com,Careers,Primary,https://vaisesikaconsulting.com/careers/,Official Careers Page,Publicly published functional business email on this page.,High,Hiring Relevant,Email Found,Completed - Email Found,
ValueMentor Infosec Pvt. Ltd.,+919745037742,www.valuementor.com,,https://infopark.in/companies-profile/valuementor-infosec-pvt-ltd,https://infopark.in/jobs/73,https://infopark.in/companies,,Low,Low,Unknown,Unknown,Low,"No domain information is available in the Infopark directory, so software-development relevance cannot be established.",Not a developer target,Stage 1.1 Classified,Domain field is blank; developer relevance is uncertain from available directory data.,Medium,The Infopark card has no domain information. It is retained as a lower-confidence target rather than excluded without evidence.,Stage 1.2 Reviewed,,,sales@valuementor.com,Other,Secondary,https://valuementor.com/,Official Website,Publicly published functional business email on this page.,High,Other Business,Email Found,Completed - Email Found,
Varishtha Infotech Services Pvt Ltd.,+971 58 5049701,www.varishthainfotech.com,,https://infopark.in/companies-profile/varishtha-infotech-services-pvt-ltd,https://infopark.in/jobs/419,https://infopark.in/companies,,Low,Low,Unknown,Unknown,Low,"No domain information is available in the Infopark directory, so software-development relevance cannot be established.",Not a developer target,Stage 1.1 Classified,Domain field is blank; developer relevance is uncertain from available directory data.,Medium,The Infopark card has no domain information. It is retained as a lower-confidence target rather than excluded without evidence.,Stage 1.2 Reviewed,,,,,,,,,,,No Public Email Found,Completed - No Public Email,
Veeble SoftTech (P) Ltd.,7012099465,www.veeble.com,,https://infopark.in/companies-profile/veeble-softtech-p-ltd,https://infopark.in/jobs/220,https://infopark.in/companies,,Low,Low,Unknown,Unknown,Low,"No domain information is available in the Infopark directory, so software-development relevance cannot be established.",Not a developer target,Stage 1.1 Classified,Domain field is blank; developer relevance is uncertain from available directory data.,Medium,The Infopark card has no domain information. It is retained as a lower-confidence target rather than excluded without evidence.,Stage 1.2 Reviewed,,,careers@veeble.com,Careers,Primary,https://infopark.in/companies-profile/veeble-softtech-p-ltd,Official Infopark Directory,Publicly published functional business email on this page.,High,Hiring Relevant,Email Found,Completed - Email Found,
"Verteil Technologies Private Limited,",+91-484-4019970,www.verteil.com,,https://infopark.in/companies-profile/verteil-technologies-private-limited,https://infopark.in/jobs/265,https://infopark.in/companies,,Low,Low,Unknown,Unknown,Low,"No domain information is available in the Infopark directory, so software-development relevance cannot be established.",Not a developer target,Stage 1.1 Classified,Domain field is blank; developer relevance is uncertain from available directory data.,Medium,The Infopark card has no domain information. It is retained as a lower-confidence target rather than excluded without evidence.,Stage 1.2 Reviewed,,,contact@verteil.com,General,General,https://www.verteil.com/,Official Website,Publicly published functional business email on this page.,High,General Business,Email Found,Completed - Email Found,
Viewy Digital P(Ltd),00914842331101,www.viewydigital.com,AI | Robotics | Open Source,https://infopark.in/companies-profile/viewy-digital-p-ltd,https://infopark.in/jobs/232,https://infopark.in/companies,,High,Medium,AI / Machine Learning,Data / AI Engineer,Medium,"Available Infopark domain information indicates a technology-focused business, but does not clearly establish software-development work.",Technical role inquiry,Stage 1.1 Classified,Developer relevance uncertain from available directory data.,Medium,"The Infopark domain indicates technology-related work, but the saved evidence does not clearly establish central software-development work.",Stage 1.2 Reviewed,,,info@viewydigital.com,General,General,https://infopark.in/companies-profile/viewy-digital-p-ltd,Official Infopark Directory,Publicly published functional business email on this page.,High,General Business,Email Found,Completed - Email Found,
Violet Frames,9744403855,www.violetframes.com,,https://infopark.in/companies-profile/violet-frames,https://infopark.in/jobs/465,https://infopark.in/companies,,Low,Low,Unknown,Unknown,Low,"No domain information is available in the Infopark directory, so software-development relevance cannot be established.",Not a developer target,Stage 1.1 Classified,Domain field is blank; developer relevance is uncertain from available directory data.,Medium,The Infopark card has no domain information. It is retained as a lower-confidence target rather than excluded without evidence.,Stage 1.2 Reviewed,,,info@violetframes.com,General,General,https://violetframes.com/,Official Website,Publicly published functional business email on this page.,High,General Business,Email Found,Completed - Email Found,
VIPoint Solutions Pvt Ltd,484-4050222,www.vipointsolutions.net,,https://infopark.in/companies-profile/vipoint-solutions-pvt-ltd,https://infopark.in/jobs/62,https://infopark.in/companies,,Low,Low,Unknown,Unknown,Low,"No domain information is available in the Infopark directory, so software-development relevance cannot be established.",Not a developer target,Stage 1.1 Classified,Domain field is blank; developer relevance is uncertain from available directory data.,Medium,The Infopark card has no domain information. It is retained as a lower-confidence target rather than excluded without evidence.,Stage 1.2 Reviewed,,,hr@vipointsolutions.net,HR,Primary,https://infopark.in/companies-profile/vipoint-solutions-pvt-ltd,Official Infopark Directory,Publicly published functional business email on this page.,High,Hiring Relevant,Email Found,Completed - Email Found,
Virtual Impulse Technologies,+91 9847670036,https://vimptech.com/,Software Development | UI/UX Design & Development | Customer Support & Helpdesk Services,https://infopark.in/companies-profile/virtual-impulse-technologies,https://infopark.in/jobs/398,https://infopark.in/companies,,High,High,Software Development / Digital Technology,"Software Developer, Software Engineer, Application Developer",High,Available Infopark domain information explicitly includes software or application development.,Developer / Software Engineer application,Stage 1.1 Classified,,High,"Stage 1.1 identifies explicit software, web, mobile, or application-development evidence in the Infopark domain field.",Stage 1.2 Reviewed,,,,,,,,,,,No Public Email Found,Completed - No Public Email,
Virtual Sys Technologies,0478-2554004,virtualsystechnologies.com,,https://infopark.in/companies-profile/virtual-sys-technologies,https://infopark.in/jobs/81,https://infopark.in/companies,,Low,Low,Unknown,Unknown,Low,"No domain information is available in the Infopark directory, so software-development relevance cannot be established.",Not a developer target,Stage 1.1 Classified,Domain field is blank; developer relevance is uncertain from available directory data.,Medium,The Infopark card has no domain information. It is retained as a lower-confidence target rather than excluded without evidence.,Stage 1.2 Reviewed,,,info@vstbiz.com,General,General,https://virtualsystechnologies.com/,Official Website,Publicly published functional business email on this page.,High,General Business,Email Found,Completed - Email Found,
Vistas Global Intellect Private Limited,+918138914366,vistasglobal.com,Customer Support & Helpdesk Services | Finance & Accounting Services | BIM (Building Information Modeling) Solutions | UI/UX Design & Development | Enterprise Solutions,https://infopark.in/companies-profile/vistas-global-intellect-private-limited,https://infopark.in/jobs/492,https://infopark.in/companies,,Medium,Medium,Digital Technology,Other Technical Role,Medium,"Available Infopark domain information indicates digital or e-commerce work, but does not clearly establish software-development work.",General technology job inquiry,Stage 1.1 Classified,Developer relevance uncertain from available directory data.,Medium,"The Infopark domain indicates technology-related work, but the saved evidence does not clearly establish central software-development work.",Stage 1.2 Reviewed,,,info@vistasglobal.com,General,General,https://www.vistasglobal.com/contact,Official Contact Page,Publicly published functional business email on this page.,High,General Business,Email Found,Completed - Email Found,
Vivish Technologies Private Limited,,mygate.com,Networking & IT Infrastructure | Software Development,https://infopark.in/companies-profile/vivish-technologies-private-limited,https://infopark.in/jobs/537,https://infopark.in/companies,,High,High,Software Development / Cloud / Infrastructure,"Software Developer, Software Engineer, Application Developer, DevOps / Cloud Engineer",High,Available Infopark domain information explicitly includes software or application development.,Developer / Software Engineer application,Stage 1.1 Classified,,High,"Stage 1.1 identifies explicit software, web, mobile, or application-development evidence in the Infopark domain field.",Stage 1.2 Reviewed,,,hr@mygate.in,HR,Primary,https://infopark.in/companies-profile/vivish-technologies-private-limited,Official Infopark Directory,Publicly published functional business email on this page.,High,Hiring Relevant,Email Found,Completed - Email Found,
Vortexen Dynamics,+918848850414,www.vortexen.com,,https://infopark.in/companies-profile/vortexen-dynamics,https://infopark.in/jobs/411,https://infopark.in/companies,,Low,Low,Unknown,Unknown,Low,"No domain information is available in the Infopark directory, so software-development relevance cannot be established.",Not a developer target,Stage 1.1 Classified,Domain field is blank; developer relevance is uncertain from available directory data.,Medium,The Infopark card has no domain information. It is retained as a lower-confidence target rather than excluded without evidence.,Stage 1.2 Reviewed,,,office@vortexen.com,General,General,https://vortexen.com/,Official Website,Publicly published functional business email on this page.,High,General Business,Email Found,Completed - Email Found,
Voxtron Solutions LLP,+91-7356218111,www.voxtronme.com,,https://infopark.in/companies-profile/voxtron-solutions-llp,https://infopark.in/jobs/336,https://infopark.in/companies,,Low,Low,Unknown,Unknown,Low,"No domain information is available in the Infopark directory, so software-development relevance cannot be established.",Not a developer target,Stage 1.1 Classified,Domain field is blank; developer relevance is uncertain from available directory data.,Medium,The Infopark card has no domain information. It is retained as a lower-confidence target rather than excluded without evidence.,Stage 1.2 Reviewed,,,,,,,,,,,No Public Email Found,Completed - No Public Email,
Voyager IT Solutions Pvt Ltd,+91 478 2553310,www.itvoyager.com,,https://infopark.in/companies-profile/voyager-it-solutions-pvt-ltd,https://infopark.in/jobs/90,https://infopark.in/companies,,Low,Low,Unknown,Unknown,Low,"No domain information is available in the Infopark directory, so software-development relevance cannot be established.",Not a developer target,Stage 1.1 Classified,Domain field is blank; developer relevance is uncertain from available directory data.,Medium,The Infopark card has no domain information. It is retained as a lower-confidence target rather than excluded without evidence.,Stage 1.2 Reviewed,,,hr@itvoyager.com,HR,Primary,https://www.itvoyager.com/,Official Website,Publicly published functional business email on this page.,High,Hiring Relevant,Multiple Public Emails Found,Completed - Email Found,
Voyager IT Solutions Pvt Ltd,+91 478 2553310,www.itvoyager.com,,https://infopark.in/companies-profile/voyager-it-solutions-pvt-ltd,https://infopark.in/jobs/90,https://infopark.in/companies,,Low,Low,Unknown,Unknown,Low,"No domain information is available in the Infopark directory, so software-development relevance cannot be established.",Not a developer target,Stage 1.1 Classified,Domain field is blank; developer relevance is uncertain from available directory data.,Medium,The Infopark card has no domain information. It is retained as a lower-confidence target rather than excluded without evidence.,Stage 1.2 Reviewed,,,info@itvoyager.com,General,General,https://www.itvoyager.com/,Official Website,Publicly published functional business email on this page.,High,General Business,Multiple Public Emails Found,Completed - Email Found,
Voyager IT Solutions Pvt Ltd,+91 478 2553310,www.itvoyager.com,,https://infopark.in/companies-profile/voyager-it-solutions-pvt-ltd,https://infopark.in/jobs/90,https://infopark.in/companies,,Low,Low,Unknown,Unknown,Low,"No domain information is available in the Infopark directory, so software-development relevance cannot be established.",Not a developer target,Stage 1.1 Classified,Domain field is blank; developer relevance is uncertain from available directory data.,Medium,The Infopark card has no domain information. It is retained as a lower-confidence target rather than excluded without evidence.,Stage 1.2 Reviewed,,,sales@itvoyager.com,Other,Secondary,https://www.itvoyager.com/,Official Website,Publicly published functional business email on this page.,High,Other Business,Multiple Public Emails Found,Completed - Email Found,
Voyager IT Solutions Pvt Ltd,+91 478 2553310,www.itvoyager.com,,https://infopark.in/companies-profile/voyager-it-solutions-pvt-ltd,https://infopark.in/jobs/90,https://infopark.in/companies,,Low,Low,Unknown,Unknown,Low,"No domain information is available in the Infopark directory, so software-development relevance cannot be established.",Not a developer target,Stage 1.1 Classified,Domain field is blank; developer relevance is uncertain from available directory data.,Medium,The Infopark card has no domain information. It is retained as a lower-confidence target rather than excluded without evidence.,Stage 1.2 Reviewed,,,support@gmail.com,Other,Secondary,https://www.itvoyager.com/,Official Website,Publicly published functional business email on this page.,High,Other Business,Multiple Public Emails Found,Completed - Email Found,
Voyager IT Solutions Pvt Ltd,+91 478 2553310,www.itvoyager.com,,https://infopark.in/companies-profile/voyager-it-solutions-pvt-ltd,https://infopark.in/jobs/90,https://infopark.in/companies,,Low,Low,Unknown,Unknown,Low,"No domain information is available in the Infopark directory, so software-development relevance cannot be established.",Not a developer target,Stage 1.1 Classified,Domain field is blank; developer relevance is uncertain from available directory data.,Medium,The Infopark card has no domain information. It is retained as a lower-confidence target rather than excluded without evidence.,Stage 1.2 Reviewed,,,support@itvoyager.com,Other,Secondary,https://www.itvoyager.com/,Official Website,Publicly published functional business email on this page.,High,Other Business,Multiple Public Emails Found,Completed - Email Found,
Voyon Technology Pvt Ltd,06282685797,www.voyonfolks.com,,https://infopark.in/companies-profile/voyon-technology-pvt-ltd,https://infopark.in/jobs/372,https://infopark.in/companies,,Low,Low,Unknown,Unknown,Low,"No domain information is available in the Infopark directory, so software-development relevance cannot be established.",Not a developer target,Stage 1.1 Classified,Domain field is blank; developer relevance is uncertain from available directory data.,Medium,The Infopark card has no domain information. It is retained as a lower-confidence target rather than excluded without evidence.,Stage 1.2 Reviewed,,,careers@voyon.net,Careers,Primary,https://infopark.in/companies-profile/voyon-technology-pvt-ltd,Official Infopark Directory,Publicly published functional business email on this page.,High,Hiring Relevant,Email Found,Completed - Email Found,
Vtrio Solutions Private Limited,91-9656600307,www.vtrio.com,,https://infopark.in/companies-profile/vtrio-solutions-private-limited,https://infopark.in/jobs/119,https://infopark.in/companies,,Low,Low,Unknown,Unknown,Low,"No domain information is available in the Infopark directory, so software-development relevance cannot be established.",Not a developer target,Stage 1.1 Classified,Domain field is blank; developer relevance is uncertain from available directory data.,Medium,The Infopark card has no domain information. It is retained as a lower-confidence target rather than excluded without evidence.,Stage 1.2 Reviewed,,,hr@vtrio.com,HR,Primary,https://www.vtrio.com/career,Official Careers Page,Publicly published functional business email on this page.,High,Hiring Relevant,Email Found,Completed - Email Found,
VVDN Technologies Pvt Ltd,+91 9778642081,www.vvdntech.com,,https://infopark.in/companies-profile/vvdn-technologies-pvt-ltd,https://infopark.in/jobs/388,https://infopark.in/companies,,Low,Low,Unknown,Unknown,Low,"No domain information is available in the Infopark directory, so software-development relevance cannot be established.",Not a developer target,Stage 1.1 Classified,Domain field is blank; developer relevance is uncertain from available directory data.,Medium,The Infopark card has no domain information. It is retained as a lower-confidence target rather than excluded without evidence.,Stage 1.2 Reviewed,,,info@vvdntech.com,General,General,https://infopark.in/companies-profile/vvdn-technologies-pvt-ltd,Official Infopark Directory,Publicly published functional business email on this page.,High,General Business,Email Found,Completed - Email Found,
Wazeefa1 Technologies Pvt. Ltd.,"+91-487-2970765, +91-9188339903",www.wazeefa.in,Software Development | Digital Marketing & Content Services | UI/UX Design & Development | IT Consulting & Managed Services,https://infopark.in/companies-profile/wazeefa1-technologies-pvt-ltd,https://infopark.in/jobs/108,https://infopark.in/companies,,High,High,Software Development / Technology Consulting / Digital Technology,"Software Developer, Software Engineer, Application Developer",High,Available Infopark domain information explicitly includes software or application development.,Developer / Software Engineer application,Stage 1.1 Classified,,High,"Stage 1.1 identifies explicit software, web, mobile, or application-development evidence in the Infopark domain field.",Stage 1.2 Reviewed,,,info@wazeefa.in,General,General,https://www.wazeefa.in/,Official Website,Publicly published functional business email on this page.,High,General Business,Email Found,Completed - Email Found,
Webandcrafts,+91 480 2733999,www.webandcrafts.com,,https://infopark.in/companies-profile/webandcrafts,https://infopark.in/jobs/105,https://infopark.in/companies,,Low,Low,Unknown,Unknown,Low,"No domain information is available in the Infopark directory, so software-development relevance cannot be established.",Not a developer target,Stage 1.1 Classified,Domain field is blank; developer relevance is uncertain from available directory data.,Medium,The Infopark card has no domain information. It is retained as a lower-confidence target rather than excluded without evidence.,Stage 1.2 Reviewed,,,info@webandcrafts.com,General,General,https://webandcrafts.com/,Official Website,Publicly published functional business email on this page.,High,General Business,Email Found,Completed - Email Found,
Webdura Technologies,8714746555,www.webduratech.com,,https://infopark.in/companies-profile/webdura-technologies,https://infopark.in/jobs/187,https://infopark.in/companies,,Low,Low,Unknown,Unknown,Low,"No domain information is available in the Infopark directory, so software-development relevance cannot be established.",Not a developer target,Stage 1.1 Classified,Domain field is blank; developer relevance is uncertain from available directory data.,Medium,The Infopark card has no domain information. It is retained as a lower-confidence target rather than excluded without evidence.,Stage 1.2 Reviewed,,,accounts@webduratech.com,Other,Secondary,https://www.webdura.in/,Official Website,Publicly published functional business email on this page.,High,Other Business,Multiple Public Emails Found,Completed - Email Found,
Webdura Technologies,8714746555,www.webduratech.com,,https://infopark.in/companies-profile/webdura-technologies,https://infopark.in/jobs/187,https://infopark.in/companies,,Low,Low,Unknown,Unknown,Low,"No domain information is available in the Infopark directory, so software-development relevance cannot be established.",Not a developer target,Stage 1.1 Classified,Domain field is blank; developer relevance is uncertain from available directory data.,Medium,The Infopark card has no domain information. It is retained as a lower-confidence target rather than excluded without evidence.,Stage 1.2 Reviewed,,,careers@webduratech.com,Careers,Primary,https://www.webdura.in/,Official Website,Publicly published functional business email on this page.,High,Hiring Relevant,Multiple Public Emails Found,Completed - Email Found,
Webdura Technologies,8714746555,www.webduratech.com,,https://infopark.in/companies-profile/webdura-technologies,https://infopark.in/jobs/187,https://infopark.in/companies,,Low,Low,Unknown,Unknown,Low,"No domain information is available in the Infopark directory, so software-development relevance cannot be established.",Not a developer target,Stage 1.1 Classified,Domain field is blank; developer relevance is uncertain from available directory data.,Medium,The Infopark card has no domain information. It is retained as a lower-confidence target rather than excluded without evidence.,Stage 1.2 Reviewed,,,contact@webdura.in,General,General,https://www.webdura.in/,Official Website,Publicly published functional business email on this page.,High,General Business,Multiple Public Emails Found,Completed - Email Found,
White Rabbit Group,6282370765,https://whiterabbit.group/,,https://infopark.in/companies-profile/white-rabbit-group,https://infopark.in/jobs/149,https://infopark.in/companies,,Low,Low,Unknown,Unknown,Low,"No domain information is available in the Infopark directory, so software-development relevance cannot be established.",Not a developer target,Stage 1.1 Classified,Domain field is blank; developer relevance is uncertain from available directory data.,Medium,The Infopark card has no domain information. It is retained as a lower-confidence target rather than excluded without evidence.,Stage 1.2 Reviewed,,,careers@whiterabbit.group,Careers,Primary,https://whiterabbit.group/careers,Official Careers Page,Publicly published functional business email on this page.,High,Hiring Relevant,Multiple Public Emails Found,Completed - Email Found,
White Rabbit Group,6282370765,https://whiterabbit.group/,,https://infopark.in/companies-profile/white-rabbit-group,https://infopark.in/jobs/149,https://infopark.in/companies,,Low,Low,Unknown,Unknown,Low,"No domain information is available in the Infopark directory, so software-development relevance cannot be established.",Not a developer target,Stage 1.1 Classified,Domain field is blank; developer relevance is uncertain from available directory data.,Medium,The Infopark card has no domain information. It is retained as a lower-confidence target rather than excluded without evidence.,Stage 1.2 Reviewed,,,hello@whiterabbit.group,General,General,https://whiterabbit.group/,Official Website,Publicly published functional business email on this page.,High,General Business,Multiple Public Emails Found,Completed - Email Found,
Windfall Productions Pvt.Ltd.,9072312681,www.windfallproductions.org,,https://infopark.in/companies-profile/windfall-productions-pvt-ltd,https://infopark.in/jobs/122,https://infopark.in/companies,,Low,Low,Unknown,Unknown,Low,"No domain information is available in the Infopark directory, so software-development relevance cannot be established.",Not a developer target,Stage 1.1 Classified,Domain field is blank; developer relevance is uncertain from available directory data.,Medium,The Infopark card has no domain information. It is retained as a lower-confidence target rather than excluded without evidence.,Stage 1.2 Reviewed,,,hr@windfallproductions.org,HR,Primary,https://www.windfallproductions.org/career,Official Careers Page,Publicly published functional business email on this page.,High,Hiring Relevant,Multiple Public Emails Found,Completed - Email Found,
Windfall Productions Pvt.Ltd.,9072312681,www.windfallproductions.org,,https://infopark.in/companies-profile/windfall-productions-pvt-ltd,https://infopark.in/jobs/122,https://infopark.in/companies,,Low,Low,Unknown,Unknown,Low,"No domain information is available in the Infopark directory, so software-development relevance cannot be established.",Not a developer target,Stage 1.1 Classified,Domain field is blank; developer relevance is uncertain from available directory data.,Medium,The Infopark card has no domain information. It is retained as a lower-confidence target rather than excluded without evidence.,Stage 1.2 Reviewed,,,info@windfallproductions.org,General,General,https://www.windfallproductions.org/,Official Website,Publicly published functional business email on this page.,High,General Business,Multiple Public Emails Found,Completed - Email Found,
Wipro Limited,0484-4320685,www.wipro.com,,https://infopark.in/companies-profile/wipro-limited,https://infopark.in/jobs/121,https://infopark.in/companies,,Low,Low,Unknown,Unknown,Low,"No domain information is available in the Infopark directory, so software-development relevance cannot be established.",Not a developer target,Stage 1.1 Classified,Domain field is blank; developer relevance is uncertain from available directory data.,Medium,The Infopark card has no domain information. It is retained as a lower-confidence target rather than excluded without evidence.,Stage 1.2 Reviewed,,,,,,,,,,,No Public Email Found,Completed - No Public Email,
WOC Branding Systems Pvt Ltd,+91 9447306003,www.wocbranding.com,,https://infopark.in/companies-profile/woc-branding-systems-pvt-ltd,https://infopark.in/jobs/246,https://infopark.in/companies,,Low,Low,Unknown,Unknown,Low,"No domain information is available in the Infopark directory, so software-development relevance cannot be established.",Not a developer target,Stage 1.1 Classified,Domain field is blank; developer relevance is uncertain from available directory data.,Medium,The Infopark card has no domain information. It is retained as a lower-confidence target rather than excluded without evidence.,Stage 1.2 Reviewed,,,hr@wocbranding.com,HR,Primary,https://wocbranding.com/careers,Official Careers Page,Publicly published functional business email on this page.,High,Hiring Relevant,Email Found,Completed - Email Found,
WORKSENT TECHNOLOGIES PVT LTD,79941677773,www.worksent.com,,https://infopark.in/companies-profile/worksent-technologies-pvt-ltd,https://infopark.in/jobs/164,https://infopark.in/companies,,Low,Low,Unknown,Unknown,Low,"No domain information is available in the Infopark directory, so software-development relevance cannot be established.",Not a developer target,Stage 1.1 Classified,Domain field is blank; developer relevance is uncertain from available directory data.,Medium,The Infopark card has no domain information. It is retained as a lower-confidence target rather than excluded without evidence.,Stage 1.2 Reviewed,,,careers@worksent.com,Careers,Primary,https://infopark.in/companies-profile/worksent-technologies-pvt-ltd,Official Infopark Directory,Publicly published functional business email on this page.,High,Hiring Relevant,Email Found,Completed - Email Found,
Woxro,+91 480 2081730,www.woxro.com,,https://infopark.in/companies-profile/woxro,https://infopark.in/jobs/399,https://infopark.in/companies,,Low,Low,Unknown,Unknown,Low,"No domain information is available in the Infopark directory, so software-development relevance cannot be established.",Not a developer target,Stage 1.1 Classified,Domain field is blank; developer relevance is uncertain from available directory data.,Medium,The Infopark card has no domain information. It is retained as a lower-confidence target rather than excluded without evidence.,Stage 1.2 Reviewed,,,hello@woxro.com,General,General,https://www.woxro.com/,Official Website,Publicly published functional business email on this page.,High,General Business,Email Found,Completed - Email Found,
Yatnam Technologies,+91484-404-9024,www.yatnam.com,,https://infopark.in/companies-profile/yatnam-technologies,https://infopark.in/jobs/413,https://infopark.in/companies,,Low,Low,Unknown,Unknown,Low,"No domain information is available in the Infopark directory, so software-development relevance cannot be established.",Not a developer target,Stage 1.1 Classified,Domain field is blank; developer relevance is uncertain from available directory data.,Medium,The Infopark card has no domain information. It is retained as a lower-confidence target rather than excluded without evidence.,Stage 1.2 Reviewed,,,careers@yatnam.com,Careers,Primary,https://yatnam.com/career-opportunities/,Official Careers Page,Publicly published functional business email on this page.,High,Hiring Relevant,Email Found,Completed - Email Found,
Yavun Technologies,9654765276,www.webcontentor.com,,https://infopark.in/companies-profile/yavun-technologies,https://infopark.in/jobs/389,https://infopark.in/companies,,Low,Low,Unknown,Unknown,Low,"No domain information is available in the Infopark directory, so software-development relevance cannot be established.",Not a developer target,Stage 1.1 Classified,Domain field is blank; developer relevance is uncertain from available directory data.,Medium,The Infopark card has no domain information. It is retained as a lower-confidence target rather than excluded without evidence.,Stage 1.2 Reviewed,,,,,,,,,,,No Public Email Found,Completed - No Public Email,
Yellowfish Digital Innovations Pvt Ltd.,,www.yellowfish.in,ERP | Open Source | AI,https://infopark.in/companies-profile/yellowfish-digital-innovations-pvt-ltd,https://infopark.in/jobs/256,https://infopark.in/companies,,High,Medium,AI / Machine Learning,Data / AI Engineer,Medium,"Available Infopark domain information indicates a technology-focused business, but does not clearly establish software-development work.",Technical role inquiry,Stage 1.1 Classified,Developer relevance uncertain from available directory data.,Medium,"The Infopark domain indicates technology-related work, but the saved evidence does not clearly establish central software-development work.",Stage 1.2 Reviewed,,,hr@yellowfish.in,HR,Primary,https://infopark.in/companies-profile/yellowfish-digital-innovations-pvt-ltd,Official Infopark Directory,Publicly published functional business email on this page.,High,Hiring Relevant,Email Found,Completed - Email Found,
Ynot Infosolutions,+91 9544885558,www.ynotinfo.com,,https://infopark.in/companies-profile/ynot-infosolutions,https://infopark.in/jobs/262,https://infopark.in/companies,,Low,Low,Unknown,Unknown,Low,"No domain information is available in the Infopark directory, so software-development relevance cannot be established.",Not a developer target,Stage 1.1 Classified,Domain field is blank; developer relevance is uncertain from available directory data.,Medium,The Infopark card has no domain information. It is retained as a lower-confidence target rather than excluded without evidence.,Stage 1.2 Reviewed,,,hr@ynotinfo.com,HR,Primary,https://infopark.in/companies-profile/ynot-infosolutions,Official Infopark Directory,Publicly published functional business email on this page.,High,Hiring Relevant,Email Found,Completed - Email Found,
YOUGotaGift Pvt Ltd,+91 9895482001,www.yougotagift.com,IT Consulting & Managed Services | UI/UX Design & Development | Networking & IT Infrastructure | Software Development,https://infopark.in/companies-profile/yougotagift-pvt-ltd,https://infopark.in/jobs/482,https://infopark.in/companies,,High,High,Software Development / Cloud / Infrastructure / Technology Consulting / Digital Technology,"Software Developer, Software Engineer, Application Developer, DevOps / Cloud Engineer",High,Available Infopark domain information explicitly includes software or application development.,Developer / Software Engineer application,Stage 1.1 Classified,,High,"Stage 1.1 identifies explicit software, web, mobile, or application-development evidence in the Infopark domain field.",Stage 1.2 Reviewed,,,,,,,,,,,No Public Email Found,Completed - No Public Email,
Zapare Technologies Private Limited,+91 811 388 55 44,www.zaparetech.com,,https://infopark.in/companies-profile/zapare-technologies-private-limited,https://infopark.in/jobs/137,https://infopark.in/companies,,Low,Low,Unknown,Unknown,Low,"No domain information is available in the Infopark directory, so software-development relevance cannot be established.",Not a developer target,Stage 1.1 Classified,Domain field is blank; developer relevance is uncertain from available directory data.,Medium,The Infopark card has no domain information. It is retained as a lower-confidence target rather than excluded without evidence.,Stage 1.2 Reviewed,,,hr@zaparetech.com,HR,Primary,https://infopark.in/companies-profile/zapare-technologies-private-limited,Official Infopark Directory,Publicly published functional business email on this page.,High,Hiring Relevant,Email Found,Completed - Email Found,
Zealogics IT Solutions,0484 4049055,www.zealogics.com,,https://infopark.in/companies-profile/zealogics-it-solutions,https://infopark.in/jobs/167,https://infopark.in/companies,,Low,Low,Unknown,Unknown,Low,"No domain information is available in the Infopark directory, so software-development relevance cannot be established.",Not a developer target,Stage 1.1 Classified,Domain field is blank; developer relevance is uncertain from available directory data.,Medium,The Infopark card has no domain information. It is retained as a lower-confidence target rather than excluded without evidence.,Stage 1.2 Reviewed,,,,,,,,,,,No Public Email Found,Completed - No Public Email,
Zellis HR India Pvt.Ltd.,+91 484 486 5758,www.zellis.com,,https://infopark.in/companies-profile/zellis-hr-india-pvt-ltd,https://infopark.in/jobs/177,https://infopark.in/companies,,Low,Low,Unknown,Unknown,Low,"No domain information is available in the Infopark directory, so software-development relevance cannot be established.",Not a developer target,Stage 1.1 Classified,Domain field is blank; developer relevance is uncertain from available directory data.,Medium,The Infopark card has no domain information. It is retained as a lower-confidence target rather than excluded without evidence.,Stage 1.2 Reviewed,,,,,,,,,,,No Public Email Found,Completed - No Public Email,
Zinbay India Pvt.Ltd.,+91 999 590 7220,www.zinbayindia.com,,https://infopark.in/companies-profile/zinbay-india-pvt-ltd,https://infopark.in/jobs/217,https://infopark.in/companies,,Low,Low,Unknown,Unknown,Low,"No domain information is available in the Infopark directory, so software-development relevance cannot be established.",Not a developer target,Stage 1.1 Classified,Domain field is blank; developer relevance is uncertain from available directory data.,Medium,The Infopark card has no domain information. It is retained as a lower-confidence target rather than excluded without evidence.,Stage 1.2 Reviewed,,,office@zinbay.in,General,General,https://infopark.in/companies-profile/zinbay-india-pvt-ltd,Official Infopark Directory,Publicly published functional business email on this page.,High,General Business,Email Found,Completed - Email Found,
ZineMind Technologies,,,,https://infopark.in/companies-profile/zinemind-technologies,https://infopark.in/jobs/77,https://infopark.in/companies,,Low,Low,Unknown,Unknown,Low,"No domain information is available in the Infopark directory, so software-development relevance cannot be established.",Not a developer target,Stage 1.1 Classified,Domain field is blank; developer relevance is uncertain from available directory data.,Medium,The Infopark card has no domain information. It is retained as a lower-confidence target rather than excluded without evidence.,Stage 1.2 Reviewed,,,,,,,,,,,No Public Email Found,Completed - No Public Email,No usable website URL in frozen target data.
Zoiteckh Informations Solutions,+91-7306892494,www.zoiteckh.com,,https://infopark.in/companies-profile/zoiteckh-informations-solutions,https://infopark.in/jobs/466,https://infopark.in/companies,,Low,Low,Unknown,Unknown,Low,"No domain information is available in the Infopark directory, so software-development relevance cannot be established.",Not a developer target,Stage 1.1 Classified,Domain field is blank; developer relevance is uncertain from available directory data.,Medium,The Infopark card has no domain information. It is retained as a lower-confidence target rather than excluded without evidence.,Stage 1.2 Reviewed,,,,,,,,,,,No Public Email Found,Completed - No Public Email,
